pl_name,pl_bmasse,pl_rade,pl_orbper,pl_eqt,st_mass,st_rad,st_teff
"Kepler-1513 b",48.30991786,8.59400000,160.88420000000,,0.943000,0.950000,5491.00
"TOI-4914 b",227.00000000,12.87000000,10.60057000000,894.00,1.030000,1.000000,5805.00
"TOI-237 c",,1.20600000,1.74486147000,515.00,0.169800,0.205600,3226.00
"TOI-1898 b",129.00000000,9.39553231,45.52234000000,674.54,1.248400,1.613100,6241.00
"KOI-351 f",,2.88000000,124.91440000000,,1.200000,1.200000,6080.00
"Kepler-1812 b",,2.32494240,7.16521978400,,1.162000,1.103000,6174.00
"Kepler-516 b",,5.74000000,24.85462415000,,1.620000,2.020000,7099.00
"Kepler-1685 b",,2.57673985,20.49050000000,,0.960000,0.835451,5484.00
"Kepler-299 e",,1.87000000,38.28548900000,,,1.032000,5617.00
"TOI-1749 b",57.00000000,1.39000000,2.38839000000,831.00,0.580000,0.550000,3985.00
"Kepler-406 b",6.35000000,1.43000000,2.42629000000,,1.070000,1.070000,5538.00
"Kepler-1215 b",,1.22000000,4.76703963000,,0.950000,0.930000,5616.00
"Kepler-82 c",13.90000000,5.34000000,51.54000000000,,0.910000,0.898000,
"Kepler-434 b",908.96000000,12.67000000,12.87470990000,1000.00,1.198000,1.380000,5977.00
"Kepler-1998 b",,0.60000000,3.03267135000,1187.00,0.962000,0.921000,5640.00
"Kepler-189 b",,1.21000000,10.39993100000,,,0.750000,5235.00
"Kepler-400 c",,1.49000000,17.34082400000,,,1.145000,5886.00
"Kepler-852 b",,2.54000000,44.93098040000,,1.190000,1.160000,6100.00
"Kepler-444 e",,0.54600000,7.74349300000,,0.758000,0.752000,5046.00
"WASP-89 b",1875.19700000,11.65736000,3.35642270000,1120.00,0.920000,0.880000,5130.00
"K2-415 b",7.50000000,1.01500000,4.01796940000,412.40,0.163500,0.196500,3173.00
"Kepler-328 c",39.40000000,5.40000000,71.31200000000,,1.150000,1.060000,
"HATS-13 b",172.58169000,13.58530800,3.04404990000,1244.00,0.962000,0.887000,5523.00
"Kepler-476 b",,3.08000000,14.00640607000,,1.030000,1.090000,5837.00
"HIP 94235 b",379.00000000,3.00000000,7.71305700000,1060.00,1.094000,1.080000,5991.00
"Kepler-763 d",,1.67000000,6.50327035000,804.00,0.800000,0.843000,4999.00
"Kepler-134 c",,1.26000000,10.10578500000,,,1.176000,5983.00
"HD 136352 c",11.24000000,2.91600000,27.59221000000,677.00,0.870000,1.058000,5664.00
"Kepler-359 b",,3.53000000,25.56322200000,,,1.086000,6248.00
"Kepler-777 b",,1.47000000,5.72812599000,,0.580000,0.560000,4043.00
"Kepler-1923 b",,1.95958179,52.60969925000,,1.109000,1.294000,5881.00
"Kepler-836 b",,2.73000000,11.36112327000,,1.030000,1.040000,5895.00
"Kepler-48 c",14.61000000,2.71000000,9.67395000000,,0.880000,0.890000,5194.00
"Kepler-521 b",,3.18000000,22.20813214000,,1.340000,1.460000,6406.00
"Kepler-726 b",,3.26000000,21.80451088000,,0.880000,0.850000,5452.00
"Kepler-1461 b",,2.03000000,29.34947750000,,0.790000,0.740000,4919.00
"Kepler-1471 b",,1.41000000,3.63899398000,,0.950000,0.930000,5660.00
"GQ Lup b",6356.00000000,33.60000000,,2650.00,0.700000,,
"EPIC 205950854 c",,1.31000000,8.05072200000,960.60,0.877000,0.830000,5502.70
"K2-162 b",,1.44000000,9.45889000000,631.00,0.750000,0.690000,4842.00
"Kepler-1320 b",,1.70000000,0.86838652800,,0.800000,0.740000,4817.00
"K2-80 b",,2.01000000,19.09180000000,,0.900000,0.870000,5441.00
"Kepler-24 b",11.14000000,2.34800000,8.14000000000,,1.060000,1.099000,6028.00
"HAT-P-56 b",734.18730000,16.92559000,2.79083000000,,1.420000,1.470000,6566.00
"Kepler-1701 b",,2.22186207,169.13400000000,,0.870000,0.840217,5146.00
"WASP-195 b",33.05415433,10.31226224,5.05192800000,1522.00,1.300000,1.578000,6300.00
"Kepler-1530 d",,3.27870115,9.20761013000,,1.015000,1.303000,5678.00
"TOI-1728 b",26.78000000,5.05000000,3.49151000000,767.00,0.646000,0.624300,3980.00
"Kepler-610 b",,4.19000000,6.99692655400,,1.100000,1.130000,5943.00
"K2-147 b",,1.47286006,0.96193900000,1077.00,0.563000,0.578000,3690.00
"TOI-251 b",317.83000000,2.74000000,4.93777000000,,1.036000,0.881000,5875.00
"Kepler-1047 c",,0.99000000,3.18897601000,,1.080000,1.130000,5754.00
"Kepler-1504 b",,2.13000000,82.30400300000,,0.850000,0.810000,5393.00
"TOI-1452 b",4.82000000,1.67200000,11.06201000000,326.00,0.249000,0.275000,3185.00
"Kepler-1154 c",,2.36000000,8.45808312000,,1.260000,1.430000,6327.00
"TOI-2654 b",,7.94454164,2.96760425926,,,0.756095,4594.08
"Kepler-30 c",640.00000000,12.30000000,60.32310500000,,0.990000,0.950000,5498.00
"TOI-1246 e",14.50000000,3.51418750,37.92548000000,463.98,0.888900,0.864900,5213.00
"Kepler-1898 b",,0.93353523,4.76562023200,,0.837000,1.125000,5702.00
"TIC 172900988 b",942.00000000,11.25000000,200.45200000000,,1.238400,1.384200,6050.00
"Kepler-1266 b",,2.58000000,28.47474800000,,0.800000,0.760000,5044.00
"Kepler-739 b",,3.32000000,12.53248465000,,0.930000,0.900000,5601.00
"TOI-7149 b",224.00000000,13.20000000,2.65206166000,593.00,0.344000,0.351000,3363.00
"HAT-P-35 b",335.62848000,14.93038800,3.64670600000,,1.236000,1.435000,6096.00
"Kepler-1266 c",,1.68023962,4.86631012000,,0.791000,0.831000,4996.00
"Kepler-357 c",,2.67000000,16.85837000000,,,0.834000,5036.00
"Kepler-174 d",,2.19000000,247.35373000000,,,0.622000,4880.00
"K2-391 b",,1.37100000,4.62265400000,,0.757000,0.566000,5543.00
"Kepler-198 d",,1.53000000,1.31184443000,,0.970000,0.930000,5636.00
"TOI-1117 b",8.90000000,2.46000000,2.22816000000,1538.00,0.970000,1.050000,5635.00
"Kepler-1152 b",,0.87000000,1.64680190800,,0.550000,0.530000,3964.00
"TOI-3486 b",99.16246298,10.57006880,2.21778105000,1190.00,0.837000,0.788000,4930.00
"K2-216 b",8.00000000,1.75000000,2.17480000000,1103.00,0.700000,0.720000,4503.00
"WASP-34 b",177.98480000,11.20900000,4.31768000000,,0.960000,0.910000,5700.00
"Kepler-967 c",,3.65000000,198.71125020000,,0.840000,0.800000,5178.00
"Kepler-327 d",,1.73000000,13.96945700000,,,0.492000,3799.00
"WASP-93 b",467.21010000,17.90077300,2.73253210000,1942.00,1.334000,1.524000,6700.00
"Kepler-1874 b",,2.21110724,56.57320023000,,0.758000,0.775000,4701.00
"TOI-2096 b",,1.24300000,3.11906330000,445.00,0.231000,0.235000,3300.00
"CoRoT-28 b",153.82972000,10.70459500,5.20851000000,,1.010000,1.780000,5150.00
"K2-275 c",,2.21000000,8.43883850000,653.00,0.770000,0.690000,4841.00
"TOI-5789 c",5.00000000,2.86000000,12.92774800000,718.00,0.821000,0.833000,5185.00
"Kepler-1050 c",,1.48000000,21.12845690000,,1.090000,1.130000,6010.00
"Kepler-275 b",,2.34000000,10.30068200000,,,1.383000,6165.00
"Kepler-464 b",,3.30000000,7.25696522400,,1.210000,1.590000,5933.00
"Kepler-297 c",,6.54000000,74.92013700000,,,0.915000,5619.00
"Kepler-454 b",5.40000000,2.37000000,10.57375340000,916.00,1.030000,1.066000,5687.00
"TOI-5027 b",642.01338214,10.76062147,10.24368000000,1056.00,1.020000,0.920000,5909.00
"Kepler-834 b",,2.02000000,13.32388301000,,0.700000,0.660000,4554.00
"K2-105 b",15.40000000,3.40000000,8.26726000000,805.00,0.940000,0.905000,5373.00
"Kepler-1228 b",,1.54000000,0.57736957900,,0.780000,0.740000,5063.00
"KOI-142 b",9.50000000,3.43800000,10.91647000000,,0.990000,0.897000,5466.00
"HAT-P-46 b",156.68400000,14.39200000,4.46312900000,1458.00,1.284000,1.396000,6120.00
"Kepler-122 b",,2.34000000,5.76619300000,,,1.216000,6050.00
"Kepler-100 d",3.00000000,1.61000000,35.33310000000,,1.080000,1.490000,5825.00
"Kepler-1208 b",,2.32000000,11.08507637000,,0.800000,0.760000,5001.00
"Kepler-1481 b",,1.23000000,5.94220998000,,0.800000,0.750000,4908.00
"Kepler-1166 b",,1.69000000,33.24068820000,,0.900000,0.860000,5446.00
"Kepler-157 c",,2.24000000,13.54050000000,,,1.044000,5774.00
"Kepler-837 b",,2.56000000,16.56059504000,,0.850000,0.810000,5403.00
"Kepler-360 c",,2.10000000,7.18643400000,,,1.058000,6053.00
"K2-333 b",,6.18000000,14.75928700000,826.00,1.060000,1.220000,5880.00
"Kepler-1165 c",,3.36093385,29.96870041000,,1.130000,1.076000,6249.00
"Kepler-371 c",,1.78000000,67.96801500000,,,0.992000,5666.00
"K2-350 b",,1.54000000,4.16387300000,1158.00,0.980000,1.040000,5789.00
"NGTS-6 b",425.57437000,14.86313400,0.88205900000,1283.90,0.767000,0.754000,4730.00
"Kepler-419 b",794.50000000,10.80000000,69.75460000000,,1.390000,1.740000,6430.00
"Kepler-1515 b",,9.55000000,214.31141640000,,1.300000,1.410000,6511.00
"Kepler-540 b",,2.71000000,172.70497840000,,1.020000,1.080000,5946.00
"HATS-26 b",206.58950000,19.61575000,3.30238810000,1918.00,1.299000,2.040000,6071.00
"Kepler-85 b",1.84000000,1.77800000,8.30000000000,,0.928000,0.875000,5505.20
"K2-16 c",,2.54000000,19.07863000000,485.00,0.680000,0.660000,4742.00
"TOI-7510 c",131.00000000,10.81000000,22.56874230000,702.00,1.063000,1.035000,5720.00
"Kepler-805 b",,2.89000000,30.86389310000,,1.190000,1.650000,6112.00
"Kepler-122 c",,5.87000000,12.46598800000,,,1.216000,6050.00
"WASP-68 b",343.25640000,14.79588000,5.08430000000,,1.490000,1.790000,5910.00
"HD 97658 b",8.30000000,2.12000000,9.48971160000,751.00,0.850000,0.728000,5212.00
"Kepler-1379 b",,1.30000000,0.88184114600,,0.830000,0.790000,5188.00
"Kepler-1850 b",,0.72909663,1.38580000400,,0.611000,0.600000,4239.00
"Kepler-1943 b",,1.54869189,4.85018014900,,1.055000,0.973000,6032.00
"Kepler-519 b",,2.10000000,24.30789460000,,0.890000,0.800000,5260.00
"Kepler-661 b",,3.07000000,6.02930132100,,0.700000,0.670000,4483.00
"Kepler-1813 b",,1.41300000,2.81816005700,,0.812000,0.787000,5167.00
"Kepler-237 b",,1.41000000,4.71510600000,,,0.725000,4861.00
"Kepler-177 b",5.84000000,3.50000000,36.86010000000,,0.921000,1.324000,5732.00
"K2-237 b",434.15360396,16.06246934,2.18053332000,1759.00,1.256000,1.236000,6180.00
"TIC 139702105 b",,2.45316949,6.83601903383,,,1.254230,5742.35
"Kepler-696 b",,6.14000000,4.19042557500,,1.060000,1.080000,5903.00
"Kepler-1846 b",,1.76378826,14.82009983000,,0.785000,0.732000,4825.00
"Kepler-1456 b",,1.14000000,18.13738290000,,0.640000,0.620000,4231.00
"Kepler-137 b",,1.47000000,8.43638700000,,,0.802000,5187.00
"K2-11 b",,7.55000000,39.93767000000,734.00,1.350000,5.150000,5433.00
"Kepler-248 b",,3.02000000,6.30820500000,,,0.831000,5190.00
"CoRoT-11 b",740.51000000,16.03000000,2.99433000000,1657.00,1.270000,1.370000,6440.00
"Kepler-55 d",,1.59000000,2.21109900000,,,0.619000,4503.00
"WASP-160 B b",88.35674000,12.21781000,3.76849520000,1119.00,0.870000,0.868000,5298.00
"TOI-6034 b",254.00000000,11.92000000,2.57618400000,714.00,0.514000,0.489000,3635.00
"TOI-139 b",,2.45660000,11.07085000000,561.17,0.690000,0.700700,4570.00
"TOI-269 b",8.80000000,2.77000000,3.69771040000,531.00,0.391700,0.398000,3514.00
"Kepler-31 d",2161.24400000,3.90000000,87.64510000000,,1.210000,1.220000,6340.00
"Kepler-109 c",8.20000000,2.65000000,21.22265000000,859.00,1.094000,1.387000,5950.00
"Kepler-1397 b",,1.72000000,47.44995500000,,1.090000,1.120000,6026.00
"WTS-2 b",355.96960000,15.27786700,1.01870680000,2000.00,0.820000,0.752000,5000.00
"TIC 160113658 b",,3.49015778,6.72952262077,,,0.789834,4817.31
"HAT-P-44 b",111.87100000,13.92200000,4.30121900000,1108.00,0.942000,0.949000,5295.00
"K2-75 b",,2.67000000,7.81420000000,,1.160000,1.560000,5995.00
"Kepler-1945 b",,1.28900000,6.08003997800,,0.767000,0.804000,4991.00
"TOI-1789 b",222.47988490,16.14093221,3.20866400000,1927.00,1.507000,2.168000,5991.00
"Kepler-1092 b",,2.07000000,58.60179250000,,0.990000,1.000000,5862.00
"K2-186 b",,3.17207779,41.47421900000,,1.018617,0.980830,5784.00
"Kepler-1497 b",,1.66000000,8.74199772000,,0.960000,0.950000,5675.00
"Kepler-1193 b",,1.32000000,2.83265213400,,1.080000,1.210000,5908.00
"Kepler-15 b",209.76000000,10.76000000,4.94278200000,,1.018000,0.992000,5515.00
"TOI-3464 b",397.28550875,13.76462830,3.65155680000,1693.00,1.363000,1.560000,6370.00
"Kepler-201 c",,2.85000000,151.88405800000,,,1.229000,6065.00
"Kepler-29 b",5.00000000,2.55000000,10.33974000000,,0.761000,0.732000,5378.00
"Kepler-233 c",,2.71000000,60.41895500000,,,0.758000,5360.00
"K2-254 c",,2.19000000,12.11839000000,551.00,0.710000,0.670000,4629.00
"TOI-4137 b",457.67290608,13.57407563,3.80161220000,1570.00,1.313000,1.438000,6202.00
"Kepler-918 b",,1.74000000,4.85386933000,,1.110000,1.140000,6028.00
"Kepler-46 b",1907.00000000,9.05700000,33.60134000000,543.00,0.902000,0.938000,5155.00
"Kepler-82 d",,1.77000000,2.38296100000,,,0.945000,5428.00
"Kepler-82 e",,2.47000000,5.90220600000,,,0.945000,5428.00
"Kepler-338 b",,2.44000000,13.72697600000,,,1.735000,5923.00
"Kepler-247 c",,4.09000000,9.43945200000,,,0.768000,5100.00
"Kepler-414 c",29.90000000,3.01000000,7.17100000000,,0.890000,0.946000,
"bet Pic d",762.78817680,14.12331568,33200.00000000000,600.00,1.789000,,
"Kepler-1976 b",,12.21000000,4.95931924400,1103.00,0.976000,1.082000,5712.00
"Kepler-411 c",26.40000000,4.42100000,7.83443500000,838.00,0.870000,0.820000,
"Kepler-411 d",15.20000000,3.31900000,58.02035000000,410.00,0.870000,0.820000,
"CoRoT-8 b",69.92000000,6.39000000,6.21229000000,,0.880000,0.770000,5080.00
"Kepler-546 b",,7.00000000,4.14702025800,,1.110000,1.150000,5967.00
"HATS-7 b",38.13960000,6.31066700,3.18531500000,1084.00,0.849000,0.815000,4985.00
"TOI-6954 b",,3.63524486,4.02074127419,,,0.947112,5170.87
"MASCARA-1 b",,17.90074218,2.14877381000,2594.30,1.900000,2.082000,7490.00
"TOI-5800 b",9.50000000,2.46000000,2.62788380000,1108.00,0.778000,0.773000,4850.00
"Kepler-1518 b",,3.05000000,5.11177904000,,1.540000,1.880000,6846.00
"K2-320 b",,2.62000000,1.99500000000,698.00,0.117000,0.300000,3157.00
"Kepler-1953 b",,1.28574667,6.24565982800,,0.786000,0.707000,4858.00
"Kepler-324 b",,1.14000000,4.38531500000,,,0.840000,5194.00
"TOI-880.02",,2.19000000,2.57571000000,1085.00,0.870000,0.830000,5050.00
"Kepler-375 c",,2.65000000,19.98632600000,,,0.837000,5826.00
"HD 101581 b",,0.95600000,4.46569000000,834.00,0.653000,0.630000,4675.00
"EPIC 229004835 b",10.40000000,2.33200000,16.14113200000,804.00,0.970000,0.999000,5868.00
"Kepler-1334 b",,2.29000000,15.64591713000,,0.940000,0.910000,5614.00
"Kepler-337 c",,2.05000000,9.69320100000,,,1.761000,5684.00
"WASP-147 b",87.40325000,12.49803500,4.60273000000,1404.00,1.044000,1.429000,5702.00
"TOI-3593 b",565.73456446,11.02963701,3.82128670000,1170.00,1.015000,0.918000,5550.00
"Kepler-999 b",,2.34000000,5.99185701700,,1.290000,1.650000,6237.00
"TOI-2443 b",4.80000000,2.36300000,15.66858000000,519.00,0.642000,0.631000,4375.00
"Kepler-722 b",,2.63000000,4.09357325200,,1.030000,1.050000,5863.00
"Kepler-11 f",2.00000000,2.49000000,46.68880000000,,0.961000,1.065000,5663.00
"Kepler-1226 b",,1.45000000,17.29234530000,,1.020000,1.020000,5923.00
"TIC 437041147 b",,2.21526814,3.82301421497,,,0.961092,5224.36
"K2-83 b",,1.24400000,2.74697000000,,0.484000,0.424000,3910.00
"Kepler-731 b",,13.88000000,3.85560355100,,1.030000,1.060000,5849.00
"Kepler-561 b",,6.96000000,58.36204950000,,0.960000,0.940000,5646.00
"K2-138 g",4.32000000,3.01300000,41.96797000000,,0.935000,0.863000,5356.30
"HIP 29442 d",5.14000000,1.53800000,6.42957500000,920.00,0.901000,0.980000,5289.00
"Kepler-978 b",,2.99000000,49.62215090000,,1.070000,1.090000,6002.00
"Kepler-338 d",,3.00000000,44.43101400000,,,1.735000,5923.00
"Kepler-138 b",0.07000000,0.64000000,10.31340000000,452.00,0.535000,0.535000,3841.00
"Kepler-138 c",2.30000000,1.51000000,13.78150000000,410.00,0.535000,0.535000,3841.00
"Kepler-138 d",2.10000000,1.51000000,23.09230000000,345.00,0.535000,0.535000,3841.00
"Kepler-1933 b",,1.17984089,4.94329023400,,0.964000,1.008000,5661.00
"Kepler-1101 b",,2.47000000,81.31510590000,,0.940000,0.910000,5614.00
"Kepler-292 d",,2.23000000,7.05567900000,,,0.826000,5299.00
"HATS-53 b",189.10885000,15.02006000,3.85377680000,1312.00,0.964000,1.101000,5644.00
"Kepler-260 b",,2.01000000,8.18739900000,,,0.862000,5250.00
"TOI-4156 b",,2.53823825,4.46189034133,,,1.039630,5971.64
"Kepler-347 c",,1.75000000,27.32087100000,,,1.005000,6088.00
"WASP-37 b",572.07000000,13.00200000,3.57746900000,,0.925000,1.003000,5800.00
"Kepler-335 c",,3.07000000,67.84446900000,,,1.854000,5877.00
"KOI-3503 c",10.36000000,1.21000000,31.82800000000,686.00,0.858000,1.255000,6001.00
"WASP-46 b",607.05530000,13.15936600,1.43036763000,1636.00,0.828000,0.858000,5600.00
"Kepler-1507 b",,0.84000000,16.05062130000,,0.890000,0.850000,5410.00
"K2-273 b",,3.05000000,11.71956630000,849.00,0.890000,0.850000,5161.00
"TOI-1221 b",1112.39942450,2.91000000,91.68278000000,440.00,0.930000,1.031000,5592.00
"Kepler-253 d",,3.17000000,18.11986900000,,,0.786000,5208.00
"CoRoT-4 b",228.83000000,13.34000000,9.20205000000,1074.00,1.160000,1.170000,6190.00
"TOI-3894 b",260.61929374,15.27784069,4.33454000000,1531.00,1.138000,1.502000,6000.00
"Kepler-1038 b",,3.53000000,148.46033820000,,0.870000,0.830000,5335.00
"Kepler-846 b",,2.48000000,19.80792185000,,0.940000,0.910000,5579.00
"Kepler-866 b",,1.63000000,2.61703253600,,0.750000,0.710000,4751.00
"TOI-2411 b",,1.68000000,0.78269420000,1355.00,0.650000,0.680000,4099.00
"Kepler-301 c",,1.35000000,5.41902600000,,,0.900000,5815.00
"K2-409 b",,2.48200000,1.90808400000,,0.886000,1.228000,5742.00
"Kepler-37 d",2.00000000,2.03000000,39.79226220000,499.00,0.790000,0.789000,5357.00
"TIC 46432937 b",1017.05090240,13.31626907,1.44044527000,872.00,0.563000,0.529900,3572.00
"Kepler-560 b",,1.72000000,18.47764449000,,0.340000,0.330000,3556.00
"Kepler-1921 c",,1.41000000,3.15722086000,1791.00,1.251000,2.000000,6120.00
"TOI-5292 A b",412.85910069,12.64373023,2.02191000000,809.00,0.596000,0.611000,3919.00
"TOI-1883 b",13.70000000,5.65000000,4.50800000000,544.00,0.495000,0.506000,3554.00
"TOI-1272 b",24.10000000,4.26000000,3.31597650000,1051.00,0.828000,0.800000,4985.00
"TOI-1064 b",13.50000000,2.58700000,6.44386800000,784.00,0.748000,0.726000,4734.00
"Kepler-841 b",,5.23000000,124.41983980000,,0.850000,0.810000,5324.00
"TOI-5605 b",,2.52611303,5.91340454843,,,0.736044,4583.79
"Kepler-186 e",,1.27000000,22.40770400000,,0.478000,0.472000,3788.00
"Kepler-1987 d",,2.66000000,5.64491415400,744.00,0.799000,0.714000,4769.00
"Kepler-1233 b",,2.60000000,45.12630420000,,1.160000,1.250000,6198.00
"Kepler-205 b",,1.51000000,2.75564000000,,,0.546000,4321.00
"Kepler-549 c",,2.93000000,117.04049800000,,0.880000,0.840000,5360.00
"Kepler-1221 b",,1.88000000,12.00096042000,,0.870000,0.820000,5194.00
"Kepler-1836 b",,2.55303229,5.25416994100,,1.053000,0.987000,6123.00
"Kepler-257 b",,2.61000000,2.38266700000,,,1.037000,5180.00
"Kepler-42 b",,0.78000000,1.21376720000,519.00,0.130000,0.170000,3068.00
"Kepler-44 b",317.82000000,12.22000000,3.24672930000,1544.00,1.120000,1.350000,5800.00
"Kepler-425 b",79.45000000,10.96200000,3.79701816000,1070.00,0.930000,0.860000,5170.00
"Kepler-1912 b",,1.35670508,6.05921983700,,0.977000,0.962000,5734.00
"Kepler-336 d",,2.37000000,20.67877200000,,,1.304000,5867.00
"Kepler-1258 b",,0.86000000,0.98494016700,,0.990000,0.990000,5839.00
"Kepler-132 b",,1.21000000,6.17819600000,,,1.178000,6003.00
"TOI-5174 b",,5.35100000,12.21428600000,,1.000000,1.094570,5643.77
"WASP-97 b",432.24880000,12.77826000,2.07276000000,,1.180000,1.080000,5640.00
"Kepler-1646 b",,1.23000000,4.48558383000,,0.240000,0.260000,3299.00
"HD 63433 c",15.53900000,2.69200000,20.54382810000,678.92,0.956000,0.934000,5553.00
"K2-342 b",,2.03000000,11.56105200000,861.00,1.010000,1.090000,5920.00
"Kepler-188 c",,3.19000000,5.99655300000,,,1.141000,6021.00
"Kepler-1096 b",,1.24000000,2.89221750600,,0.660000,0.630000,4306.00
"Kepler-111 c",222.47988490,7.08407580,224.77833000000,352.20,1.118000,1.145000,5914.00
"Kepler-284 b",,2.24000000,12.69914900000,,,0.814000,5615.00
"HATS-52 b",711.93920000,15.49083800,1.36665436000,1834.00,1.111000,1.046000,6010.00
"Kepler-131 b",16.13000000,2.41000000,16.09200000000,,1.020000,1.030000,5685.00
"Kepler-1241 b",,2.63000000,18.55257010000,,0.840000,0.800000,5261.00
"TOI-2498 b",34.62000000,6.06000000,3.73825200000,1443.00,1.120000,1.260000,5905.00
"WASP-1 b",271.41500000,16.62300000,2.51994540000,,1.240000,1.470000,
"OGLE-TR-111 b",,11.42197100,4.01444630000,,,0.830000,
"Kepler-361 c",,2.52000000,55.18802300000,,,1.343000,6169.00
"K2-136 b",4.30000000,1.01400000,7.97525000000,610.00,0.742000,0.677000,4500.00
"K2-136 c",18.10000000,3.00000000,17.30723000000,470.00,0.742000,0.677000,4500.00
"LHS 1678 d",,0.98100000,4.96522290000,,0.345000,0.329000,3490.00
"WASP-157 b",,11.19000000,3.95162300000,1193.00,1.060000,1.100000,5772.00
"EPIC 201833600 c",,1.00000000,3.96151000000,,0.611000,,
"Kepler-93 b",4.66000000,1.47800000,4.72673978000,1133.00,0.911000,0.919000,5669.00
"TOI-220 b",13.80000000,3.03000000,10.69526400000,805.00,0.825000,0.858000,5298.00
"Kepler-511 b",,6.35000000,296.63786500000,,1.000000,1.200000,5770.00
"K2-151 b",,1.49000000,3.83547600000,566.00,0.470000,0.450000,3695.00
"Kepler-426 b",108.06000000,12.22000000,3.21751883000,1300.00,0.910000,0.920000,5725.00
"TOI-6054.02",9.30000000,2.82000000,12.56363600000,1143.00,1.107000,1.662000,6047.00
"TOI-5795 b",23.66000000,5.62000000,6.14063250000,1136.78,0.901000,1.082000,5715.00
"TOI-1443 b",30.00000000,2.30381001,23.54067800000,520.66,0.766300,0.751100,5224.00
"Kepler-1717 b",,2.98929758,30.65279961000,,1.158000,1.640000,6200.00
"TOI-4329 b",143.02278315,16.81347105,2.92230000000,,1.538000,2.310000,6000.00
"Kepler-784 c",,1.55000000,17.15723600000,844.00,1.016000,1.487000,5676.00
"Kepler-1972 b",2.02000000,0.80200000,7.54425000000,,1.120000,1.384000,5818.00
"HD 100546 b",2701.54145950,77.34210000,,,2.400000,,10500.00
"Kepler-238 e",169.70000000,5.60000000,23.65400000000,,1.060000,0.960000,
"Kepler-993 b",,2.97000000,22.08557563000,,0.570000,0.540000,3843.00
"OGLE-TR-132 b",375.02000000,13.45000000,1.68986800000,2013.00,1.305000,1.320000,6210.00
"TOI-4342 c",4.80000000,2.34900000,10.68866200000,514.00,0.587000,0.598000,3866.00
"Kepler-1761 b",,1.39109603,4.04354000100,,0.573000,0.532000,3871.00
"Kepler-865 c",,0.89000000,6.20920207000,914.00,0.782000,0.885000,5440.00
"K2-59 b",,2.41000000,20.69210000000,,0.774000,0.731000,5055.00
"Kepler-1062 b",,1.76000000,9.30412078000,,0.750000,0.700000,4597.00
"Kepler-809 b",,3.01000000,55.63934000000,,0.990000,0.980000,5734.00
"Kepler-941 b",,3.08000000,17.42395198000,,0.890000,0.860000,5539.00
"TOI-5799 b",,1.73300000,4.16450700000,505.00,0.325000,0.321000,3452.00
"Kepler-1400 b",,1.62000000,9.06689421000,,0.830000,0.780000,5044.00
"HAT-P-20 b",2302.89900000,9.71800000,2.87531700000,970.00,0.756000,0.694000,4595.00
"Kepler-920 c",,3.80000000,100.82741130000,,0.890000,0.850000,5403.00
"Kepler-1505 b",,0.93000000,30.86093660000,,0.930000,0.860000,5686.00
"Kepler-545 b",,2.69000000,13.24934059000,,1.040000,1.070000,5882.00
"TOI-1438 b",9.40000000,3.04000000,5.13967000000,971.00,0.876000,0.820000,5230.00
"HATS-3 b",340.38200000,15.48000000,3.54785100000,1648.00,1.209000,1.404000,6351.00
"HD 135694 b",,2.85700000,15.92347556800,,1.020000,1.080000,5712.00
"Kepler-374 c",,1.10000000,3.28280700000,,,0.911000,5977.00
"TOI-2200 b",,6.96310517,2.93602836512,,,0.826247,5036.17
"TOI-205 b",,2.50121142,4.25300773815,,,1.453820,6302.74
"Kepler-1547 b",,0.90000000,0.69297967600,,1.120000,1.180000,6078.00
"Kepler-1181 c",,1.83000000,8.93484887000,1124.00,1.336000,1.347000,6688.00
"EPIC 220674823 c",7.90000000,2.71200000,13.34060300000,838.00,0.913000,0.990000,5578.00
"Kepler-1471 c",,1.88000000,11.60448810000,841.00,0.934000,1.166000,5533.00
"WASP-197 b",403.32424848,14.44837612,5.16722800000,1665.00,1.360000,2.112000,6050.00
"Kepler-1279 b",,1.75000000,23.47741010000,,1.210000,1.330000,6221.00
"Kepler-1438 b",,0.94000000,2.31942009000,,0.970000,0.960000,5530.00
"Kepler-446 b",,1.50000000,1.56540900000,,0.220000,0.240000,3359.00
"Kepler-1197 b",,1.25000000,2.03231845000,,0.780000,0.720000,4708.00
"Kepler-113 b",11.70000000,1.82000000,4.75400000000,,0.750000,0.690000,4725.00
"Kepler-10 c",11.29000000,2.35500000,45.29430100000,579.00,0.910000,1.065000,5708.00
"Kepler-1963 b",,0.74437023,1.96226000800,,0.915000,0.979000,5726.00
"Kepler-357 b",,1.84000000,6.47543400000,,,0.834000,5036.00
"WASP-24 b",394.10920000,15.46842000,2.34121000000,,1.430000,1.420000,6075.00
"TOI-3261 b",30.30000000,3.82000000,0.88313310000,1722.00,0.861000,0.849000,5068.00
"Kepler-223 c",5.10000000,3.44000000,9.84564000000,,1.125000,1.720000,
"Kepler-1417 b",,1.00000000,20.35052130000,,1.020000,1.020000,5839.00
"Kepler-755 b",,1.76000000,1.26909037400,,0.820000,0.770000,5043.00
"Kepler-390 b",,0.82000000,6.73808800000,,,0.776000,5166.00
"Kepler-202 b",,1.63000000,4.06942700000,,,0.667000,4668.00
"Kepler-403 d",,1.42000000,13.61159129000,,1.250000,1.450000,6209.00
"K2-57 b",,2.30905002,9.00730000000,635.80,0.699000,0.671000,4413.00
"K2-28 b",,2.32000000,2.26045500000,568.00,0.257000,0.288000,3214.00
"Kepler-292 f",,2.35000000,20.83423700000,,,0.826000,5299.00
"Kepler-220 d",,0.98000000,28.12239700000,,,0.666000,4632.00
"Kepler-366 c",,1.79000000,12.51616000000,,,1.048000,6209.00
"TOI-4465 b",1872.00931723,14.01122587,101.94054000000,427.00,0.930000,1.014000,5545.00
"Kepler-309 b",,1.56000000,5.92365300000,,,0.721000,4713.00
"Kepler-686 b",,12.15000000,1.59474546300,,0.940000,0.920000,5649.00
"TOI-907.01",,9.61588510,4.58491290000,1846.60,1.069357,2.059789,6272.00
"NGTS-26 b",92.80589484,14.88552637,4.51992790000,1331.00,0.960000,1.160000,5550.00
"TOI-2322 b",2.31000000,0.99400000,11.30717000000,603.10,0.703000,0.662000,4664.00
"TOI-2322 c",18.10000000,1.87400000,20.22552800000,496.80,0.703000,0.662000,4664.00
"Kepler-103 c",58.47000000,5.45390000,179.60978000000,,1.212000,1.492000,6047.00
"TOI-707 b",,2.41600000,52.79918000000,491.70,0.990000,0.978000,5424.00
"WASP-5 b",502.15000000,12.18400000,1.62842790000,1706.00,0.960000,1.029000,5700.00
"Kepler-291 b",,2.16000000,3.54651100000,,,1.016000,6002.00
"K2-77 b",,2.49960270,8.20008440000,806.00,0.847000,0.792000,5160.00
"K2-266 b",11.26782377,3.30000000,0.65852400000,1515.00,0.686000,0.703000,4285.00
"Kepler-990 c",,1.53000000,0.53835430800,,1.050000,1.080000,5948.00
"TOI-2992 b",1058.36859531,13.75341932,3.00781200000,1726.00,1.210000,1.545000,6000.00
"Kepler-450 d",,0.83700000,7.51464000000,,1.190000,1.641620,6197.21
"Kepler-638 b",,1.83000000,6.07972888000,,0.880000,0.930000,5382.00
"Kepler-479 b",,2.12000000,12.49341307000,,0.860000,0.810000,5247.00
"Kepler-363 d",,2.05000000,11.93212500000,,,1.485000,5593.00
"Kepler-1946 b",,2.48812698,3.03519010500,,0.887000,0.873000,5505.00
"Kepler-1747 b",,4.26508000,6.23031997700,,0.983000,0.865000,5477.00
"K2-335 b",,2.21000000,12.28321100000,949.00,1.230000,1.330000,6222.00
"K2-344 b",,1.59000000,3.35585000000,722.00,0.510000,0.490000,4374.00
"Kepler-126 b",,1.52000000,10.49571100000,,,1.358000,6239.00
"Kepler-228 d",,4.04000000,11.09428600000,,,1.014000,6043.00
"NGTS-15 b",238.68913366,12.32987877,3.27623000000,1146.00,0.995000,0.954000,5600.00
"CoRoT-19 b",352.78000000,14.46000000,3.89713000000,2000.00,1.210000,1.650000,6090.00
"Kepler-1625 b",,6.06000000,287.37894900000,,0.960000,0.940000,5677.00
"Kepler-629 b",,1.38000000,7.23858540000,,0.930000,0.840000,5444.00
"TOI-6677 b",,5.83507112,5.45060661625,,,1.571670,6572.28
"K2-397 b",,2.41700000,3.57232600000,,0.937000,0.966000,5387.00
"Kepler-1354 b",,2.97000000,76.61337700000,,1.160000,1.240000,6168.00
"TOI-1194 b",120.00000000,8.71664516,2.31064460000,1264.29,0.983500,0.960800,5394.00
"KELT-17 b",416.35730000,17.09372500,3.08017160000,2087.00,1.635000,1.645000,7454.00
"TOI-3919 b",1233.17421916,12.31866979,7.43323400000,1198.00,1.208000,1.319000,6100.00
"Kepler-65 d",,1.52000000,8.13123000000,,1.250000,1.410000,6211.00
"K2-71 b",,2.15000000,6.98541000000,,0.477000,0.426000,4006.00
"TOI-3785 b",14.95000000,5.14000000,4.67473730000,582.00,0.520000,0.500000,3576.00
"Kepler-1595 b",,1.23000000,4.56380468000,,0.840000,0.800000,5203.00
"KOI-351 d",,2.87000000,59.73667000000,,1.200000,1.200000,6080.00
"TOI-837 b",120.45696625,9.16894621,8.32491130000,995.30,1.142000,1.052000,5995.00
"TOI-4860 b",86.70000000,8.70000000,1.52275910000,694.00,0.340000,0.358000,3260.00
"NGTS-3 A b",756.43540000,16.58932000,1.67537280000,,1.017000,0.930000,5600.00
"K2-174 b",,2.60000000,19.56230700000,455.00,0.700000,0.676000,4455.00
"Kepler-1880 b",,2.11686218,6.30921983700,,0.524000,0.530000,4380.00
"HAT-P-6 b",419.53560000,16.58932000,3.85298000000,,1.790000,1.620000,6570.00
"LHS 1903 d",5.96000000,2.50000000,12.56628700000,442.00,0.538000,0.539000,3664.00
"TOI-1201 b",6.28000000,2.41500000,2.49198630000,703.00,0.512000,0.508000,3476.00
"Kepler-1093 c",,1.96000000,89.72229200000,,1.130000,1.200000,6166.00
"Kepler-203 d",,1.44000000,11.32972000000,,,1.114000,5821.00
"Kepler-379 c",,2.29000000,62.78469700000,,,1.306000,6054.00
"WASP-181 b",95.03117000,13.27145600,4.51950640000,1186.00,1.040000,0.965000,5839.00
"Kepler-1033 b",,2.51000000,7.56052806000,,0.940000,0.920000,5547.00
"Kepler-684 b",,3.36000000,6.77030200800,,0.890000,0.860000,5493.00
"Kepler-393 b",,1.29000000,9.18241700000,,,1.382000,6189.00
"WASP-72 b",731.00900000,14.45961000,2.21673000000,,2.780000,2.180000,6250.00
"Kepler-378 b",,0.75000000,16.09236100000,,,0.671000,4661.00
"WASP-133 b",368.68280000,13.56289000,2.17642300000,1790.00,1.160000,1.440000,5700.00
"HATS-65 b",260.93843000,16.82470900,3.10516100000,1634.00,1.257000,1.310000,6277.00
"Kepler-1702 b",,1.60190793,18.50120000000,,0.850000,0.725742,5093.00
"Kepler-550 b",,4.42000000,8.60010410900,,0.870000,0.830000,5322.00
"TOI-4458 b",552.06794296,12.40834163,3.93937920000,1759.00,1.470000,1.960000,6151.00
"Kepler-1895 b",,2.11934728,6.07029008900,,0.860000,0.763000,5076.00
"Kepler-1218 b",,1.44000000,22.92212660000,,1.060000,1.100000,5986.00
"GJ 238 b",,0.56600000,1.74469990000,758.00,0.419300,0.431400,3485.00
"TIC 445839811 b",,2.47771211,11.10862603180,,,0.850041,5408.25
"Kepler-323 b",3.90000000,1.38100000,1.67832800000,1838.00,1.015000,1.120000,6004.00
"K2-268 e",,1.33000000,6.13124300000,801.00,0.840000,0.780000,5106.00
"Kepler-8 b",187.51970000,15.87194400,3.52249910000,1680.00,1.213000,1.486000,6213.00
"Kepler-904 b",,1.77000000,3.02166863200,,1.160000,1.250000,6160.00
"Kepler-772 b",,1.82000000,12.99207337000,,0.980000,1.110000,5714.00
"Kepler-669 b",,4.83000000,4.12554686900,,1.150000,1.200000,6038.00
"Kepler-1610 c",,2.09000000,44.98518850000,433.00,0.825000,0.800000,5295.00
"Kepler-310 b",,1.19000000,13.93069800000,,,0.876000,5797.00
"Kepler-427 b",92.17000000,13.79000000,10.29099400000,1100.00,0.960000,1.350000,5800.00
"NGTS-33 b",1153.71711741,18.38272835,2.82797200000,1991.00,1.600000,1.470000,7437.00
"TOI-3976 A b",55.61997123,12.27383387,6.60766200000,1295.00,1.254000,1.501000,5975.00
"Kepler-1876 b",2.40000000,0.85300000,6.99205000000,1299.00,1.187000,1.477000,6104.00
"Kepler-1771 b",,4.05537256,88.64399719000,,0.941000,0.934000,5661.00
"TOI-469.01",9.10000000,3.41000000,13.63082050000,716.00,0.901000,0.980000,5289.00
"Kepler-227 c",,3.04000000,54.41869400000,,,1.091000,5854.00
"Kepler-127 d",,2.64000000,48.63040800000,,,1.359000,6106.00
"K2-184 b",,1.47000000,16.97801020000,533.00,0.840000,0.750000,5245.00
"Kepler-1026 b",,2.21000000,36.51560530000,,0.790000,0.750000,4948.00
"Kepler-371 b",,1.89000000,34.76327800000,,,0.992000,5666.00
"Kepler-438 b",,1.12000000,35.23319000000,,0.544000,0.520000,3748.00
"Kepler-214 b",,2.61000000,15.66054400000,,,1.352000,6169.00
"Kepler-398 b",,0.93000000,4.08142300000,,,0.613000,4493.00
"Kepler-310 c",,3.38000000,56.47542000000,,,0.876000,5797.00
"TOI-2485 b",766.60211768,12.13932610,11.23479000000,1134.00,1.163000,1.720000,
"Kepler-982 b",,2.25000000,15.77382210000,,1.160000,1.290000,6139.00
"Kepler-1535 b",,2.55000000,138.94420000000,,1.080000,1.110000,6021.00
"Kepler-110 b",,1.83000000,12.69111200000,,,1.149000,5960.00
"Kepler-1630 b",,2.19000000,509.99740200000,,0.660000,0.630000,4736.00
"Kepler-824 b",,1.87000000,4.51436633000,,1.150000,1.220000,6035.00
"HATS-50 b",123.95370000,12.66617000,3.82970150000,,1.168000,1.117000,5990.00
"Kepler-1372 b",,1.27000000,1.31155556800,,0.980000,0.970000,5677.00
"K2-14 b",,4.81000000,8.36802000000,488.00,0.470000,0.450000,3789.00
"Kepler-511 c",,4.20964327,26.62949944000,,0.958000,1.417000,5866.00
"TOI-470 b",,4.34000000,12.19148000000,660.00,0.870000,0.831000,5190.00
"Kepler-813 b",,2.14000000,19.12947337000,,0.950000,0.930000,5743.00
"TOI-2000 c",81.70000000,8.14000000,9.12705500000,1038.00,1.082000,1.134000,5611.00
"Kepler-611 b",,1.65000000,2.43703330200,,1.010000,1.010000,5761.00
"Kepler-595 b",17.40000000,3.70800000,25.30290920000,,0.930000,0.821000,
"Kepler-41 b",177.98000000,14.46000000,1.85555820000,1790.00,1.150000,1.290000,5750.00
"Kepler-229 c",,4.92000000,16.06863800000,,,0.728000,5120.00
"Kepler-1815 b",,2.74892620,12.19139957000,,0.856000,0.967000,5516.00
"Kepler-769 c",,1.79000000,15.98701740000,,1.190000,1.280000,6186.00
"Kepler-1770 b",,2.84141754,16.84189987000,,0.941000,1.009000,5602.00
"Kepler-520 c",,1.07000000,5.21104261000,,1.100000,1.090000,6112.00
"TOI-1268 b",96.40000000,9.10000000,8.15770940000,918.90,0.960000,0.920000,5300.00
"Kepler-68 b",8.03000000,2.35700000,5.39875259000,1275.00,1.057000,1.256400,5847.00
"Kepler-79 d",5.30000000,7.15000000,52.08970000000,,1.244000,1.316000,6389.00
"Kepler-600 b",,2.90000000,23.67517607000,,0.840000,0.810000,5279.00
"Kepler-374 d",,1.31000000,5.02821900000,,,0.911000,5977.00
"Kepler-1292 b",,1.82000000,3.27646405000,,0.950000,0.930000,5556.00
"Kepler-1666 c",,3.23564749,40.71570000000,,1.230000,1.145860,6293.00
"Kepler-1359 b",,2.83000000,59.49709520000,,0.780000,0.720000,4709.00
"TOI-6707 b",,5.72673066,3.83479363758,,,1.582020,6289.49
"TOI-375 b",236.78216321,10.77183045,9.45469000000,1373.00,1.441000,2.900000,5259.90
"Kepler-342 b",,2.25000000,15.17031800000,,,1.472000,6175.00
"WASP-153 b",123.95370000,17.37395000,3.33260900000,1700.00,1.336000,1.730000,5914.00
"Kepler-853 b",,1.69000000,7.16892463000,,1.300000,1.550000,6350.00
"K2-124 b",,2.90000000,6.41365100000,442.00,0.390000,0.388000,3570.00
"Kepler-1061 b",,1.98000000,2.75798266600,,1.090000,1.070000,6067.00
"TOI-201 d",5.80000000,1.39000000,5.84889000000,,1.320000,1.310000,6423.00
"K2-413 b",,0.75990000,0.80940000000,,0.808000,0.700000,4116.00
"TOI-6002 b",,1.65000000,10.90482100000,321.40,0.210100,0.243200,3229.00
"TOI-1798.01",,2.44800000,8.02152233100,,0.870000,0.780000,5165.00
"TOI-5398 b",58.70000000,10.30000000,10.59054700000,947.00,1.146000,1.051000,6000.00
"Kepler-187 b",,1.41000000,4.93886400000,,,1.287000,6105.00
"TOI-871 b",,1.66400000,14.36256500000,621.00,0.758000,0.719000,4929.00
"Kepler-270 b",,2.01000000,11.47609400000,,,1.461000,6067.00
"Kepler-1378 b",,2.20000000,11.95398936000,,0.700000,0.670000,4407.00
"Kepler-1121 b",,1.91000000,13.15141081000,,1.290000,1.590000,6231.00
"Kepler-55 e",,1.55000000,4.61753400000,,,0.619000,4503.00
"Kepler-1931 b",,2.65323514,38.57609940000,,1.174000,1.221000,6167.00
"Kepler-1865 b",,1.57686072,2.52400994300,,0.849000,0.871000,5420.00
"Kepler-341 c",,1.70000000,8.01041000000,,,1.024000,6012.00
"Kepler-1542 c",,0.65000000,2.89223021000,,0.940000,0.990000,5564.00
"Kepler-223 d",8.00000000,5.24000000,14.78869000000,,1.125000,1.720000,
"Kepler-1268 b",,2.03000000,40.99039860000,,1.060000,1.090000,5904.00
"Kepler-394 b",,1.60000000,8.00501300000,,,1.132000,6402.00
"TIC 231949697 b",,1.52831855,0.90720448719,,,0.492584,3451.32
"Kepler-387 b",,1.03000000,6.79163600000,,,1.046000,5774.00
"TOI-2421 b",105.83685953,10.36830715,4.34740320000,1534.00,1.131000,1.750000,5607.00
"Kepler-407 b",1.93000000,1.19000000,0.66931240000,,0.990000,1.040000,5487.00
"HATS-54 b",239.32479047,11.37711541,2.54417650000,1429.00,1.050000,1.230000,5621.00
"Kepler-135 c",,1.16000000,11.44870800000,,,1.275000,6090.00
"Kepler-1307 b",,2.47000000,18.01621096000,,1.060000,1.080000,5884.00
"Kepler-139 c",,3.38000000,157.07287800000,,,1.300000,5594.00
"Kepler-1012 b",,1.29000000,5.50860439000,,0.950000,0.910000,5556.00
"Kepler-1694 b",,1.17986031,3.89526000000,,0.820000,0.756284,4954.00
"Kepler-1064 b",,1.55000000,16.54080322000,,0.850000,0.790000,5153.00
"Kepler-216 c",,3.04000000,17.40666900000,,,1.260000,6091.00
"K2-163 b",,2.46610713,6.67311700000,,0.826112,0.762201,4937.00
"Kepler-296 c",,2.00000000,5.84163660000,,0.498000,0.480000,3740.00
"Kepler-284 c",,2.61000000,37.51445600000,,,0.814000,5615.00
"Kepler-1075 b",,1.42000000,1.52372816000,,0.560000,0.540000,3959.00
"K2-404 b",,2.53000000,13.11536500000,,0.552000,0.552000,3748.00
"Kepler-1342 b",,1.66000000,2.21571035800,,0.930000,0.900000,5527.00
"Kepler-721 b",,2.64000000,5.39202538800,,0.820000,0.780000,5075.00
"TOI-2525 b",26.69758619,8.67575106,23.28560000000,,0.849000,0.785000,5096.00
"Kepler-150 d",,2.79000000,12.56093000000,,,0.939000,5560.00
"K2-104 b",,1.79000000,1.97419540000,798.00,0.510000,0.480000,3712.00
"HAT-P-59 b",489.45574678,12.58768533,4.14197710000,1277.80,1.008000,1.103800,5678.00
"Kepler-80 e",4.13000000,1.60000000,4.64489000000,,0.730000,0.678000,4540.00
"Kepler-1764 b",,4.55527871,70.46829987000,,1.162000,1.131000,6461.00
"TOI-481 b",486.27990000,11.09691000,10.33111000000,1370.00,1.140000,1.660000,5735.00
"Kepler-422 b",136.66000000,12.89000000,7.89144830000,,1.150000,1.240000,5972.00
"Kepler-773 b",,1.43000000,3.74910006100,,1.040000,1.010000,5850.00
"Kepler-218 d",,2.66000000,124.52446470000,,1.010000,1.020000,5542.00
"HATS-9 b",,13.85000000,1.91529100000,1746.00,1.100000,1.560000,5599.00
"Kepler-906 b",,2.11000000,41.69799760000,,1.060000,1.020000,6035.00
"Kepler-444 b",,0.40300000,3.60010530000,,0.758000,0.752000,5046.00
"K2-12 b",5.20000000,2.44000000,8.28246000000,1026.00,0.965000,1.117000,5672.00
"Kepler-1819 b",,3.90351256,16.48690033000,,1.173000,1.071000,6090.00
"EPIC 249893012 b",8.75000000,1.95000000,3.59510000000,1616.00,1.050000,1.710000,5430.00
"WASP-172 b",149.38010000,17.59813000,5.47743300000,1740.00,1.490000,1.910000,6900.00
"Kepler-192 b",,2.74000000,9.92674600000,,,1.007000,5479.00
"HATS-51 b",244.09344000,15.80469000,3.34887020000,1553.00,1.187000,1.440000,5758.00
"K2-21 c",,2.49000000,15.50192000000,,0.676023,0.646783,4222.06
"HATS-44 b",177.98480000,11.96000300,2.74390040000,1161.00,0.860000,0.847000,5080.00
"Kepler-1059 b",,1.73000000,3.76419104800,,0.750000,0.720000,4906.00
"Kepler-860 b",,3.24000000,5.10137945400,,1.040000,1.060000,5836.00
"Kepler-1212 b",,2.14000000,12.94130146000,,1.100000,1.150000,6051.00
"Kepler-124 c",,1.75000000,13.82137500000,,,0.636000,4984.00
"Kepler-30 b",11.30000000,3.90000000,29.33434000000,,0.990000,0.950000,5498.00
"Kepler-979 b",,2.72000000,8.08801350000,,0.870000,0.830000,5310.00
"Kepler-1766 b",,2.27904508,105.01499940000,,0.915000,1.042000,5868.00
"Kepler-1446 b",,0.82000000,0.68996783200,,0.810000,0.750000,4865.00
"Kepler-558 b",,2.37000000,29.00790538000,,0.850000,0.810000,5242.00
"CoRoT-2 b",1102.82000000,16.43200000,1.74299350000,,0.960000,0.906000,5625.00
"KOI-1783.01",71.00000000,8.86000000,134.46280000000,,1.076000,1.143000,5922.00
"TOI-1273 b",70.55790635,11.09689089,4.63129600000,1211.00,1.060000,1.060000,5690.00
"TIC 356227008 b",,2.39024009,2.96147448702,,,0.959792,5731.86
"Kepler-1622 b",,1.47000000,10.81187370000,,1.310000,1.500000,6436.00
"TOI-2525 c",208.81326340,10.13291855,49.25190000000,,0.849000,0.785000,5096.00
"TIC 423703298 b",,2.77230429,4.03712711976,,,0.729825,4540.37
"WASP-49 b",117.59710000,12.44199000,2.78174000000,,0.920000,0.970000,5600.00
"Kepler-1727 b",,3.17321625,9.02929973600,,0.824000,0.820000,5349.00
"Kepler-1468 c",,1.15000000,3.54553021000,,1.040000,1.050000,5893.00
"K2-155 b",,1.80000000,6.34200000000,708.00,0.650000,0.580000,4258.00
"TOI-4666 b",155.41809102,12.53164042,2.90891650000,695.00,0.576000,0.585000,3793.00
"Kepler-1517 b",,9.76000000,5.54608366500,,1.580000,1.950000,7010.00
"Kepler-1303 b",,1.42000000,7.56127224000,,1.010000,1.000000,5771.00
"EPIC 201615463 c",,1.22000000,3.80464000000,,1.073000,,
"Kepler-1748 b",,2.71275017,5.82352018400,,0.916000,0.864000,5774.00
"TOI-1752 b",,1.69300000,0.93518610000,1036.00,0.524000,0.530000,3762.00
"TOI-733 b",5.72000000,1.99200000,4.88476500000,1055.80,0.956000,0.949000,5585.00
"HD 207897 b",14.80000000,2.34302132,16.20166000000,581.75,0.820800,0.782700,5106.00
"TOI-5716 b",,0.96000000,6.76630000000,400.00,0.190000,0.220000,3436.00
"Kepler-1441 b",,1.31000000,39.44198390000,,1.000000,1.000000,5802.00
"Kepler-567 b",,2.25000000,16.54297375000,,0.840000,0.790000,5148.00
"Kepler-161 b",,2.12000000,4.92135500000,,,0.806000,5078.00
"Kepler-1083 b",,3.36000000,33.41779930000,,0.810000,0.770000,5049.00
"K2-190 b",,1.35673729,10.09885800000,,0.904597,0.912206,5631.00
"WASP-95 b",457.67520000,13.78707000,2.18467000000,,1.460000,1.230000,5830.00
"K2-224 b",,1.56000000,4.47904000000,1002.00,0.910000,0.840000,5620.00
"Kepler-1327 b",,1.80000000,14.88801098000,,1.020000,1.030000,5885.00
"Kepler-1984 b",,6.81000000,1.99281233900,675.00,0.450000,0.420000,3638.00
"Kepler-767 b",,6.64000000,161.52801010000,,0.960000,0.940000,5694.00
"Kepler-364 c",,2.15000000,59.98062700000,,,1.284000,6108.00
"K2-6 b",,2.50000000,30.94191000000,615.00,0.970000,0.960000,5850.00
"Kepler-1821 b",,2.59248115,16.45809937000,,0.946000,0.884000,5475.00
"Kepler-963 b",,2.66000000,9.97683705000,,0.910000,0.870000,5461.00
"Kepler-52 b",135.00000000,2.10000000,7.87735650000,,0.540000,0.520000,4075.00
"Kepler-724 b",,3.29000000,3.31494633800,,0.900000,0.860000,5437.00
"Kepler-33 b",,1.74000000,5.66793000000,,1.291000,1.820000,5904.00
"Kepler-619 c",,1.69000000,1.20846502600,,1.090000,1.110000,5980.00
"Kepler-1371 b",,0.73000000,3.44620390000,,0.870000,0.830000,5361.00
"Kepler-1384 b",,1.94000000,15.36262753000,,0.780000,0.740000,4919.00
"EPIC 211822797 b",,1.92000000,21.17019630000,431.00,0.620000,0.580000,4057.00
"Kepler-1690 b",,2.81109223,234.63600000000,,0.940000,0.862346,5404.00
"HATS-69 b",183.38791000,10.59250500,2.22525770000,1295.70,0.892000,0.878500,5137.00
"TOI-2018 b",9.20000000,2.26800000,7.43558300000,,0.570000,0.620000,4174.00
"Kepler-1248 b",,1.18000000,7.46725407000,,1.210000,1.210000,6149.00
"WASP-21 b",95.34500000,11.99000000,4.32248200000,,,,
"Kepler-1929 b",,3.07250761,59.36249924000,,1.006000,1.471000,5786.00
"WASP-65 b",492.62000000,12.46400000,2.31142430000,1480.00,0.930000,1.010000,5600.00
"Kepler-207 c",,1.50000000,3.07157100000,,,1.588000,5920.00
"Kepler-920 b",,2.42000000,6.53192704000,,0.890000,0.850000,5403.00
"Kepler-1526 b",,2.43000000,3.90863200500,,0.730000,0.690000,4601.00
"Kepler-758 b",,2.48000000,12.10971040000,,1.160000,1.420000,6228.00
"Kepler-903 b",,2.01000000,10.35077210000,,0.980000,0.970000,5682.00
"Kepler-497 b",,6.04000000,3.57320367100,,1.090000,1.110000,5834.00
"Kepler-127 b",,1.40000000,14.43588900000,,,1.359000,6106.00
"Kepler-1436 b",,1.31000000,9.70571600000,,1.060000,1.090000,5972.00
"Kepler-27 c",4385.87000000,4.90000000,31.33090000000,,0.650000,0.590000,5400.00
"K2-261 b",68.96876432,9.26982704,11.63346810000,1036.00,1.107000,1.663000,5490.00
"Kepler-1917 b",,1.88971288,12.90240002000,,0.882000,0.788000,5530.00
"Kepler-290 b",,2.25000000,14.58934700000,,,0.743000,5147.00
"Kepler-1290 b",,1.42000000,4.69500134000,,0.950000,0.930000,5660.00
"WASP-149 b",314.96795134,15.24421375,1.33281300000,1855.00,1.050000,1.080000,5750.00
"Kepler-826 b",,1.25000000,4.48758907000,,1.050000,1.150000,6079.00
"KIC 8540376 b",,4.10000000,31.80990000000,,1.040000,1.260000,6474.00
"K2-406 b",,4.60200000,22.54940600000,,0.798000,0.961000,5784.00
"Kepler-282 b",,1.01000000,9.22052400000,,,0.904000,5602.00
"HD 219134 d",16.17000000,1.61000000,46.85900000000,410.50,0.810000,0.778000,4699.00
"Kepler-1794 b",,1.79426276,9.76298046100,,0.773000,0.816000,5052.00
"HD 143811 AB b",1938.75328270,15.69257298,117000.00000000000,,1.320000,,6791.00
"TOI-5803 b",,3.27320000,5.38305000000,678.87,0.870000,0.762500,5134.00
"CoRoT-10 b",874.00000000,10.87000000,13.24060000000,600.00,0.890000,0.790000,5075.00
"KOI-351 b",,1.31000000,7.00815100000,,1.200000,1.200000,6080.00
"Kepler-1305 b",,1.88000000,13.56309720000,,0.970000,0.960000,5701.00
"Kepler-1259 b",,1.43000000,0.66308525800,,0.800000,0.770000,5053.00
"Kepler-255 b",,1.55000000,5.71460600000,,,0.933000,5573.00
"Kepler-1599 b",,1.62000000,122.36355300000,,0.990000,0.990000,5767.00
"HATS-60 b",210.40346000,12.92397700,3.56082900000,1528.00,1.097000,1.460000,5688.00
"HATS-14 b",340.39593000,11.64615100,2.76676410000,1276.00,0.967000,0.933000,5346.00
"Kepler-343 c",,2.02000000,23.22182000000,,,1.433000,5807.00
"Kepler-651 b",,2.37000000,21.38521506000,,0.920000,0.870000,5522.00
"Kepler-1742 b",,2.17824130,49.47819901000,,0.939000,0.849000,5776.00
"K2-107 b",,15.98000000,3.31395900000,1649.00,1.300000,1.810000,6061.00
"Kepler-290 c",,2.70000000,36.77031000000,,,0.743000,5147.00
"Kepler-1779 b",,3.03295685,16.34359932000,,1.008000,1.056000,5730.00
"Kepler-1210 b",,1.70000000,8.07124073000,,0.940000,0.920000,5568.00
"Kepler-219 b",,2.95000000,4.58551200000,,,1.491000,5786.00
"Kepler-1304 b",,2.29000000,16.12888530000,,0.850000,0.810000,5259.00
"Qatar-5 b",1373.02560000,12.40836300,2.87923190000,1415.00,1.128000,1.076000,5747.00
"Kepler-894 b",,2.78000000,9.80322400000,,0.870000,0.850000,5603.00
"Kepler-154 b",,2.26000000,33.04053200000,,,1.001000,5690.00
"TOI-5713 b",,1.77000000,10.44198900000,347.20,0.265300,0.299200,3225.00
"Kepler-107 b",3.80000000,1.53600000,3.18002180000,1592.00,1.238000,1.447000,5854.00
"TOI-4515 b",637.00000000,12.17000000,15.26644600000,705.00,0.949000,0.860000,5433.00
"TOI-2267 b",,1.00000000,2.28909000000,424.00,0.171000,0.207500,3030.00
"Kepler-395 b",,1.03000000,7.05434600000,,,0.556000,4262.00
"Kepler-81 c",,2.37000000,12.04000000000,,0.640000,0.590000,
"K2-285 c",15.68000000,3.53000000,7.13804800000,741.40,0.830000,0.787000,4975.00
"Kepler-385 b",,2.73000000,10.04368600000,,,1.126000,6326.00
"Kepler-635 b",,2.64000000,23.44971004000,,1.330000,1.510000,6174.00
"Kepler-691 b",,2.09000000,8.11437900000,,0.530000,0.500000,3715.00
"Kepler-151 c",,2.09000000,24.67461200000,,,0.830000,5460.00
"TOI-333 b",20.10000000,4.26000000,3.78525030000,1445.00,1.200000,1.100000,6241.00
"K2-8 b",,3.58000000,10.35239000000,631.00,0.780000,0.740000,4870.00
"Kepler-565 b",,3.64000000,4.24374722600,,0.980000,0.950000,5735.00
"TOI-929 b",,2.68983343,5.83015366944,,,0.717414,4457.16
"Kepler-216 b",,2.35000000,7.69364100000,,,1.260000,6091.00
"TOI-2005 b",2034.10180480,11.99360935,17.30590400000,,1.590000,2.020000,7130.00
"Kepler-418 b",349.61124770,13.45000000,86.67856000000,,0.980000,1.090000,5820.00
"KIC 10525077 b",,5.50000000,854.08300000000,,1.010000,1.010000,6091.00
"K2-155 d",,1.90000000,40.71800000000,381.00,0.650000,0.580000,4258.00
"HAT-P-15 b",616.59020000,11.88154000,10.86350000000,,1.000000,1.070000,5568.00
"Kepler-609 b",,3.35000000,6.52121066600,,1.090000,1.140000,5971.00
"TOI-6080 b",,3.32424168,8.05562348084,,,1.062210,5775.46
"Kepler-112 c",,2.40000000,28.57426300000,,,0.841000,5544.00
"Kepler-215 e",,1.75000000,68.16101000000,,,1.027000,5739.00
"Kepler-1100 b",,1.75000000,6.42200058000,,1.210000,1.340000,6247.00
"Kepler-347 d",,3.04000000,85.51734400000,482.00,1.000000,1.451000,5592.00
"Kepler-990 b",,2.60000000,9.91723428000,,1.050000,1.080000,5948.00
"TOI-6130 b",333.71982735,14.34749530,2.39267900000,1750.00,1.310000,1.510000,6110.00
"HATS-57 b",1000.21101000,12.76705100,2.35062100000,1413.40,1.026000,0.960000,5587.00
"Kepler-271 b",,1.23000000,10.43547805000,,0.900000,0.870000,5555.00
"Kepler-280 c",,2.01000000,4.80709100000,,,0.886000,5744.00
"Kepler-1447 b",,2.90000000,56.67472850000,,0.970000,0.950000,5722.00
"Kepler-337 b",,1.54000000,3.29278100000,,,1.761000,5684.00
"TrES-3 b",607.03000000,14.97500000,1.30618581000,,0.928000,0.829000,5650.00
"Kepler-1553 b",,1.15000000,4.24261881000,,0.850000,0.810000,5288.00
"TOI-3288 b",536.17652261,12.24020692,1.43386470000,973.00,0.643000,0.672000,4072.00
"Kepler-485 b",,14.41000000,3.24325979600,,1.070000,1.090000,5958.00
"Kepler-681 b",,3.08000000,26.39435646000,,0.800000,0.760000,5021.00
"TOI-5799 c",,1.76000000,14.01044900000,337.00,0.325000,0.321000,3452.00
"Kepler-632 b",,2.21000000,30.99660733000,,0.910000,0.840000,5322.00
"TOI-1718 b",,4.10824994,5.58703768615,,,0.939285,5304.91
"Kepler-105 b",10.80000000,2.53000000,5.41220340000,,0.991000,1.026000,5933.00
"TOI-1260 b",8.56000000,2.41000000,3.12746300000,871.00,0.679000,0.672000,4227.00
"Kepler-418 c",,5.22108654,12.21829987000,,0.957000,1.081000,5822.00
"Kepler-1247 b",,2.33000000,13.71220213000,,0.860000,0.820000,5303.00
"Kepler-62 f",35.00000000,1.41000000,267.29100000000,208.00,0.690000,0.640000,4925.00
"Kepler-1360 b",,3.40000000,40.52864130000,,1.510000,1.830000,6778.00
"Kepler-1664 b",,3.03320653,14.38680000000,,,,5735.81
"Kepler-1172 b",,3.20000000,26.02044230000,,0.920000,0.890000,5558.00
"BD-14 3065 b",3932.00000000,21.59000000,4.28897310000,2001.00,1.410000,2.350000,6935.00
"TOI-1279 b",10.60000000,2.66146528,9.61419000000,759.00,0.878400,0.842600,5457.00
"WASP-156 b",42.00000000,6.15000000,3.83616290000,,,,5036.00
"TOI-1184 b",,2.39000000,5.74843380300,,0.710000,0.690000,4534.00
"Kepler-66 b",,2.80000000,17.81581500000,,1.038000,0.966000,5962.00
"Kepler-260 c",,1.74000000,76.05017800000,,,0.862000,5250.00
"K2-117 c",,2.06000000,5.44401700000,537.00,0.540000,0.510000,3778.00
"TOI-5335 b",,4.02422162,3.61365988443,,,0.916633,5528.92
"Kepler-900 b",,2.08000000,6.99130860000,,0.780000,0.730000,4836.00
"HD 15906 b",,2.24000000,10.92470900000,668.00,0.790000,0.762000,4757.00
"Kepler-472 b",,3.22000000,4.17625551400,,0.850000,0.780000,4996.00
"Kepler-269 c",,1.69000000,8.12789900000,,,0.959000,5847.00
"Kepler-821 b",,1.31000000,1.92279873000,,0.840000,0.800000,5191.00
"Kepler-1482 b",,1.01000000,12.25383217000,,0.880000,0.840000,5381.00
"Kepler-19 b",6.10000000,2.20900000,9.28699000000,851.00,0.936000,0.859000,5541.00
"Kepler-1035 b",,1.17000000,2.71407755500,,0.980000,0.970000,5763.00
"Kepler-505 b",,2.60000000,27.52197994000,,0.550000,0.530000,3931.00
"Kepler-376 c",,1.79000000,14.17232700000,,,1.175000,5900.00
"Kepler-114 c",2.80000000,1.60000000,8.04100000000,,0.560000,0.540000,
"Kepler-79 c",4.60000000,3.76000000,27.40260000000,,1.244000,1.316000,6389.00
"Kepler-286 e",,1.77000000,29.22128900000,,,0.863000,5580.00
"TOI-6383 A b",331.00000000,11.29000000,1.79058695000,745.00,0.458000,0.457000,3444.00
"Kepler-1687 b",,1.65623882,5.77954000000,,0.650000,0.726119,4132.00
"EPIC 206042996 b",,1.70000000,5.29860000000,,,0.500000,4114.00
"Kepler-1544 b",,1.78000000,168.81117400000,,0.810000,0.740000,4886.00
"HAT-P-9 b",238.05467000,15.61413700,3.92281072000,1540.00,1.281000,1.338000,6350.00
"TOI-5160 b",,2.39729851,4.28077325600,,,1.033150,5622.14
"Kepler-87 b",324.20000000,13.49000000,114.73635000000,478.00,1.100000,1.820000,5600.00
"Kepler-166 d",,1.73000000,1.55400392800,,0.880000,0.830000,5350.00
"LHS 1903 e",5.79000000,1.73200000,29.31773000000,333.00,0.538000,0.539000,3664.00
"Kepler-587 b",,2.23000000,10.94027841000,,0.920000,0.890000,5549.00
"Kepler-74 b",200.22000000,10.76000000,7.34071100000,1078.00,1.180000,1.120000,6000.00
"TOI-1842 b",89.40000000,12.34850230,9.57391810000,1199.55,1.464300,2.032000,6039.00
"K2-98 b",34.00763955,5.06645928,10.13673490000,1185.00,1.246000,1.518000,6260.00
"Kepler-243 b",,2.45000000,5.71544200000,,,0.842000,5228.00
"K2-290 c",246.00042000,11.27625400,48.36685000000,676.00,1.194000,1.511000,6302.00
"Kepler-1371 c",,0.64000000,2.00541269000,,0.870000,0.830000,5361.00
"Kepler-1270 b",,3.32000000,6.03356196000,,1.280000,3.380000,5047.00
"TOI-2266 b",,1.54000000,2.32631800000,550.00,0.230000,0.240000,3200.00
"Kepler-291 c",,1.88000000,5.70078600000,,,1.016000,6002.00
"K2-211 b",,1.33162691,0.66956100000,1873.00,0.851000,0.818000,5117.00
"TOI-2136 b",6.37000000,2.19000000,7.85192800000,395.00,0.340000,0.340000,3342.00
"K2-171 b",,2.68657205,5.62846600000,,0.891587,1.717458,5250.00
"K2-265 b",7.34183620,1.70824866,2.36902000000,1366.00,0.901000,0.920000,5420.00
"KELT-1 b",8654.15000000,12.44200000,1.21751400000,,1.335000,1.471000,6516.00
"Kepler-1642 c",,2.66000000,6.65138020000,,0.880000,0.840000,5355.00
"Kepler-380 c",,1.27000000,7.63000400000,,,1.224000,6045.00
"Kepler-969 c",,0.99000000,1.68293460400,,0.920000,0.820000,5214.00
"Kepler-1991 b",,1.47000000,13.26079792000,760.00,0.914000,1.053000,5478.00
"Kepler-738 b",,2.50000000,24.58721573000,,0.860000,0.820000,5327.00
"Kepler-1014 b",,2.39000000,16.57110363000,,0.880000,0.840000,5388.00
"Kepler-1155 b",,2.03000000,33.46974300000,,1.030000,1.030000,5842.00
"WASP-174 b",104.88337431,16.10730527,4.23370050000,1528.00,1.240000,1.347000,6399.00
"HIP 29442 c",4.50000000,1.55100000,3.53795590000,1123.00,0.901000,0.980000,5289.00
"TOI-4479 b",,2.82000000,1.15890000000,861.00,0.452000,0.451000,3400.00
"Kepler-1494 b",,3.07000000,91.08048200000,,0.960000,0.940000,5659.00
"TOI-444 b",,2.77000000,17.96360000000,609.00,0.960000,0.779000,5225.00
"WASP-123 b",,15.13212395,,1500.00,,,
"Ross 458 c",1906.98000000,14.01125000,,,,,
"HD 715 b",201.82103844,11.99360935,56.40000000000,798.00,1.600000,2.500000,6070.00
"Kepler-1007 b",,1.44000000,5.18500207300,,0.730000,0.700000,4587.00
"Kepler-1275 b",,1.48000000,3.65691115000,,1.230000,1.360000,6296.00
"Kepler-555 b",,2.83000000,16.21775407000,,1.030000,1.040000,5894.00
"Kepler-716 b",,2.90000000,10.37168453000,,0.830000,0.780000,5099.00
"Kepler-596 b",,3.46000000,21.30022655000,,1.210000,1.320000,6267.00
"Kepler-353 c",,1.38000000,8.41089400000,,,0.504000,3903.00
"Kepler-896 b",,2.53000000,144.54739600000,,0.840000,0.810000,5262.00
"K2-326 b",,2.28000000,1.25600000000,1114.00,0.507000,0.688000,3924.00
"TIC 24750448 c",,3.09028272,10.14385270726,,,0.713599,4545.43
"HATS-76 b",835.57088200,12.09449018,1.94164230000,939.80,0.662000,0.625900,4016.00
"Kepler-1231 b",,1.42000000,10.41725184000,,1.010000,1.000000,5778.00
"Kepler-896 c",,3.15000000,29.54225660000,515.00,0.877000,0.803000,5510.00
"Kepler-100 b",4.01000000,1.34000000,6.88734000000,,1.130000,1.510000,5837.00
"WASP-11 b",251.08570000,12.44199000,3.72247000000,,1.420000,0.890000,4800.00
"HATS-56 b",191.33366000,18.92079200,4.32479900000,1902.00,1.573000,2.201000,6536.00
"WASP-119 b",390.93090000,15.69260000,2.49979000000,1600.00,1.020000,1.200000,5650.00
"Kepler-499 b",,2.17000000,5.63252845300,,0.870000,0.830000,5312.00
"HAT-P-29 b",279.69040000,13.11453000,5.72319000000,,1.450000,1.300000,6087.00
"Kepler-1520 b",,5.77000000,0.65355357200,,0.760000,0.710000,4677.00
"Kepler-962 b",,1.97000000,12.05707239000,,0.930000,0.860000,5478.00
"Kepler-1951 b",,2.32107188,20.65780067000,,0.923000,1.306000,5468.00
"K2-270 b",,1.38000000,1.54306900000,1203.00,0.850000,0.770000,4877.00
"Kepler-704 b",,2.61000000,3.76182115000,,0.970000,0.960000,5616.00
"Kepler-294 c",,2.71000000,6.62640000000,,,0.976000,5913.00
"TOI-6000 b",,0.94000000,0.44895900000,1120.00,0.370000,0.380000,3419.00
"K2-176 b",,1.49090097,5.32943900000,,0.938545,0.864160,5428.00
"SWEEPS-11 b",3082.82000000,12.66600000,1.79600000000,,1.100000,1.450000,
"Kepler-1294 b",,3.19000000,115.68622580000,,0.990000,0.970000,5776.00
"Kepler-1635 b",,3.64000000,469.63111000000,,0.890000,0.850000,5347.00
"HD 50554 d",10.40000000,1.41000000,28.06940000000,,1.040000,1.146000,5968.00
"TOI-3053 b",270.15414595,13.56286665,2.99199870000,1290.00,0.960000,0.970000,5378.00
"K2-201 c",,3.28568401,22.77987800000,,0.956055,0.878161,5507.00
"TOI-2152 A b",899.45439181,14.35870428,3.37735120000,1802.00,1.516000,1.612000,6630.00
"K2-185 c",,2.39000000,52.71349400000,477.00,0.960000,0.940000,5788.00
"TOI-1235 b",6.69000000,1.69000000,3.44471400000,,0.630000,0.619000,3997.00
"Kepler-1613 b",,2.08000000,1.51842990000,,1.080000,1.120000,6005.00
"Kepler-1621 b",,2.16000000,92.26371400000,,1.150000,1.240000,6158.00
"NGTS-12 b",66.10864000,11.74703200,7.53280600000,1257.00,1.021000,1.589000,5690.00
"K2-295 b",106.47305000,10.05447300,4.02486700000,852.00,0.740000,0.700000,4444.00
"TOI-206 b",,1.30000000,0.73631040000,910.00,0.350000,0.350000,3383.00
"Kepler-325 d",,2.79000000,38.71518500000,,,1.003000,5752.00
"Kepler-346 b",,2.66000000,6.51112700000,,,1.021000,6033.00
"Kepler-372 d",,1.69000000,30.09256800000,,,1.137000,6509.00
"K2-402 b",,2.67800000,17.27474000000,,0.944000,1.280000,5716.00
"TOI-2458 b",13.31000000,2.83000000,3.73659000000,1509.40,1.050000,1.310000,6005.00
"K2-260 b",546.66486004,18.41635529,2.62669762000,2090.00,1.637000,1.755000,6860.00
"Kepler-1542 e",,0.76000000,5.10115756000,,0.940000,0.990000,5564.00
"K2-205 b",,1.99552771,26.67226300000,,0.951027,1.077574,5890.00
"Kepler-578 b",,2.00000000,1.61688369600,,0.870000,0.830000,5334.00
"Kepler-1596 b",,1.90000000,66.37337900000,,0.950000,0.920000,5706.00
"Kepler-530 b",,3.01000000,39.30941904000,,0.970000,0.890000,5697.00
"Kepler-1562 b",,3.55000000,64.27377520000,,1.020000,1.050000,5760.00
"K2-398 c",,5.09800000,18.78783900000,,0.945000,1.239000,5946.00
"HATS-59 b",256.17098000,12.62133400,5.41608100000,1128.00,1.038000,1.036000,5670.00
"Kepler-198 b",,2.82000000,17.79003700000,,,0.940000,5574.00
"Kepler-1243 b",,1.75000000,16.83207290000,,0.960000,0.940000,5667.00
"K2-123 b",,2.76000000,30.95152400000,338.00,0.620000,0.590000,4035.00
"K2-348 b",,3.26000000,4.68841800000,908.00,0.830000,0.850000,5077.00
"Kepler-1388 c",,2.26000000,5.53608151000,,0.630000,0.610000,4098.00
"TOI-6038 A b",78.50000000,6.41000000,5.82673110000,1439.00,1.291000,1.648000,6110.00
"HD 56414 b",,3.71000000,29.04992000000,1133.00,1.890000,1.751000,8500.00
"K2-337 b",,2.62000000,16.27356300000,850.00,0.940000,1.320000,5869.00
"Kepler-148 d",,8.68000000,51.84688575000,,0.860000,0.810000,5172.00
"Kepler-305 d",6.20000000,2.76000000,16.74000000000,,0.827000,0.792000,5090.00
"K2-130 b",,1.25000000,2.49412000000,,0.695630,0.744261,4356.47
"Kepler-430 b",,3.25000000,35.96800000000,667.00,1.166000,1.485000,5884.00
"Kepler-1470 b",,1.07000000,16.29509030000,,0.800000,0.760000,4961.00
"Kepler-524 c",,0.96000000,1.88897906000,,1.090000,1.100000,6014.00
"Kepler-329 b",,1.40000000,7.41639700000,,,0.523000,4257.00
"K2-322 b",,1.92000000,8.20500000000,635.00,0.630000,0.602000,4141.00
"Kepler-175 b",,2.56000000,11.90351500000,,,1.010000,6064.00
"WASP-52 b",146.20000000,14.24000000,1.74977980000,1315.00,0.870000,0.790000,5000.00
"WASP-43 b",565.71400000,10.42400000,0.81347500000,,0.580000,0.600000,4400.00
"KOI-94 d",106.00000000,11.27000000,22.34298900000,806.00,1.277000,1.520000,6182.00
"KOI-94 c",15.60000000,4.32000000,10.42364800000,1012.00,1.277000,1.520000,6182.00
"KOI-94 e",35.00000000,6.56000000,54.32031000000,584.00,1.277000,1.520000,6182.00
"KOI-94 b",10.50000000,1.71000000,3.74320800000,1486.00,1.277000,1.520000,6182.00
"WASP-103 b",473.54700000,17.12700000,0.92554200000,2508.00,1.220000,1.436000,6110.00
"Kepler-51 b",2.10000000,7.10000000,45.15400000000,543.00,1.040000,0.940000,6018.00
"Kepler-51 d",7.60000000,9.70000000,130.19400000000,381.00,1.040000,0.940000,6018.00
"Kepler-51 c",4.00000000,9.00000000,85.31200000000,439.00,1.040000,0.940000,6018.00
"WASP-96 b",152.55000000,13.45000000,3.42526020000,1285.00,1.060000,1.050000,5540.00
"HAT-P-12 b",67.05900000,10.74900000,3.21305980000,963.00,0.733000,0.701000,4650.00
"HAT-P-13 b",270.46200000,14.25800000,2.91625000000,,,,
"HAT-P-1 b",166.86075000,14.78467100,4.46529976000,1322.00,1.151000,1.174000,5980.00
"KELT-4 A b",286.68266000,19.04409100,2.98959320000,1823.00,1.201000,1.603000,6206.00
"GJ 436 b",22.10000000,4.17000000,2.64388312000,,0.470000,0.455000,
"WASP-80 b",170.99254000,11.19779100,3.06785234000,825.00,0.577000,0.586000,4143.00
"HATS-6 b",101.38777000,11.18658200,3.32527250000,712.80,0.574000,0.570000,3724.00
"TOI-431 d",9.90000000,3.29000000,12.46103000000,633.00,0.780000,0.731000,4850.00
"TRAPPIST-1 b",1.37400000,1.11600000,1.51082600000,,0.089800,0.119200,2566.00
"TRAPPIST-1 c",1.30800000,1.09700000,2.42193700000,,0.089800,0.119200,2566.00
"TRAPPIST-1 d",0.38800000,0.78800000,4.04921900000,,0.089800,0.119200,2566.00
"TRAPPIST-1 e",0.69200000,0.92000000,6.10101300000,,0.089800,0.119200,2566.00
"TRAPPIST-1 f",1.03900000,1.04500000,9.20754000000,,0.089800,0.119200,2566.00
"TRAPPIST-1 g",1.32100000,1.12900000,12.35244600000,,0.089800,0.119200,2566.00
"TRAPPIST-1 h",0.32600000,0.75500000,18.77286600000,,0.089800,0.119200,2566.00
"K2-34 b",,13.75000000,2.99563480000,1687.00,1.160000,1.420000,6168.00
"TOI-1442 b",,1.17000000,0.40906770000,1072.00,0.290000,0.310000,3330.00
"TOI-2260 b",,1.62000000,0.35247280000,2609.00,0.990000,0.940000,5534.00
"TOI-2445 b",,1.25000000,0.37112810000,1060.00,0.250000,0.270000,3333.00
"TOI-2109 b",1595.49860314,15.09849700,0.67247414000,3646.00,1.453000,1.698000,6540.00
"HATS-75 b",156.05374784,9.90873894,2.78865560000,772.30,0.601700,0.584800,3790.40
"LTT 1445 A c",1.54000000,1.14700000,3.12390350000,508.00,0.257000,0.265000,3340.00
"WASP-18 b",3241.84975140,13.89913607,0.94145223000,2429.00,1.294000,1.319000,6432.00
"WASP-19 b",366.77398168,15.86070769,0.78883852000,2113.00,0.965000,1.006000,5616.00
"WASP-189 b",632.47852993,18.14733975,2.72403300000,3353.00,2.030000,2.360000,8000.00
"TOI-1670 b",41.31769291,2.06000000,10.98462000000,1062.00,1.210000,1.316000,6170.00
"TOI-1670 c",200.23189641,11.06326395,40.74976000000,684.00,1.210000,1.316000,6170.00
"K2-22 b",,2.30000000,0.38107300000,,,0.580000,3879.00
"TOI-500 b",1.42000000,1.16600000,0.54817700000,1617.00,0.740000,0.678000,4440.00
"GJ 3929 b",1.75000000,1.09000000,2.61623500000,568.00,0.313000,0.320000,3384.00
"HD 260655 b",2.14000000,1.24000000,2.76953000000,709.00,0.439000,0.439000,3803.00
"HD 260655 c",3.09000000,1.53300000,5.70588000000,557.00,0.439000,0.439000,3803.00
"TOI-3714 b",222.47988490,11.32107051,2.15484900000,750.00,0.530000,0.510000,3660.00
"Kepler-167 b",,1.71800000,4.39315390000,918.00,0.777000,0.749000,4884.00
"Kepler-167 c",,1.67400000,7.40610600000,771.00,0.777000,0.749000,4884.00
"Kepler-167 d",,1.23800000,21.80379000000,538.00,0.777000,0.749000,4884.00
"Kepler-167 e",321.00669107,10.16000000,1071.23205000000,134.40,0.777000,0.749000,4884.00
"TOI-3757 b",85.30000000,12.00000000,3.43875300000,759.00,0.640000,0.620000,3913.00
"WASP-7 b",305.11680000,14.90797000,4.95464160000,1487.00,1.276000,1.432000,6400.00
"K2-33 b",1175.97100000,5.04000000,5.42486500000,,0.560000,1.050000,3540.00
"KELT-20 b",1074.90106000,19.51486900,3.47410850000,2262.00,1.760000,1.565000,8720.00
"GJ 3470 b",13.90000000,4.57000000,3.33664960000,593.50,0.539000,0.547000,3600.00
"K2-232 b",126.49634000,11.20900000,11.16845400000,1030.00,1.188000,1.161000,6154.00
"HAT-P-30 b",263.79890000,16.14096000,2.81060000000,,1.550000,1.310000,6304.00
"HAT-P-14 b",1093.33520000,15.91678000,4.62767000000,,2.650000,1.820000,6600.00
"HAT-P-17 b",184.34140000,11.76945000,10.33852000000,,0.990000,0.870000,5246.00
"HAT-P-26 b",22.24810000,7.06167000,4.23452000000,,1.120000,0.870000,5079.00
"TrES-4 b",247.90740000,18.04649000,3.55395000000,,1.080000,1.660000,6200.00
"HD 149026 b",120.77540000,8.29466000,2.87589000000,,1.420000,1.410000,6179.00
"HD 189733 b",359.14790000,12.66617000,2.21857567000,,0.790000,0.750000,5052.00
"HD 209458 b",232.01590000,15.58051000,3.52474859000,,1.230000,1.190000,6091.00
"WASP-15 b",171.62820000,15.80469000,3.75210000000,,1.180000,1.480000,6300.00
"WASP-17 b",247.90740000,20.96083000,3.73543000000,,2.280000,1.490000,6550.00
"WASP-94 A b",158.91500000,17.71022000,3.95019000000,,1.670000,1.480000,6170.00
"WASP-63 b",117.59710000,15.80469000,4.37808000000,,1.280000,1.860000,5550.00
"KELT-7 b",441.78370000,17.93440000,2.73477000000,,1.760000,1.810000,6768.00
"KELT-8 b",209.76780000,18.15858000,3.24406000000,,0.810000,1.460000,5754.00
"NGTS-2 b",235.19420000,17.87835500,4.51116400000,1468.00,1.640000,1.702000,6478.00
"WASP-164 b",676.97790000,12.64375200,1.77712550000,1610.00,0.946000,0.932000,5806.00
"K2-18 b",8.92000000,2.37000000,32.93962300000,284.00,0.359000,0.411000,3457.00
"TOI-1075 b",9.95000000,1.79100000,0.60473280000,1323.00,0.604000,0.581000,3875.00
"WASP-148 b",91.21675281,8.47398941,8.80380900000,,0.954000,0.912000,5555.00
"LP 890-9 b",13.20000000,1.32000000,2.72990250000,396.00,0.118000,0.155600,2850.00
"LP 890-9 c",25.30000000,1.36700000,8.45746300000,272.00,0.118000,0.155600,2850.00
"HD 20329 b",7.42000000,1.72000000,0.92611800000,2141.00,0.900000,1.130000,5596.00
"TOI-700 b",,0.91400000,9.97721900000,,0.415000,0.421000,3459.00
"TOI-700 c",,2.60000000,16.05113700000,,0.415000,0.421000,3459.00
"TOI-700 d",,1.07300000,37.42396000000,,0.415000,0.421000,3459.00
"TOI-700 e",,0.95300000,27.80978000000,,0.415000,0.421000,3459.00
"TOI-3235 b",211.35589065,11.39953337,2.59261842000,604.00,0.393900,0.369700,3388.80
"TOI-836 b",4.53000000,1.70400000,3.81673000000,871.00,0.678000,0.665000,4552.00
"TOI-836.01",9.60000000,2.58700000,8.59545000000,665.00,0.678000,0.665000,4552.00
"TOI-181 b",46.16870000,6.95590000,4.53200000000,895.10,0.822000,0.745000,4994.00
"TOI-5205 b",343.00000000,11.60000000,1.63075700000,737.00,0.392000,0.394000,3430.00
"K2-141 b",4.97000000,1.51000000,0.28032440000,2103.00,0.708000,0.681000,4570.00
"K2-141 c",8.00000000,7.00000000,7.74850000000,695.00,0.708000,0.681000,4570.00
"LP 791-18 b",,1.21200000,0.94799810000,564.30,0.139000,0.182000,2960.00
"HD 207496 b",6.10000000,2.25000000,6.44100800000,743.00,0.800000,0.769000,4819.00
"TOI-1416 b",3.48000000,1.62000000,1.06975680000,1517.00,0.798000,0.793000,4884.00
"TOI-4010 b",11.00000000,3.02000000,1.34833500000,1441.00,0.880000,0.830000,4960.00
"TOI-4010 c",20.31000000,5.93000000,5.41465400000,907.00,0.880000,0.830000,4960.00
"TOI-4010 d",38.15000000,6.18000000,14.70886000000,650.00,0.880000,0.830000,4960.00
"WASP-84 b",220.00000000,10.72000000,8.52349648000,732.00,0.853000,0.768000,
"WASP-84 c",15.20000000,1.95000000,1.44688490000,1329.00,0.853000,0.768000,
"TOI-3984 A b",44.00000000,7.90000000,4.35332600000,563.00,0.490000,0.470000,3476.00
"TOI-5293 A b",170.40000000,11.90000000,2.93028900000,675.00,0.540000,0.520000,3586.00
"GJ 357 b",,1.20000000,3.93060000000,518.00,0.342000,0.337000,3505.00
"TOI-199 b",54.03082919,9.07927437,104.85400000000,,0.936000,0.820000,5255.00
"LHS 475 b",,0.99100000,2.02908800000,586.00,0.262000,0.278900,3300.00
"TOI-1801 b",5.73800000,2.07900000,10.64387000000,493.70,0.556000,0.547000,3863.00
"TOI-1420 b",25.10000000,11.89000000,6.95610630000,957.00,0.987000,0.923000,5510.00
"HD 110067 b",5.69000000,2.20000000,9.11367800000,800.00,0.798000,0.788000,5266.00
"HD 110067 c",6.30000000,2.38800000,13.67369400000,699.00,0.798000,0.788000,5266.00
"HD 110067 d",8.52000000,2.85200000,20.51961700000,602.00,0.798000,0.788000,5266.00
"HD 110067 e",3.90000000,1.94000000,30.79309100000,533.00,0.798000,0.788000,5266.00
"HD 110067 f",5.04000000,2.60100000,41.05854000000,489.00,0.798000,0.788000,5266.00
"HD 110067 g",8.40000000,2.60700000,54.76992000000,440.00,0.798000,0.788000,5266.00
"GJ 806 b",1.90000000,1.33100000,0.92632370000,940.00,0.413000,0.414400,3600.00
"HAT-P-65 b",176.07693748,18.05766791,2.60544751000,1818.00,1.297000,1.666000,5872.00
"Kepler-620 b",,3.32000000,12.91375431000,,1.150000,1.220000,6155.00
"DS Tuc A b",,5.70000000,8.13826800000,850.00,1.010000,0.964000,5428.00
"TOI-6158 b",135.00000000,10.40000000,3.04468990000,636.00,0.503000,0.476000,3467.00
"TOI-2048 b",,2.61000000,13.79019000000,,0.830000,0.790000,5185.00
"Kepler-18 b",6.90000000,2.00000000,3.50472500000,,0.972000,1.108000,5345.00
"Kepler-234 b",,3.70000000,2.71150600000,,,1.113000,6224.00
"Kepler-1373 b",,1.16000000,1.29123275000,,1.220000,1.330000,6299.00
"K2-113 b",,12.14000000,5.81768500000,1098.00,1.040000,1.240000,5660.00
"TOI-2000 b",11.00000000,2.70000000,3.09833000000,1488.00,1.082000,1.134000,5611.00
"Kepler-770 d",,1.40000000,4.15244722000,,0.940000,0.920000,5598.00
"HAT-P-32 b",216.12440000,22.19382000,2.15000820000,1835.70,1.132000,1.367000,6001.00
"WASP-166 b",32.10083000,7.06167000,5.44354000000,1270.00,1.190000,1.220000,6050.00
"HD 106315 b",12.60000000,2.44000000,9.55237000000,1153.00,1.091000,1.296000,6327.00
"HD 106315 c",15.20000000,4.35000000,21.05704000000,886.00,1.091000,1.296000,6327.00
"WASP-178 b",527.59780000,20.28829000,3.34482850000,2470.00,2.070000,1.670000,9360.00
"WASP-39 b",89.31023000,14.33631100,4.05529410000,1166.00,0.913000,0.939000,5485.00
"GJ 9827 b",4.28000000,1.44000000,1.20897400000,1035.01,0.620000,0.580000,4236.00
"GJ 9827 c",1.86000000,1.13000000,3.64810300000,715.94,0.620000,0.580000,4236.00
"LTT 3780 b",2.46000000,1.32500000,0.76837931000,903.00,0.381000,0.380000,3358.00
"LTT 3780 c",8.04000000,2.39000000,12.25228400000,359.00,0.381000,0.380000,3358.00
"LHS 1140 b",5.60000000,1.73000000,24.73723000000,226.00,0.184400,0.215900,3096.00
"LHS 1140 c",1.91000000,1.27200000,3.77794000000,422.00,0.184400,0.215900,3096.00
"GJ 1214 b",8.41000000,2.73300000,1.58040453100,567.00,0.182000,0.216200,3101.00
"TOI-1899 b",212.94503269,11.09689089,29.09031200000,378.00,0.632000,0.607000,3926.00
"PH2 b",87.08498352,9.33708092,282.52542000000,295.10,0.966000,0.949000,5734.00
"WASP-47 b",374.00000000,12.86000000,4.15915100000,,1.058000,1.156000,
"WASP-47 d",15.50000000,3.65000000,9.03050100000,,1.058000,1.156000,
"WASP-47 e",9.00000000,1.83000000,0.78961000000,,1.058000,1.156000,
"TOI-776 b",5.00000000,1.79800000,8.24662000000,520.00,0.542000,0.547000,3725.00
"TOI-776 c",6.90000000,2.04700000,15.66532300000,420.00,0.542000,0.547000,3725.00
"WASP-76 b",284.13859586,20.78145022,1.80988198000,2228.00,1.458000,1.756000,6329.00
"HIP 9618 b",8.30000000,3.82838127,20.77285800000,640.88,0.942000,0.959300,5649.00
"HIP 9618 c",7.00000000,3.42855926,52.56363000000,470.31,0.942000,0.959300,5649.00
"TOI-1823 b",67.40000000,7.54062410,38.80000000000,423.63,0.841400,0.804900,4927.00
"TOI-849 b",41.80000000,3.64000000,0.76554800000,,0.970000,0.970000,5257.00
"HD 63935 b",10.50000000,2.91575244,9.05880700000,825.22,0.940600,0.959800,5513.00
"HD 63935 c",11.10000000,3.06451296,21.40270000000,619.59,0.940600,0.959800,5513.00
"TOI-1807 b",2.44000000,1.49681583,0.54937097000,1694.10,0.804800,0.746000,4914.00
"LTT 1445 A b",2.73000000,1.34000000,5.35876350000,431.00,0.257000,0.271000,
"TOI-6255 b",1.44000000,1.07900000,0.23818244000,,0.353000,0.370000,3421.00
"TOI-421 b",6.70000000,2.64000000,5.19757600000,922.00,0.833000,0.866000,5291.00
"TOI-421 c",14.10000000,5.09000000,16.06754100000,635.00,0.833000,0.866000,5291.00
"TOI-1338 b",11.30000000,7.66100000,95.40010000000,,1.093600,1.313000,
"TOI-3884 b",32.59000000,6.43000000,4.54458280000,441.00,0.298000,0.302000,3180.00
"GJ 1132 b",1.83704819,1.19151465,1.62892911000,583.80,0.194500,0.221100,3229.00
"HIP 67522 b",,9.98720180,6.95947310000,1175.00,1.220000,1.380000,5675.00
"HIP 67522 c",,7.93595834,14.33489200000,917.00,1.220000,1.380000,5675.00
"GJ 9827 d",3.02000000,1.98000000,6.20183000000,675.00,0.620000,0.580000,4236.00
"GJ 486 b",2.77000000,1.28900000,1.46712127000,696.30,0.312000,0.324300,3317.00
"L 168-9 b",4.07000000,1.63000000,1.40152604000,998.00,0.614000,0.604000,3842.00
"TOI-1130 b",19.80000000,3.66000000,4.07455400000,825.00,0.745000,0.697000,4360.00
"TOI-1130 c",336.00000000,13.00000000,8.35018980000,650.00,0.745000,0.697000,4360.00
"IRAS 04125+2902 b",,10.73820351,8.83497800000,854.00,0.700000,1.450000,4080.00
"WASP-12 b",,22.02564708,1.09141890100,,1.325000,1.690000,6265.00
"HD 15337 b",6.51900000,1.77000000,4.75598040000,,0.829000,0.855000,5131.00
"HD 15337 c",6.79200000,2.52600000,17.18054600000,,0.829000,0.855000,5131.00
"GJ 341 b",4.00000000,0.88000000,7.57686000000,,0.480000,0.506600,3770.00
"TOI-561 b",2.02000000,1.39700000,0.44656970000,2319.00,0.806000,0.843000,
"TOI-561 c",5.93000000,2.86500000,10.77883800000,802.00,0.806000,0.843000,
"TOI-561 d",13.33000000,2.61500000,25.71268000000,600.00,0.806000,0.843000,
"TOI-561 e",12.40000000,2.51700000,77.14400000000,416.00,0.806000,0.843000,
"TOI-677 b",392.20025424,13.11450742,11.23659850000,,1.181000,1.280000,6295.00
"WASP-131 b",86.76715511,13.74221034,5.32201250000,,1.060000,1.561000,5990.00
"TOI-6324 b",1.17000000,1.05900000,0.27922100000,1216.00,0.269000,0.293000,3247.00
"TOI-771 b",2.47000000,1.36000000,2.32601550000,543.00,0.220000,0.232000,3370.00
"TOI-6894 b",53.39517238,9.58367850,3.37077196000,417.90,0.207000,0.227600,3007.00
"KELT-11 b",65.15482343,15.13212395,4.73620865000,1712.00,1.440000,2.690000,5375.00
"TOI-1468 b",3.04000000,1.40100000,1.88052010000,683.50,0.352700,0.371400,3376.00
"TOI-1468 c",4.10000000,2.12600000,15.53247700000,338.10,0.352700,0.371400,3376.00
"TOI-2031 A b",254.26272560,14.20177855,5.71548654000,1358.00,1.174000,1.241000,6490.00
"L 98-59 b",0.46000000,0.83700000,2.25311400000,620.00,0.292300,0.315500,3415.00
"L 98-59 c",2.00000000,1.32900000,3.69067640000,526.00,0.292300,0.315500,3415.00
"L 98-59 d",1.64000000,1.62700000,7.45072900000,416.00,0.292300,0.315500,3415.00
"WASP-69 b",82.58000000,11.21000000,3.86813881000,971.00,0.830000,0.801000,4792.00
"TOI-125 b",9.50000000,2.72600000,4.65382000000,1037.00,0.859000,0.848000,5320.00
"TOI-125 c",6.63000000,2.75900000,9.15059000000,827.80,0.859000,0.848000,5320.00
"TOI-125 d",13.60000000,2.93000000,19.98000000000,638.10,0.859000,0.848000,5320.00
"HATS-48 A b",77.23269000,8.96720000,3.13166660000,954.60,0.727900,0.715200,4546.00
"HATS-72 b",39.85588200,8.09738160,7.32794740000,739.30,0.731100,0.721400,4656.10
"NGTS-11 b",109.33352000,9.15775300,35.45533000000,435.00,0.862000,0.832000,5050.00
"WD 1856+534 b",4386.05400000,10.40000000,1.40794050000,163.00,0.518000,0.013100,4710.00
"LTT 9779 b",29.32000000,4.72000000,0.79205200000,1978.00,1.020000,0.949000,5443.00
"TOI-824 b",18.46700000,2.92600000,1.39297800000,1253.00,0.710000,0.695000,4600.00
"WASP-127 b",52.34660100,14.69499900,4.17806203000,,0.950000,1.333000,
"55 Cnc e",7.99000000,1.87500000,0.73654740000,,0.905000,0.943000,5172.00
"WASP-139 b",37.18611000,8.96720000,5.92426200000,910.00,0.920000,0.800000,5310.00
"K2-287 b",100.11645000,9.49402300,14.89329100000,804.00,1.056000,1.070000,5695.00
"GJ 3473 b",1.86000000,1.26400000,1.19800350000,773.00,0.360000,0.364000,3347.00
"Kepler-12 b",137.30256000,19.66058600,4.43796290000,1480.00,1.166000,1.483000,5947.00
"HD 86226 c",7.25000000,2.16000000,3.98442000000,1311.00,1.019000,1.053000,5863.00
"TOI-1231 b",15.40000000,3.65000000,24.24558600000,329.60,0.485000,0.476000,3553.00
"LHS 1478 b",2.33000000,1.24200000,1.94953780000,595.00,0.236000,0.246000,3381.00
"TOI-674 b",23.60000000,5.25000000,1.97714300000,635.00,0.420000,0.420000,3514.00
"TOI-431 b",3.07000000,1.28000000,0.49004700000,1862.00,0.780000,0.731000,4850.00
"TOI-178 b",0.96000000,1.20000000,1.91456010000,,0.647000,0.662000,4316.00
"TOI-178 c",4.64000000,1.75400000,3.23848600000,,0.647000,0.662000,4316.00
"TOI-178 d",5.20000000,2.69500000,6.55756900000,,0.647000,0.662000,4316.00
"TOI-178 e",3.48000000,2.30100000,9.96318000000,,0.647000,0.662000,4316.00
"TOI-178 f",5.63000000,2.41700000,15.23335000000,,0.647000,0.662000,4316.00
"TOI-178 g",4.40000000,2.93900000,20.71663000000,,0.647000,0.662000,4316.00
"HD 80606 b",1323.46926959,11.56766808,111.43676500000,,1.050000,1.050000,5565.00
"TOI-270 b",1.48000000,1.28000000,3.35992000000,600.00,0.386000,0.380000,3506.00
"TOI-270 c",6.20000000,2.33000000,5.66051000000,489.00,0.386000,0.380000,3506.00
"TOI-270 d",4.20000000,2.00000000,11.38194000000,383.00,0.386000,0.380000,3506.00
"TOI-6109 b",,4.87040000,5.69047600000,,1.030000,1.021000,5660.00
"TOI-6109 c",,4.83260000,8.53887800000,,1.030000,1.021000,5660.00
"WASP-6 b",148.42586607,12.54284940,3.36100260000,1167.00,0.854000,0.790000,5438.00
"WASP-25 b",179.25522155,13.80946422,3.76483370000,1217.00,0.962000,0.884000,5697.00
"TOI-1685 b",3.07000000,1.42100000,0.66913923000,1000.00,0.466000,0.462000,3470.00
"WASP-193 b",35.59678158,14.78464554,6.24634750000,1250.00,1.018000,1.213000,6080.00
"WASP-121 b",371.85923619,19.52604438,1.27492504000,2409.00,1.330000,1.461000,6628.00
"WASP-20 b",,15.46839337,,1362.00,,1.242000,
"GJ 3090 b",4.52000000,2.18000000,2.85310198000,723.00,0.519000,0.516000,3707.00
"V1298 Tau b",13.10000000,9.41000000,24.14000600000,666.00,1.100000,1.320000,4970.00
"V1298 Tau c",4.70000000,5.08000000,8.24916400000,953.00,1.100000,1.320000,4970.00
"V1298 Tau d",6.00000000,6.53000000,12.40139400000,831.00,1.100000,1.320000,4970.00
"V1298 Tau e",15.30000000,10.17000000,48.67771400000,527.00,1.100000,1.320000,4970.00
"LP 791-18 c",7.16000000,2.48800000,4.98991000000,,0.139000,0.182000,2960.00
"LP 791-18 d",0.91000000,1.03200000,2.75485000000,,0.139000,0.182000,2960.00
"AU Mic b",8.99000000,4.79000000,8.46344600000,554.80,0.635000,0.862000,3540.00
"AU Mic c",14.46000000,2.79000000,18.85902300000,424.70,0.635000,0.862000,3540.00
"TOI-4336 A b",3.33000000,2.13700000,16.33635100000,309.40,0.306000,0.326000,3307.00
"TOI-4336 A c",1.55000000,1.25100000,7.58726600000,399.50,0.306000,0.326000,3307.00
"TOI-451 b",4.70000000,1.84000000,1.85870330000,1474.00,0.930000,0.850000,5490.00
"TOI-451 c",3.70000000,2.93000000,9.19246300000,865.00,0.930000,0.850000,5490.00
"TOI-451 d",10.20000000,3.93000000,16.36496200000,714.00,0.930000,0.850000,5490.00
"TOI-2431 b",6.20000000,1.53400000,0.22419578000,2063.00,0.661000,0.651000,4109.00
"TOI-2076 b",6.70000000,2.59000000,10.35504000000,736.00,0.849000,0.758000,
"TOI-2076 c",7.20000000,3.54000000,21.01447000000,581.00,0.849000,0.758000,
"TOI-2076 d",7.30000000,3.27000000,35.12803000000,490.00,0.849000,0.758000,
"TOI-2076 e",4.70000000,1.30100000,3.02237530000,1110.00,0.849000,0.758000,
"LHS 3844 b",2.37000000,1.28600000,0.46292970900,816.00,0.151000,0.189000,3080.00
"TOI-2374 b",61.65871096,7.48759911,4.31361930000,926.00,0.802000,0.711000,5002.00
"GJ 367 b",0.50300000,0.73600000,0.32192260000,1329.00,0.451000,0.457000,3535.00
"HIP 41378 b",6.90000000,2.64000000,15.57209000000,,1.220000,1.300000,6290.00
"HIP 41378 c",5.97000000,2.74000000,31.70591000000,,1.220000,1.300000,6290.00
"HIP 41378 d",6.53000000,3.65000000,278.36180000000,,1.220000,1.300000,6290.00
"HIP 41378 e",7.62000000,5.19000000,393.00000000000,,1.220000,1.300000,6290.00
"HIP 41378 f",25.00000000,9.47000000,542.07970000000,,1.220000,1.300000,6290.00
"TOI-260 b",4.23000000,1.71000000,13.47585300000,493.00,0.616000,0.607000,4026.00
"KELT-9 b",915.34581216,21.70058664,1.48112350000,3921.00,2.320000,2.418000,9270.00
"TOI-2134 b",9.37000000,2.73500000,9.22919800000,660.00,0.744000,0.709000,4580.00
"TOI-2134 c",58.30000000,7.35000000,95.85284000000,302.00,0.744000,0.709000,4580.00
"HD 3167 b",4.84400000,1.60100000,0.95965451000,1781.00,0.864000,0.871000,5338.00
"HD 3167 c",11.41000000,2.98300000,29.84651100000,567.00,0.864000,0.871000,5338.00
"NGTS-10 b",,13.89913607,0.76689440000,1508.00,,0.700000,4567.00
"TOI-1173 b",28.28672822,8.77663189,7.06439710000,,,,
"WASP-107 b",33.02237149,10.48039695,5.72148750000,,,,
"HAT-P-18 b",55.52462270,10.70457657,5.50802910000,,,,
"HD 278555 b",266.97586188,11.02963701,28.84243800000,853.00,1.255000,1.624000,6047.00
"TIC 270471727 b",,2.75029559,10.45623256647,,,0.997091,5271.39
"TOI-1749 d",15.00000000,2.52000000,9.04970000000,533.00,0.580000,0.550000,3985.00
"Kepler-354 b",,1.84000000,5.47666000000,,,0.674000,4648.00
"Kepler-1999 b",,3.29000000,8.73967580000,577.00,0.632000,0.628000,4406.00
"Kepler-1716 b",,2.42476850,35.58100128000,,0.753000,0.684000,4894.00
"TOI-1601 b",387.00000000,14.19902343,5.33175000000,1493.97,1.505500,2.195000,5982.00
"K2-241 b",,2.55000000,26.81990000000,507.00,0.710000,0.750000,5262.00
"Kepler-1804 b",,1.59615726,12.28849983000,,0.929000,1.671000,5109.00
"Kepler-1065 b",,3.73000000,3.60930890700,,0.940000,0.930000,5635.00
"HD 152843 b",9.82000000,3.05000000,11.62071000000,,1.150000,1.430000,6310.00
"Kepler-58 c",53.00000000,2.86000000,15.57415680000,,0.950000,1.030000,5843.00
"Kepler-348 b",,1.52000000,7.05677000000,,,1.359000,6177.00
"Kepler-225 c",,1.84000000,18.79423400000,,,0.480000,3682.00
"Kepler-1868 b",,3.14950109,211.03399660000,,0.743000,0.686000,4658.00
"Kepler-381 d",,1.06678650,8.25629997300,,1.198000,2.188000,6197.00
"TOI-1439 b",38.50000000,4.24278610,27.64400000000,748.40,1.231300,1.618400,5841.00
"Kepler-1539 b",,2.70000000,133.30367410000,,0.840000,0.800000,5176.00
"Kepler-657 b",,3.52000000,24.54350418000,,1.010000,1.010000,5808.00
"Kepler-222 d",,3.69000000,28.08191200000,,,0.869000,5433.00
"TOI-1630.01",,2.41700000,12.05573473300,,0.950000,0.830000,5504.00
"Kepler-1616 b",,1.02000000,6.76284377000,,1.210000,1.340000,6266.00
"Kepler-794 b",,2.11000000,11.13125132000,,1.190000,1.380000,5839.00
"NGTS-21 b",750.07504052,14.90794433,1.54338970000,1357.00,0.720000,0.860000,4660.00
"K2-264 b",,2.23100000,5.84000200000,496.00,0.496000,0.473000,3660.00
"TOI-1181 b",374.71969185,17.02644168,2.10318900000,,1.467000,1.961000,6054.00
"Kepler-1759 b",,0.90377910,3.72023010300,,0.760000,0.797000,5017.00
"TIC 52059926 b",5380.00000000,10.71000000,175.53200000000,229.60,0.730000,0.720000,4505.00
"Kepler-83 b",,2.83000000,9.77000000000,,0.660000,0.610000,
"Kepler-392 c",,1.10000000,10.42311800000,,,1.129000,5938.00
"WASP-135 b",603.87700000,14.57170000,1.40137940000,,0.980000,0.960000,5675.00
"K2-133 e",,1.73000000,26.58410000000,296.00,0.461000,0.455000,3655.00
"KOI-1831 d",2.23000000,1.13000000,34.16900000000,475.00,0.901000,0.835000,5233.00
"KOI-319 b",3178.28407000,10.67000000,46.14827000000,,1.325000,2.064000,5880.00
"Kepler-349 b",,1.90000000,5.92977800000,,,0.927000,5956.00
"TOI-1777.01",,2.24600000,14.65011197400,,1.060000,0.980000,5859.00
"Kepler-1718 b",,2.56852070,135.18800350000,,0.846000,0.906000,5731.00
"TOI-7394 B b",668.74000000,11.50000000,1.25299500000,986.00,0.624000,0.609000,3717.00
"TOI-5811 B b",257.44100967,21.96960217,6.25663000000,1530.00,1.080000,3.730000,4840.00
"K2-395 c",,3.39500000,8.49128200000,,0.952000,0.783000,5007.00
"K2-280 b",37.10000000,7.50000000,19.89526000000,787.00,1.030000,1.280000,5500.00
"K2-152 b",,2.29000000,32.64790000000,337.00,0.630000,0.610000,4044.00
"K2-348 c",,2.67000000,12.55017100000,655.00,0.830000,0.850000,5077.00
"Kepler-341 b",,1.18000000,5.19552800000,,,1.024000,6012.00
"Kepler-68 c",1.30000000,0.97900000,9.60502700000,1052.00,1.057000,1.256400,5847.00
"K2-332 b",,2.20000000,17.70632000000,266.00,0.270000,0.280000,3315.00
"Kepler-984 b",,2.12000000,43.03422720000,,0.960000,0.930000,5610.00
"Kepler-1126 c",,1.45000000,199.66876000000,305.00,0.794000,0.921000,5678.00
"Kepler-572 b",,2.58000000,17.20523483000,,0.830000,0.790000,5212.00
"Kepler-871 b",,3.74000000,22.04590180000,,1.110000,1.140000,5993.00
"TOI-4511 b",,2.75304932,10.98090968596,,,1.001450,5418.77
"Kepler-579 b",,2.00000000,9.66857723000,,0.990000,0.960000,5636.00
"Kepler-1666 b",,2.88273782,25.84760000000,,1.230000,1.145860,6293.00
"CoRoT-17 b",772.29000000,11.43000000,3.76810000000,1626.00,1.040000,1.590000,5740.00
"K2-396 c",,3.12400000,25.76051000000,,0.954000,0.920000,5236.00
"Kepler-564 b",,4.63000000,3.75083228500,,0.950000,0.920000,5626.00
"K2-323 b",,2.10000000,24.93000000000,318.00,0.478000,0.549000,3710.00
"WASP-105 b",572.09400000,10.76064000,7.87288000000,900.00,0.890000,0.900000,5070.00
"Kepler-1940 b",,1.54732469,4.95061016100,,0.802000,0.717000,5431.00
"Kepler-366 b",,1.46000000,3.28195900000,,,1.048000,6209.00
"CoRoT-24 b",5.70000000,3.70000000,5.11340000000,1070.00,0.910000,0.860000,4950.00
"Kepler-150 f",,3.64000000,637.20930000000,,0.970000,0.905339,5528.00
"Kepler-1164 b",,1.12000000,3.97599768000,,0.850000,0.790000,5183.00
"Qatar-8 b",117.91493000,14.40356500,3.71495000000,1457.00,1.029000,1.315000,5738.00
"Kepler-760 b",,3.06000000,8.70419416000,,0.890000,0.850000,5322.00
"TOI-4600 b",959.84178914,6.80000000,82.68690000000,347.00,0.890000,0.810000,5170.00
"WASP-87 b",692.86940000,15.52446500,1.68279500000,,1.204000,1.627000,6450.00
"Kepler-127 c",,2.66000000,29.39319500000,,,1.359000,6106.00
"Kepler-117 c",584.78000000,12.34100000,50.79039100000,704.00,1.129000,1.606000,6150.00
"Kepler-231 c",,1.93000000,19.27156600000,,,0.490000,3767.00
"Kepler-914 b",,1.38000000,4.40966548000,,1.100000,1.150000,5877.00
"Kepler-1480 b",,1.67000000,22.12679948000,,0.850000,0.810000,5156.00
"TOI-672 b",50.90000000,5.31000000,3.63358100000,699.50,0.540000,0.540000,3810.00
"Kepler-1769 b",,4.46500000,89.19349670000,,1.061000,1.295000,6071.00
"Kepler-1551 b",,2.66000000,24.49736980000,,1.140000,1.220000,6136.00
"Kepler-771 b",,1.82000000,8.73485836000,,1.030000,1.050000,5906.00
"Kepler-164 c",,2.73000000,10.94572300000,,,1.148000,5888.00
"KELT-10 b",215.80657000,15.68139100,4.16627390000,1377.00,1.112000,1.209000,5948.00
"K2-227 b",,1.66551298,13.62183200000,,0.950811,0.890666,5673.00
"Kepler-148 b",,1.80000000,1.72936600000,,,0.851000,5272.00
"Kepler-925 b",,2.34000000,33.86785310000,,0.770000,0.720000,4673.00
"HD 101581 c",,0.99000000,6.20401000000,747.00,0.653000,0.630000,4675.00
"HIP 113103 c",,2.40000000,14.24564800000,585.00,0.761000,0.742000,4930.00
"Kepler-136 c",,1.99000000,16.39923500000,,,1.355000,6165.00
"Kepler-1896 b",,3.09935997,44.87020111000,,1.070000,0.996000,6122.00
"HN Peg b",6991.57000000,11.77680000,,,,,
"Kepler-102 f",4.30000000,0.86100000,27.45359200000,495.00,0.803000,0.724000,4909.00
"TOI-3688 A b",311.47183886,13.08088048,3.24607500000,1534.00,1.199000,1.302000,5950.00
"Kepler-1029 b",,1.26000000,4.41769647900,,0.820000,0.770000,5030.00
"TOI-261.02",,3.34822227,13.03935862135,1007.53,,1.313830,5890.30
"TOI-2977 b",533.95172376,13.15934334,2.35056140000,1544.00,0.936000,1.073000,5691.00
"TOI-2040 b",248.22398587,10.32347122,3.86085760000,1070.00,0.920000,0.870000,5132.00
"TOI-262 b",,2.07000000,11.14529000000,584.00,0.913000,0.853000,5310.00
"TOI-128.01",,2.21898000,4.94046810000,1344.51,0.851969,1.130000,6086.00
"TOI-261.01",,3.04498630,3.36392540000,1722.49,0.496728,1.280180,5890.30
"TOI-209 b",,2.39472090,4.37943587445,,,0.742779,4806.66
"TOI-2227 b",,3.09885187,4.22175815648,,,1.208470,5889.54
"TOI-3278 b",95.34852210,13.89913607,3.24645600000,1561.00,1.040000,1.390000,5720.00
"Kepler-1386 b",,1.24000000,6.73972381000,,1.020000,1.030000,5733.00
"K2-169 b",,1.27328671,6.38080300000,,0.986144,0.919053,5548.00
"WASP-108 b",,15.13212395,,1589.00,,,
"Kepler-878 b",,1.93000000,25.94220330000,,0.810000,0.770000,5044.00
"HATS-23 b",467.21010000,20.84874000,2.16051560000,1654.00,1.121000,1.199000,5780.00
"Kepler-213 b",,1.62000000,2.46236000000,,,1.195000,5696.00
"TOI-1180 b",,3.07200000,9.68676037800,,0.750000,0.730000,4738.00
"Kepler-790 b",,2.18000000,13.73469807000,,0.840000,0.800000,5208.00
"Kepler-369 c",,1.41000000,14.87157200000,,,0.471000,3591.00
"TOI-3362 b",1598.35905880,12.80065596,18.09547000000,,1.445000,1.830000,6532.00
"Kepler-1911 b",,1.01100000,5.99079990400,,0.954000,0.972000,5721.00
"Kepler-1328 b",,0.98000000,4.52158888000,,1.000000,0.990000,5780.00
"HATS-36 b",,12.92000000,4.17518600000,1203.00,1.100000,1.100000,5950.00
"Kepler-1345 b",,2.36000000,44.61695570000,,1.320000,1.550000,6449.00
"K2-384 b",,1.07600000,2.23152700000,,0.330000,0.348000,3623.00
"TOI-1064 c",2.50000000,2.65100000,12.22657400000,634.00,0.748000,0.726000,4734.00
"HAT-P-53 b",471.65972000,14.77346200,1.96162410000,1778.00,1.093000,1.209000,5956.00
"Kepler-1314 b",,5.11000000,5.42474928100,,0.600000,0.590000,4188.00
"HAT-P-57 b",448.14030000,19.50366000,2.46530000000,,2.770000,1.850000,6330.00
"Kepler-275 c",,3.38000000,16.08813400000,,,1.383000,6165.00
"WASP-78 b",352.79130000,21.63337000,2.17518000000,,1.870000,2.460000,6100.00
"Kepler-195 c",,1.55000000,34.09686300000,,,0.775000,5329.00
"Kepler-1488 c",,1.65156749,6.15826988200,,1.003000,1.524000,5710.00
"Kepler-1705 b",4.47000000,2.03000000,9.03502000000,,1.139000,1.259000,6312.00
"WASP-48 b",254.26400000,16.81350000,2.14363000000,,0.880000,1.580000,5920.00
"Kepler-217 b",,2.23000000,5.37494300000,,,1.799000,6171.00
"WASP-88 b",133.48860000,16.36514000,4.95400000000,,0.940000,1.800000,6430.00
"Kepler-237 c",,2.08000000,8.10363600000,,,0.725000,4861.00
"Kepler-106 e",11.17000000,2.56000000,43.84450000000,,1.000000,1.040000,5858.00
"Kepler-431 c",,0.66800000,8.70300000000,951.00,1.071000,1.092000,6004.00
"Kepler-1542 d",,0.87000000,5.99273738000,,0.940000,0.990000,5564.00
"Kepler-1909 b",,1.09217411,2.39160990700,,0.663000,0.685000,4935.00
"Kepler-1477 b",,1.18000000,11.55530021000,,0.810000,0.780000,5100.00
"HATS-10 b",167.17858000,10.86152100,3.31284600000,1407.00,1.101000,1.105000,5880.00
"TOI-132 b",22.40000000,3.42000000,2.10970190000,1395.00,0.970000,0.900000,5397.00
"TOI-697 b",,2.35859364,8.60788713593,,,0.968149,5681.95
"Kepler-123 c",,1.48000000,26.69507400000,,,1.264000,6089.00
"TOI-2768 b",,2.63000000,1.50801000000,855.00,0.630000,0.657000,4008.00
"HIP 97166 b",19.10000000,2.48013380,10.28891400000,701.66,0.934200,0.841800,5216.00
"WASP-171 b",344.52772000,10.98482000,3.81862440000,1642.00,1.171000,1.637000,5965.00
"Kepler-1254 b",,1.55000000,9.99113313000,,0.780000,0.750000,4985.00
"K2-39 b",28.60470000,6.27704000,4.60543000000,,0.660000,2.970000,4881.00
"Kepler-396 c",17.90000000,5.30000000,88.50500000000,,0.850000,1.060000,
"Kepler-483 b",,3.21000000,30.22910400000,,1.280000,1.470000,6346.00
"Kepler-1459 b",,1.36000000,62.86916110000,,0.780000,0.740000,4828.00
"TOI-6420 b",2606.19293740,11.93756445,6.96150800000,1213.00,1.165000,1.312000,6020.00
"Kepler-1067 b",,0.80000000,0.76212926100,,0.950000,0.930000,5592.00
"NGTS-16 b",211.99154747,14.57167491,4.84532000000,1177.00,1.002000,1.213000,5550.00
"WASP-32 b",835.89290000,10.76064000,2.71866000000,,0.720000,0.950000,6140.00
"WASP-110 b",154.78243421,13.19297028,3.77840220000,1158.00,0.814000,0.853000,5392.00
"Kepler-346 c",,3.07000000,23.85154900000,,,1.021000,6033.00
"K2-324 b",,2.43000000,3.26200000000,707.00,0.517000,0.505000,3752.00
"Kepler-1431 b",,1.47000000,5.86601526000,,1.030000,1.030000,5806.00
"TOI-4145 A b",136.66621501,13.30506009,4.06644280000,1074.00,0.905000,0.859000,5281.00
"TOI-2719 b",,5.98000000,3.37594000000,1710.00,1.020000,1.690000,5762.00
"HD 1397 b",131.89945000,11.50043400,11.53533000000,1228.30,1.324000,2.336000,5521.00
"K2-64 b",,2.07000000,6.53044000000,,0.741000,0.726000,5312.00
"Kepler-541 b",,3.36000000,5.08005848000,,1.410000,2.060000,6166.00
"SWEEPS-4 b",1207.70000000,9.07900000,4.20000000000,,1.240000,1.180000,
"TOI-1680 b",,1.46600000,4.80263450000,404.00,0.179800,0.210600,3225.00
"K2-165 b",,1.27443657,2.35499200000,,0.834847,0.803827,5185.00
"Kepler-340 b",,2.53000000,14.84438700000,,,1.850000,6620.00
"K2-219 b",,1.34762583,3.90128700000,,1.021545,1.189232,5753.00
"Kepler-1274 b",,1.42000000,6.98152703000,,1.450000,2.170000,6179.00
"Kepler-1828 b",,2.11598626,10.27379990000,,0.996000,0.899000,5806.00
"TOI-6695 b",66.74396547,9.52763359,80.38900000000,599.00,1.338000,1.517000,6400.00
"Kepler-1261 b",,2.26000000,48.43089910000,,0.820000,0.770000,5006.00
"TOI-904 b",,2.42600000,10.87720000000,429.43,0.557000,0.527000,3770.20
"Kepler-1069 b",,1.60000000,23.89902960000,,0.990000,0.980000,5722.00
"Kepler-315 b",,3.77000000,96.10114100000,,,1.037000,5796.00
"Kepler-197 b",,1.02000000,5.59930800000,,,1.120000,6004.00
"TIC 290487717 b",,6.63777941,3.40081822900,,,0.943767,5328.97
"NGTS-20 b",947.12865286,11.99360935,54.18915000000,688.00,1.470000,1.780000,5980.00
"Kepler-111 b",,1.58000000,3.34181500000,,,1.157000,5952.00
"WASP-57 b",204.68252000,11.76945000,2.83891856000,1338.00,0.886000,0.927000,5600.00
"TOI-1260 c",13.20000000,2.76000000,7.49313400000,651.00,0.679000,0.672000,4227.00
"CoRoT-3 b",6883.91000000,11.32000000,4.25680000000,,1.370000,1.560000,6740.00
"Kepler-1355 b",,1.46000000,1.28958811200,,0.880000,0.830000,5352.00
"Kepler-256 d",,2.48000000,5.83917200000,,,1.301000,5551.00
"Kepler-304 e",,1.20000000,1.49914695300,,0.800000,0.730000,4817.00
"Kepler-994 b",,1.60000000,1.15116650600,,0.560000,0.540000,3934.00
"Kepler-1925 b",,3.00177922,46.71640015000,,1.057000,1.092000,5856.00
"Kepler-508 b",,1.64000000,25.30889748000,,1.160000,1.250000,6025.00
"Kepler-331 d",,1.64000000,32.13432800000,,,0.492000,4347.00
"Kepler-301 d",,1.75000000,13.75124300000,,,0.900000,5815.00
"Kepler-1782 b",,2.22927435,5.75622987700,,0.794000,0.734000,4931.00
"Kepler-1280 b",,1.87000000,66.55790570000,,1.200000,1.320000,6227.00
"TOI-2364 b",71.51139158,8.60849718,4.01975170000,1091.00,0.954000,0.886000,5306.00
"Kepler-336 c",,2.10000000,9.60000100000,,,1.304000,5867.00
"Kepler-1493 b",,1.41000000,15.02179830000,,1.060000,1.290000,5863.00
"Kepler-1185 b",,1.33000000,104.35189760000,,0.960000,0.870000,5622.00
"HAT-P-23 b",664.23700000,15.33400000,1.21288400000,2056.00,1.130000,1.203000,5905.00
"TOI-1232 b",220.57291446,10.92875618,14.25600000000,,1.058000,1.072000,5823.00
"TOI-1693 b",,1.41000000,1.76669570000,764.00,0.490000,0.460000,3499.00
"TOI-1716.01",,3.14300000,8.08237655400,,1.070000,1.240000,5879.00
"Kepler-356 c",,1.81000000,13.12163200000,,,1.335000,6133.00
"HD 23472 c",3.41000000,1.87000000,29.79749000000,467.00,0.670000,0.710000,4684.00
"TOI-1246 c",9.10000000,2.45109846,5.90413700000,862.49,0.888900,0.864900,5213.00
"TOI-2497 b",1531.93292174,11.14172682,10.65566900000,1595.00,1.859000,2.360000,7360.00
"Kepler-173 b",,1.29000000,4.26374200000,,,0.949000,6031.00
"K2-177 b",,2.11620480,14.15518500000,,1.210525,1.213565,6063.00
"Kepler-593 b",,2.87000000,21.21708973000,,1.080000,1.100000,5967.00
"Kepler-1418 b",,1.66000000,22.47644250000,,0.770000,0.720000,4770.00
"Kepler-592 b",,2.39000000,2.82019240800,,1.040000,1.040000,5913.00
"Kepler-261 b",,2.18000000,10.38122700000,,,0.794000,5098.00
"Kepler-534 c",,1.22700000,7.37868976600,,1.075000,0.965000,5936.00
"TOI-2337 b",508.52545120,10.08808263,2.99432000000,,1.325000,3.220000,4780.00
"TOI-1333 b",753.25710000,15.64776400,4.72021900000,1679.00,1.464000,1.925000,6274.00
"TOI-1438 c",10.60000000,2.75000000,9.42808900000,794.00,0.876000,0.820000,5230.00
"Kepler-1834 c",,1.22000000,0.76669151700,1541.00,0.765000,0.788000,4821.00
"TrES-1 b",266.97720000,12.66617000,3.03007000000,,1.040000,0.850000,5230.00
"Kepler-1800 b",,0.99679734,4.56202983900,,1.330000,2.506000,5343.00
"Kepler-215 b",,1.62000000,9.36067200000,,,1.027000,5739.00
"TOI-4342 b",7.30000000,2.32900000,5.53825920000,639.00,0.587000,0.598000,3866.00
"Kepler-193 c",,2.75000000,50.69749400000,,,1.147000,6335.00
"XO-4 b",451.31860000,14.01125000,4.12508000000,,1.100000,1.450000,6397.00
"Kepler-184 d",,2.49000000,29.02235800000,,,0.873000,5788.00
"TOI-559 b",1910.14872607,12.22899794,6.98390950000,1180.00,1.026000,1.233000,5925.00
"Kepler-130 d",,1.64000000,87.51790500000,,,1.127000,5884.00
"Kepler-39 b",6388.10000000,13.90000000,21.08721000000,897.00,1.290000,1.400000,6350.00
"Kepler-119 c",,0.92000000,4.12510300000,,,0.839000,5595.00
"Wolf 503 b",6.26000000,2.04300000,6.00127000000,790.00,0.688000,0.689000,4716.00
"HAT-P-61 b",335.94462620,10.07687365,1.90231289000,1505.00,1.004000,0.938000,5587.00
"K2-225 b",,3.60929179,15.87230000000,923.00,1.482000,1.700000,5520.00
"Kepler-1238 b",,1.93000000,4.14787559000,,1.300000,1.480000,6386.00
"Kepler-648 b",,3.22000000,17.42117490000,,1.050000,0.980000,5741.00
"Kepler-91 b",257.44230000,15.32270300,6.24658000000,2040.00,1.310000,6.300000,4550.00
"Kepler-1376 b",,1.05000000,5.30880656000,,0.980000,0.970000,5659.00
"Kepler-1877 b",,0.62408600,2.37756991400,,1.022000,0.936000,5615.00
"Kepler-259 c",,2.70000000,36.92493100000,,,0.898000,5938.00
"TOI-2427 b",,1.80000000,1.30600110000,1117.00,0.640000,0.650000,4072.00
"Kepler-1181 b",,1.57000000,4.89337519000,,1.170000,1.300000,6176.00
"Kepler-1617 b",,1.20000000,27.47855720000,,1.150000,1.220000,6167.00
"Kepler-893 b",,3.03000000,6.33855761000,,1.000000,0.990000,5820.00
"TOI-1431 b",991.62462984,16.70138124,2.65023700000,2370.00,1.900000,1.920000,7690.00
"Kepler-142 d",,2.16000000,41.80911800000,,,1.269000,5790.00
"Kepler-462 b",53.90000000,3.00000000,84.68660000000,,1.590000,1.570000,7500.00
"WASP-169 b",178.30263000,14.61653600,5.61141180000,1604.00,1.337000,2.011000,6110.00
"Kepler-1788 b",,2.37850461,2.80012011500,,0.686000,0.704000,4786.00
"WD 0806-661 b",2224.79884900,12.10569916,,357.00,0.605000,,10393.00
"Kepler-307 b",7.44000000,2.43000000,10.42080000000,,0.907000,0.814000,5367.00
"Kepler-84 d",,1.38000000,4.22453700000,,,1.169000,6031.00
"TOI-5261 b",3651.84839643,11.60129502,4.15097680000,1244.00,1.037000,1.021000,5790.00
"Kepler-327 b",,1.11000000,2.54957500000,,,0.492000,3799.00
"Kepler-1806 b",,2.35560189,9.03332042700,,0.884000,0.788000,5311.00
"Kepler-80 c",6.74000000,2.74000000,9.52355000000,,0.730000,0.678000,4540.00
"WASP-50 b",466.82870400,13.06969400,1.95510000000,1394.84,0.892000,0.843000,5400.00
"Kepler-1167 b",,1.71000000,1.00393373900,,0.790000,0.750000,4971.00
"TOI-3896 b",,3.14949237,4.37730369667,,,0.747752,5110.91
"HATS-32 b",292.40360000,14.00004100,2.81265480000,1437.00,1.099000,1.097000,5700.00
"Kepler-276 d",16.30000000,2.80000000,48.64800000000,,1.100000,1.030000,
"Kepler-245 b",,2.57000000,7.49019000000,,,0.795000,5100.00
"KIC 5437945 b",,6.40000000,440.78130000000,,1.070000,1.240000,6340.00
"Kepler-1870 b",,2.10143764,3.60694003100,,0.955000,0.840000,5508.00
"Kepler-312 b",,1.29000000,1.77241900000,,,1.467000,6115.00
"TOI-2194 b",,1.98920000,15.33759700000,590.88,0.740000,0.690900,4756.00
"Kepler-60 b",4.19000000,1.71000000,7.13340000000,,1.041000,1.257000,5905.00
"Kepler-856 b",,9.30000000,8.02768059500,,0.960000,0.930000,5535.00
"Kepler-1202 b",,2.94000000,28.68513240000,,1.030000,1.040000,5834.00
"CoRoT-14 b",2415.40000000,12.22000000,1.51214000000,1952.00,1.130000,1.210000,6035.00
"Kepler-1519 b",,7.06000000,240.79893970000,,0.940000,0.910000,5644.00
"TOI-2169 A b",329.58805806,12.50922246,8.21482820000,1364.00,1.420000,1.820000,6270.00
"Kepler-1154 b",,2.34000000,5.18561420000,,1.260000,1.430000,6327.00
"HR 8799 c",3000.00000000,13.00000000,69000.00000000000,,1.500000,,
"K2-3 d",2.20000000,1.45800000,44.55603000000,305.20,0.549000,0.546000,3844.00
"Kepler-1997 b",,2.28000000,26.75758660000,660.00,1.111000,1.052000,6215.00
"Kepler-1903 b",,2.28642395,17.06789970000,,1.053000,0.996000,6347.00
"Kepler-205 c",,1.64000000,20.30654600000,,,0.546000,4321.00
"Kepler-1969 b",,1.68161001,6.64752006500,,1.111000,1.007000,6046.00
"K2-217 b",,3.57854073,14.07452400000,,1.102661,1.333718,5967.00
"Kepler-365 c",,1.64000000,17.78412900000,,,1.048000,6012.00
"Kepler-1745 b",,1.92872921,3.01619005200,,0.995000,1.400000,5611.00
"K2-25 b",24.50000000,3.44000000,3.48456408000,494.00,0.263400,0.293200,3207.00
"K2-188 c",,2.83000000,7.81025300000,1026.00,1.060000,1.190000,5977.00
"Kepler-889 b",,1.09000000,3.74443900000,,1.140000,1.250000,5961.00
"K2-383 b",,1.56400000,1.86596200000,,1.061000,0.804000,5129.00
"TOI-406 c",2.08000000,1.32000000,3.30744100000,584.00,0.408000,0.410000,3392.00
"Kepler-1713 b",,1.71673535,18.01160049000,,1.300000,1.459000,6477.00
"Kepler-524 b",,1.91000000,7.97419807000,,1.090000,1.100000,6014.00
"Kepler-1321 c",,2.40000000,2.22649108600,,0.540000,0.530000,4094.00
"TOI-6692 b",197.05361234,11.67975789,131.12500000000,467.00,1.047000,1.385000,5890.00
"Kepler-1203 b",,1.06000000,0.58800076500,,0.640000,0.610000,4105.00
"HATS-35 b",388.38826000,16.40997600,1.82099930000,2037.00,1.317000,1.433000,6300.00
"Kepler-318 b",,4.71000000,4.66271500000,,,1.189000,5746.00
"K2-308 b",,9.91600000,3.38628000000,,1.090000,1.240000,6100.00
"Kepler-145 c",79.40000000,4.32000000,42.88200000000,,1.320000,1.850000,
"K2-189 c",,2.31000000,6.67932000000,877.00,0.850000,0.879000,5442.00
"Kepler-326 b",,1.52000000,2.24832900000,,,0.801000,5105.00
"Kepler-932 b",,1.37000000,1.92143739600,,0.870000,0.840000,5331.00
"Kepler-917 b",,1.91000000,2.97041437500,,0.800000,0.760000,5418.00
"TOI-1347 c",6.40000000,1.60000000,4.84196200000,1000.00,0.913000,0.830000,5464.00
"K2-329 b",82.63580000,8.67576600,12.45512250000,650.00,0.901000,0.822000,5282.00
"Kepler-311 d",,2.05000000,232.04032600000,327.00,0.974000,1.156000,5903.00
"TIC 65612701 b",,5.07802804,10.22467974953,,,1.737090,5692.29
"Kepler-436 b",,2.73000000,64.00205000000,,0.729000,0.697000,4651.00
"GJ 414 A c",53.83000000,8.40000000,749.83000000000,124.70,0.650000,0.680000,4120.00
"ZTF J1828+2308 b",6356.56814000,11.13051784,0.11200670000,,0.610000,0.013100,15900.00
"Kepler-1052 c",,2.30000000,180.92172900000,302.00,0.937000,0.848000,5818.00
"Kepler-1143 c",,3.60000000,210.63059100000,,0.810000,0.770000,5053.00
"Kepler-1567 b",,2.73000000,153.97957800000,,0.950000,0.930000,5655.00
"Kepler-399 c",,1.43000000,26.67569000000,,,0.680000,5502.00
"K2-168 b",,1.86000000,15.85230000000,766.35,0.877000,0.830000,5502.70
"Kepler-95 b",13.00000000,3.42000000,11.52310000000,,1.080000,1.410000,5699.00
"Kepler-453 b",16.00000000,6.20400000,240.50300000000,,0.944000,0.833000,5527.00
"Kepler-513 b",,2.20000000,28.86235584000,,1.020000,1.060000,5849.00
"K2-259 b",,2.32000000,15.48043000000,795.00,1.140000,1.130000,6059.00
"Kepler-874 b",,3.94000000,40.06867270000,,1.090000,1.130000,6020.00
"Kepler-864 c",,1.62000000,2.42150341000,1532.00,1.270000,1.195000,6213.00
"TIC 147027702 b",346.43296363,10.92875618,44.40523000000,863.00,1.406000,2.136000,6410.00
"K2-58 b",,2.68000000,7.05254000000,,0.890000,0.860000,5413.00
"TOI-4994 b",88.99195396,8.54124329,21.49198400000,717.60,1.005000,1.055000,5640.00
"Kepler-552 b",,3.95000000,5.26341576500,,1.030000,1.040000,5863.00
"TOI-3877 b",99.79811980,11.67975789,4.12359600000,1445.00,1.160000,1.445000,5731.00
"HATS-38 b",23.51942000,6.88232600,4.37502100000,1294.00,0.890000,1.105000,5732.00
"Kepler-1670 b",,3.35648010,20.49980000000,,1.050000,1.518890,5838.00
"K2-37 c",,2.41000000,6.42966000000,839.00,0.840000,0.809000,5352.00
"Kepler-1529 b",,2.10000000,5.33905686000,,0.810000,0.770000,5048.00
"Kepler-87 c",6.40000000,6.14000000,191.23180000000,403.00,1.100000,1.820000,5600.00
"K2-208 b",,1.67462172,4.19097000000,1122.00,0.881000,0.872000,5500.00
"K2-352 c",,1.92000000,8.23488500000,885.00,0.980000,0.950000,5791.00
"K2-396 b",,1.57900000,0.67386200000,,0.954000,0.920000,5236.00
"Kepler-1150 b",,1.02000000,2.78786838600,,0.760000,0.720000,4754.00
"Kepler-239 c",,2.51000000,56.22809800000,,,0.763000,4914.00
"Kepler-287 c",,3.26000000,44.85189600000,,,1.032000,5806.00
"TOI-1298 b",99.00000000,9.65807033,4.53714300000,1278.00,1.218700,1.453600,5752.00
"Kepler-988 b",,2.07000000,17.76080053000,,0.550000,0.530000,4005.00
"K2-401 b",,2.26200000,6.29309900000,,0.870000,0.675000,4213.00
"Kepler-266 c",,3.89000000,107.72360100000,,,1.028000,5885.00
"Kepler-1028 b",,1.33000000,2.51462432000,,0.900000,0.870000,5522.00
"Kepler-1391 b",,1.68000000,54.40923330000,,1.030000,1.100000,5840.00
"Kepler-1546 b",,3.13000000,19.59749710000,,0.950000,0.930000,5623.00
"Kepler-209 b",,2.26000000,16.08784500000,,,0.935000,5513.00
"HD 224018 d",4.20000000,2.40000000,138.07310000000,411.00,1.013000,1.147000,5784.00
"Kepler-169 d",,1.25000000,8.34812500000,,,0.763000,4997.00
"Kepler-1066 b",,2.36000000,1.93155983900,,0.980000,0.980000,5762.00
"Kepler-1757 b",,2.94660251,19.65640068000,,0.828000,0.740000,5288.00
"Kepler-737 b",,1.96000000,28.59915399000,,0.510000,0.480000,3813.00
"K2-347 b",,2.41000000,7.18725700000,640.00,0.660000,0.630000,4599.00
"K2-408 b",,1.67700000,20.97895900000,,0.813000,0.784000,5335.00
"Kepler-172 b",,2.35000000,2.94030900000,,,1.085000,5526.00
"Kepler-235 b",,2.23000000,3.34022200000,,,0.554000,4255.00
"Kepler-995 b",,2.70000000,28.26731672000,,0.830000,0.800000,5206.00
"Kepler-142 b",,1.99000000,2.02415200000,,,1.269000,5790.00
"Kepler-54 c",,1.23000000,12.07172490000,,0.510000,0.500000,3705.00
"Kepler-389 b",,1.51000000,3.24410700000,,,0.792000,5376.00
"Kepler-1557 b",,1.53000000,3.74032496000,,1.110000,1.170000,6099.00
"TIC 38825265 b",,2.18869476,3.31336980985,,,0.664503,4375.52
"Kepler-1686 b",,1.42553017,9.30987000000,,1.020000,1.199510,5714.96
"K2-226 b",,1.53899305,3.27109000000,1187.00,0.856000,0.889000,5288.00
"Kepler-1614 b",,1.49000000,3.94661410000,,0.790000,0.760000,5121.00
"Kepler-306 e",,2.27000000,44.84097500000,,,0.719000,4954.00
"TOI-3819 b",352.78953177,13.13692538,3.24431410000,1633.00,1.242000,1.538000,5859.00
"Kepler-364 b",,1.55000000,25.74571800000,,,1.284000,6108.00
"Kepler-265 e",,2.59000000,67.83102400000,,,1.103000,5835.00
"Kepler-645 b",,2.10000000,3.27582262100,,1.130000,1.210000,6170.00
"Kepler-69 b",,2.24000000,13.72234100000,779.00,0.810000,0.930000,5638.00
"Kepler-280 b",,1.45000000,2.13954200000,,,0.886000,5744.00
"Kepler-1577 b",,1.13000000,6.30560247000,,0.780000,0.740000,4862.00
"Kepler-20 f",1.40000000,0.95200000,19.57832800000,681.00,0.929000,0.916400,5495.00
"HAT-P-27 b",197.05000000,11.43000000,3.03957700000,,0.916000,0.864673,5316.00
"K2-19 b",30.80000000,7.00000000,7.91930000000,,0.880000,0.820000,5322.00
"Kepler-764 b",,1.64000000,7.33683936000,,0.920000,0.890000,5557.00
"Kepler-1785 b",,2.70422447,19.58550072000,,0.911000,0.996000,5618.00
"Kepler-1405 b",,3.96000000,28.22741840000,,1.050000,1.070000,5925.00
"Kepler-255 d",,1.32000000,1.04562265800,,0.900000,0.860000,5431.00
"Kepler-1445 b",,0.96000000,10.60052251000,,1.130000,1.260000,6150.00
"TOI-6478 b",,4.60000000,34.00501900000,204.40,0.230000,0.234000,3230.00
"WASP-163 b",594.34210000,13.47321800,1.60968840000,1638.00,0.970000,1.015000,5500.00
"TOI-2158 b",260.61929374,10.76062147,8.60077000000,1188.00,1.120000,1.410000,5673.00
"TOI-5153 b",1036.12060682,11.88151954,20.33003000000,906.00,1.240000,1.400000,6300.00
"HATS-41 b",3082.95100000,14.90797000,4.19364900000,1710.00,1.496000,1.710000,6424.00
"WASP-176 b",271.74465000,16.86954500,3.89905200000,1721.00,1.345000,1.925000,5941.00
"HAT-P-25 b",180.84527000,12.72221500,3.65281514000,1182.00,1.012000,0.919000,5519.00
"TOI-4443.01",,1.71932650,1.84985670000,1638.82,1.049133,1.017330,5834.00
"TOI-1836 c",8.00000000,2.59987579,1.77274710000,2007.60,1.251800,1.645400,6237.00
"Kepler-1281 b",,1.64000000,3.11602791000,,0.870000,0.830000,5353.00
"Kepler-170 b",,3.20000000,7.93059200000,,,1.035000,5679.00
"Kepler-902 b",,2.54000000,40.10995470000,,0.950000,0.930000,5647.00
"K2-181 b",,2.69000000,6.89410000000,949.00,0.960000,1.060000,5528.00
"Kepler-162 c",,3.03000000,19.44635500000,,,0.958000,5816.00
"Kepler-1194 b",,1.51000000,16.22371307000,,0.940000,0.920000,5590.00
"Kepler-57 c",6.86000000,2.19600000,11.60000000000,,0.859000,0.826000,5187.90
"Kepler-1887 b",,2.92454357,19.94750023000,,0.961000,0.864000,5749.00
"TOI-6041 b",28.90000000,4.55000000,26.04945000000,605.60,0.885000,0.879000,5445.00
"K2-129 b",,1.04000000,8.23949300000,,0.360031,0.360010,3459.09
"Kepler-903 c",,2.53000000,62.92285570000,,0.980000,0.970000,5682.00
"Kepler-1237 b",,2.86000000,84.57332260000,,0.940000,0.900000,5472.00
"WTS-1 b",1274.44000000,16.70000000,3.35205700000,1500.00,1.200000,1.150000,6250.00
"TIC 88785435 b",,5.03000000,10.50884300000,635.00,0.724000,0.911000,3998.00
"HIP 8152 c",10.70000000,2.52442508,19.60562000000,650.68,0.937300,0.960300,5618.00
"Kepler-406 c",2.71000000,0.85000000,4.62332000000,,1.070000,1.070000,5538.00
"Kepler-1434 b",,1.11000000,8.05333618000,,1.470000,2.040000,6291.00
"Kepler-80 d",6.75000000,1.53000000,3.07222000000,,0.730000,0.678000,4540.00
"Kepler-1199 b",,1.15000000,15.04471980000,,0.940000,1.170000,5889.00
"Kepler-625 c",,1.05000000,4.16536510000,,1.040000,0.960000,5789.00
"TOI-2373 b",2955.80418510,10.42435205,13.33668000000,860.00,1.041000,1.102000,5651.00
"Kepler-968 b",,2.00000000,3.69298372800,,0.760000,0.700000,4598.00
"TOI-4311 c",13.58000000,2.47000000,15.07042500000,671.00,0.816000,0.844100,5063.00
"Kepler-610 c",,3.30000000,151.86392000000,,1.100000,1.130000,5943.00
"WASP-42 b",167.49641000,12.57649800,4.98168190000,1021.00,0.951000,0.892000,5315.00
"Kepler-1383 b",,1.41000000,13.90935830000,,1.260000,1.440000,6370.00
"Kepler-1449 b",,1.68000000,13.22745280000,,1.080000,1.100000,5979.00
"Kepler-1698 b",,1.07315686,1.21070000000,,0.822000,0.741698,4975.03
"Kepler-49 b",9.77000000,2.57900000,7.20000000000,,0.607000,0.618000,4095.60
"TOI-2803 A b",309.88269682,18.11371281,1.96229325000,1893.00,1.118000,1.245000,6280.00
"TOI-1288 b",44.10000000,4.96846551,2.69982790000,1203.44,0.955200,0.958300,5388.00
"K2-247 b",,2.12000000,2.25021000000,979.00,0.740000,0.690000,4667.00
"Kepler-791 b",,3.05000000,14.55397590000,,1.300000,1.470000,6383.00
"Kepler-150 b",,1.25000000,3.42805400000,,,0.939000,5560.00
"Kepler-180 c",,3.01000000,41.88577500000,,,1.063000,5731.00
"Kepler-754 b",,2.01000000,14.55962370000,,1.060000,1.080000,5935.00
"HAT-P-62 b",241.86741773,12.02723629,2.64532350000,1512.00,1.023000,1.170000,5629.00
"NGTS-5 b",72.78307000,12.73342400,3.35698660000,952.00,0.661000,0.739000,4987.00
"Kepler-62 e",36.00000000,1.61000000,122.38740000000,270.00,0.690000,0.640000,4925.00
"K2-117 b",,2.03000000,1.29160000000,868.00,0.540000,0.510000,3778.00
"WASP-190 b",317.83000000,12.89035000,5.36775300000,1500.00,1.350000,1.600000,6400.00
"WASP-92 b",255.85315000,16.37634900,2.17467420000,1871.00,1.190000,1.341000,6280.00
"TOI-5532 b",,2.52763693,5.65396594310,,,0.662052,4208.45
"Kepler-940 b",,3.34000000,59.62252570000,,0.970000,0.960000,5769.00
"Kepler-10 b",3.24000000,1.47000000,0.83749070000,2188.00,0.910000,1.065000,5708.00
"Kepler-922 b",,1.42000000,0.93846683200,,0.950000,0.930000,5671.00
"TOI-2570 b",260.61929374,13.64132951,2.98876150000,1431.00,1.063000,1.095000,5771.00
"Kepler-232 b",,3.08000000,4.43122200000,,,0.968000,5847.00
"Kepler-238 d",,3.07000000,13.23354900000,,,1.430000,5751.00
"Kepler-1491 c",,2.44000000,61.56976500000,530.00,0.991000,1.389000,5626.00
"TOI-763 c",9.32000000,2.63000000,12.27370000000,800.00,0.917000,0.897000,5450.00
"Kepler-863 b",,2.90000000,15.59461874000,,0.960000,0.950000,5678.00
"Kepler-1219 b",,2.12000000,16.10467749000,,1.250000,1.940000,5944.00
"WASP-130 b",390.93090000,9.97601000,11.55098000000,833.00,1.040000,0.960000,5625.00
"Kepler-1053 b",,0.98000000,2.41435165400,,0.740000,0.690000,4529.00
"K2-292 b",24.50000000,2.63000000,16.98410000000,795.00,1.000000,1.090000,5725.00
"K2-116 b",,0.69000000,4.65541100000,,0.694512,0.669400,4348.35
"WASP-161 b",791.39670000,12.81188700,5.40604250000,1557.00,1.390000,1.712000,6400.00
"Kepler-197 c",,1.23000000,10.34969500000,,,1.120000,6004.00
"Kepler-518 b",,2.11000000,8.51203587700,,0.960000,0.880000,5842.00
"Kepler-544 b",,2.12000000,21.41616926000,,1.160000,1.220000,6206.00
"K2-387 b",,7.32200000,28.73532700000,,0.570000,0.585000,3572.00
"Kepler-608 b",,3.64000000,6.41251503700,,1.000000,1.010000,5820.00
"K2-370 b",11.10000000,2.67000000,2.14080930000,,0.962000,0.945000,5662.00
"TOI-3980 b",187.51876013,14.45958510,3.60892540000,1621.00,1.240000,1.626000,5840.00
"Kepler-24 e",,2.78000000,18.99835500000,,,1.289000,5897.00
"Kepler-47 b",2.07000000,3.05000000,49.46430000000,,0.957000,0.936000,
"Kepler-1985 b",,2.27000000,3.42064689000,1129.00,0.877000,0.966000,5370.00
"Kepler-125 b",,2.37000000,4.16438900000,,,0.512000,3810.00
"Kepler-1809 b",,1.51300000,3.75729990000,,0.807000,0.716000,4901.00
"Kepler-953 c",,1.19000000,9.10967112000,,0.950000,0.990000,5416.00
"Kepler-199 b",,3.11000000,23.63760400000,,,0.967000,5644.00
"Kepler-152 c",,2.39000000,88.25505500000,,,0.724000,5088.00
"TIC 393818343 b",1379.37528638,12.18416202,16.24921000000,805.50,1.082000,1.086000,5756.00
"Kepler-1514 c",,1.17582410,10.51418100000,1066.00,1.196000,1.289000,6145.00
"TOI-4214 b",165.27077164,10.68215861,3.49138850000,1642.00,1.382000,1.434000,6370.00
"Kepler-616 d",,2.65300000,51.06740189000,,1.061000,0.977000,6004.00
"Kepler-1962 b",,1.21463929,7.99145984600,,1.003000,1.006000,5700.00
"WASP-106 b",613.40882551,12.10569916,9.28969000000,,1.175000,1.470000,6002.00
"Kepler-1893 b",,1.70557445,4.17936992600,,0.973000,1.162000,5633.00
"Kepler-1491 b",,1.51000000,16.58617620000,,1.000000,0.990000,5728.00
"Kepler-1883 b",,3.25107395,103.42700200000,,1.086000,1.024000,6208.00
"TOI-1739 b",,1.94600000,8.30334140600,,0.780000,0.781000,4814.00
"Kepler-527 b",,2.84000000,13.28535633000,,1.280000,1.450000,6388.00
"TOI-628 b",2011.86390000,11.88154000,3.40956750000,1586.00,1.311000,1.345000,6250.00
"Kepler-1791 b",,3.12103321,7.72086000400,,0.985000,1.177000,5887.00
"Kepler-1399 b",,1.25000000,1.63865305800,,0.970000,0.960000,5735.00
"KOI-3503 b",9.20000000,1.19000000,21.18500000000,785.00,0.858000,1.255000,6001.00
"TOI-257 b",43.86032017,7.16253867,18.38818000000,1027.00,1.407000,1.867000,6095.00
"HAT-P-31 b",721.47410000,12.21781000,5.00542000000,,1.310000,1.390000,6065.00
"Kepler-217 d",,1.32000000,3.88689525000,,1.370000,1.760000,6341.00
"Kepler-811 b",,2.70000000,23.58447697000,,1.010000,1.240000,5747.00
"OGLE2-TR-L9 b",1430.17500000,18.04600000,2.48553350000,,1.520000,1.530000,6933.00
"Kepler-1954 b",,1.80235934,5.88343000400,,0.942000,0.849000,5840.00
"TOI-4600 c",2946.26933289,9.42000000,482.81910000000,191.00,0.890000,0.810000,5170.00
"TOI-2524 b",203.41018048,11.20898070,7.18585000000,1100.00,1.007000,1.119000,5831.00
"Kepler-359 c",,4.30000000,57.68802000000,,,1.086000,6248.00
"TOI-1260 d",11.84000000,3.12000000,16.60816400000,499.00,0.679000,0.672000,4227.00
"Kepler-444 c",,0.49700000,4.54588410000,,0.758000,0.752000,5046.00
"TOI-1749 c",14.00000000,2.12000000,4.49290000000,673.00,0.580000,0.550000,3985.00
"Kepler-616 b",,2.43000000,9.99761851000,,0.980000,0.970000,5753.00
"TOI-237 b",,1.44000000,5.43609800000,388.00,0.179000,0.211000,3212.00
"HATS-1 b",589.55000000,14.59400000,3.44645900000,1359.00,0.986000,1.038000,5870.00
"Kepler-977 b",,2.62000000,26.85328322000,,0.870000,0.830000,5315.00
"TOI-6448 b",,8.47398941,14.84426100000,745.00,1.030000,0.897000,5910.00
"Kepler-1363 b",,1.25000000,2.94194094000,,0.760000,0.720000,4839.00
"Kepler-880 b",,2.66000000,7.71468975000,,1.460000,1.740000,6761.00
"Kepler-849 b",298.75870258,8.08167508,394.62508000000,362.70,1.259000,1.822000,5950.00
"NGTS-23 b",194.82881349,14.20177855,4.07643260000,1327.00,1.010000,1.240000,6057.00
"Kepler-299 b",,1.32000000,2.92712800000,,,1.032000,5617.00
"HAT-P-21 b",1547.83210000,12.44199000,4.12448000000,,1.240000,1.210000,5588.00
"Kepler-478 b",,2.71000000,13.22175760000,,0.850000,0.800000,5210.00
"NGTS-18 b",129.99181846,13.56286665,3.05125000000,1381.00,1.003000,1.392000,5610.00
"K2-346 b",,2.26000000,26.20144600000,450.00,0.710000,0.700000,4801.00
"Kepler-392 b",,1.00000000,5.34185300000,,,1.129000,5938.00
"Kepler-363 c",,1.69000000,7.54242700000,,,1.485000,5593.00
"Kepler-1464 c",,1.00000000,5.32786292000,,1.020000,1.010000,5828.00
"Kepler-223 b",7.40000000,2.99000000,7.38449000000,,1.125000,1.720000,
"Kepler-1374 b",,2.29000000,10.65276707000,,0.850000,0.810000,5323.00
"Kepler-1370 b",,1.84000000,20.26416840000,,1.190000,1.290000,6202.00
"WASP-41 b",270.15550000,12.32990000,3.05240000000,,0.810000,0.830000,5545.00
"TOI-1794 b",8.70000000,3.29701268,8.76552800000,992.91,0.969800,1.316200,5631.00
"EPIC 201427007 b",,1.50000000,0.72091000000,,,0.940000,5633.00
"TOI-6019 b",149.00000000,12.30000000,14.54795200000,1095.00,1.130000,2.020000,5561.00
"TOI-2876 b",54.03082919,9.63972340,6.29964310000,929.00,0.939000,0.873000,5271.00
"Kepler-650 b",,2.96000000,3.03214558800,,1.080000,1.350000,5849.00
"TOI-4127 b",743.71847238,12.07000000,56.39870000000,556.00,1.230000,1.293000,6096.00
"Kepler-892 b",,2.81000000,13.75210720000,,0.750000,0.720000,4747.00
"TOI-5126 b",,4.74000000,5.45883850000,1442.00,1.240000,1.241000,6150.00
"Kepler-305 e",,1.79381530,3.20538000000,,0.820000,0.827279,4974.00
"Kepler-228 b",,1.53000000,2.56654600000,,,1.014000,6043.00
"Kepler-864 b",,2.40000000,5.83376092000,,1.000000,1.000000,5754.00
"TOI-5489 b",,1.40000000,3.15222000000,624.00,0.410000,0.420000,3547.00
"TOI-1062 b",10.15000000,2.26500000,4.11296000000,1077.00,0.940000,0.840000,5328.00
"Kepler-1858 b",,2.42168247,88.07160187000,,0.785000,0.819000,4939.00
"Kepler-1743 b",,1.59887007,7.64971017800,,1.266000,1.613000,5855.00
"K2-349 b",,1.38000000,9.03217800000,518.00,0.540000,0.490000,4385.00
"Kepler-589 c",,1.11727238,3.52466011000,,0.832000,0.916000,5372.00
"Kepler-332 c",,1.09000000,15.99562200000,,,0.720000,4955.00
"Kepler-882 b",,1.23000000,3.98953966600,,0.900000,0.870000,5476.00
"HAT-P-67 b",143.02278315,23.98721870,4.81010690000,,1.730000,2.620000,6640.00
"Kepler-304 b",,2.86000000,3.29570900000,,,0.687000,4731.00
"Kepler-1080 b",,3.28000000,77.25483960000,,1.100000,1.160000,5956.00
"Kepler-355 b",,1.46000000,11.03189000000,,,1.066000,6184.00
"K2-213 b",,1.51398464,8.13087000000,,1.069596,1.204240,5794.00
"Kepler-224 d",,2.30000000,11.34939300000,,,0.676000,5018.00
"TOI-2578 b",167.17774208,19.66055215,3.45796670000,1778.00,1.270000,1.640000,6333.00
"KOI-4978 b",,0.70000000,0.94196700000,,0.859000,0.966000,5050.28
"K2-102 b",,1.30000000,9.91561500000,,0.770000,0.710000,4695.00
"Kepler-757 b",,1.36000000,1.02267882100,,1.080000,1.130000,6014.00
"Kepler-164 b",,1.41000000,5.03503000000,,,1.148000,5888.00
"Kepler-1196 b",,2.23000000,66.18490310000,,0.980000,0.970000,5756.00
"K2-356 b",,2.29000000,21.02673660000,624.00,0.900000,0.860000,5568.00
"K2-75 c",,2.77000000,18.31100000000,,1.160000,1.560000,5995.00
"Kepler-308 c",,2.16000000,15.38231000000,,,0.941000,5895.00
"HAT-P-64 b",184.34047606,19.08889413,4.00723200000,1766.00,1.298000,1.735000,6457.00
"WASP-194 b",373.13054982,15.47960235,3.18338700000,1693.00,1.290000,1.409000,6405.00
"Kepler-1597 b",,1.06000000,2.94654179000,,1.250000,1.390000,6377.00
"Kepler-256 e",,2.35000000,10.68157200000,,,1.301000,5551.00
"WASP-64 b",403.94500000,14.24700000,1.57329180000,1689.00,1.004000,1.058000,5400.00
"TOI-2145 b",1805.26535176,12.24020692,10.26112800000,,1.710000,2.750000,6206.00
"K2-187 d",,2.40000000,7.14958400000,,,0.830000,5438.00
"Kepler-247 b",,1.64000000,3.33616000000,,,0.768000,5100.00
"TOI-1751 b",19.50000000,2.95078450,37.46852000000,651.64,0.938200,1.313700,5970.00
"Kepler-1217 b",,1.99000000,2.03232507200,,1.060000,1.080000,5905.00
"TIC 245076932 b",162.09248757,10.87271128,21.61389000000,845.00,1.117000,1.288000,6130.00
"K2-381 d",,1.68900000,26.80302300000,,0.754000,0.675000,4473.00
"K2-27 b",30.20000000,4.74000000,6.77134700000,836.00,0.880000,0.876000,5246.00
"Kepler-172 c",,2.86000000,6.38899600000,,,1.085000,5526.00
"TOI-2986 b",96.61983573,9.29224500,3.27836620000,1622.00,1.122000,1.458000,5906.00
"TOI-756 b",9.83000000,2.81000000,1.23924950000,934.00,0.505000,0.505000,3657.00
"Kepler-782 b",,3.21000000,158.68533080000,,0.980000,1.010000,5867.00
"Kepler-679 b",,3.01000000,12.39358604000,,0.870000,0.840000,5403.00
"Kepler-1829 b",,2.47887001,5.18671989400,,0.873000,0.777000,5230.00
"EPIC 212737443 b",,2.58600000,13.60300000000,536.00,0.690000,0.673000,4684.00
"Kepler-307 c",3.64000000,2.20000000,13.07290000000,,0.907000,0.814000,5367.00
"Kepler-265 c",,2.63000000,17.02893700000,,,1.103000,5835.00
"KOI-1599.02",9.00000000,1.90000000,13.60880000000,,1.020000,0.972000,
"TOI-1203 b",3.51000000,1.52000000,4.15728880000,1361.20,0.886000,1.179000,5737.00
"Kepler-1006 b",,1.54000000,19.76172042000,,0.780000,0.740000,5328.00
"K2-132 b",155.73670000,14.57170000,9.17510000000,,1.080000,3.850000,4840.00
"Kepler-685 b",,10.58000000,1.62552220000,,1.110000,1.160000,5963.00
"Kepler-192 c",,2.79000000,21.22340000000,,,1.007000,5479.00
"Kepler-32 e",,1.50000000,2.89600000000,,0.580000,0.530000,3900.00
"K2-266 e",14.30000000,2.73000000,19.48200000000,490.10,0.686000,0.703000,4285.00
"Kepler-1691 b",,1.83470985,3.84820000000,,1.110000,1.131520,6000.00
"Kepler-1995 b",,4.28000000,73.75788750000,375.00,0.847000,0.930000,5029.00
"WASP-192 b",731.00900000,13.78707000,2.87867650000,1620.00,1.090000,1.320000,5910.00
"Kepler-411 b",25.60000000,2.40100000,3.00515600000,1138.00,0.870000,0.820000,
"Kepler-1603 b",,1.29000000,2.27163926000,,1.210000,1.310000,6241.00
"Kepler-1867 b",,1.15985997,9.88735961900,,0.911000,0.816000,5693.00
"Kepler-450 b",,6.14000000,28.45485100000,,1.190000,1.641620,6197.21
"Kepler-1025 b",,1.98000000,37.32294930000,,1.090000,1.130000,6089.00
"TOI-7041 b",114.41822652,11.43316031,9.69100000000,,1.070000,4.100000,4700.00
"Kepler-1198 b",,1.47000000,7.68477160000,,0.930000,0.900000,5517.00
"Kepler-338 c",,2.34000000,24.31085600000,,,1.735000,5923.00
"Kepler-187 c",,2.67000000,10.64026300000,,,1.287000,6105.00
"Kepler-122 d",,2.20000000,21.58747500000,,,1.216000,6050.00
"TOI-1347 b",11.10000000,1.80000000,0.84742346000,1400.00,0.913000,0.830000,5464.00
"Kepler-76 b",638.83830000,15.24424000,1.54492980000,2140.00,1.200000,1.320000,6409.00
"TOI-5502 b",,4.12873780,11.62592988285,,,1.323750,6088.71
"TOI-329 b",40.40000000,4.94057819,5.70439000000,1213.02,1.067800,1.532600,5614.00
"Kepler-1772 b",,2.68609988,3.21509003600,,0.942000,0.934000,5541.00
"Kepler-197 d",,1.22000000,15.67756300000,,,1.120000,6004.00
"Kepler-356 b",,1.57000000,4.61269600000,,,1.335000,6133.00
"Kepler-1514 b",1678.14240000,12.41957200,217.83184000000,387.90,1.196000,1.289000,6145.00
"Kepler-274 b",,1.54000000,11.63478800000,,,1.007000,6023.00
"K2-321 b",,2.05124347,2.29797490000,830.00,0.578000,0.595000,3750.00
"Kepler-1242 b",,2.26000000,13.62798432000,,0.770000,0.740000,4895.00
"Kepler-1249 b",,2.38000000,24.33471270000,,1.190000,1.280000,6202.00
"Kepler-82 b",12.15000000,4.07000000,26.44000000000,,0.910000,0.898000,
"Kepler-75 b",3209.90000000,11.77000000,8.88491160000,767.00,0.910000,0.890000,5200.00
"TOI-2025 b",1144.18226520,11.89272852,8.87209820000,1166.00,1.199000,1.459000,5977.00
"TOI-4311 b",4.50000000,1.37600000,0.99027380000,1664.00,0.816000,0.844100,5063.00
"WASP-177 b",161.45764000,17.71022000,3.07172200000,1142.00,0.876000,0.885000,5017.00
"TOI-5380 b",,3.48093238,3.77229247873,,,1.562100,6400.78
"Kepler-345 b",,0.74000000,7.41556300000,,,0.623000,4504.00
"Kepler-1389 b",,1.77000000,99.25309510000,,0.810000,0.740000,5078.00
"Kepler-574 b",,2.39000000,7.65880414000,,0.950000,0.910000,5612.00
"Kepler-1580 b",,2.11000000,56.64492790000,,1.470000,2.150000,6228.00
"Kepler-1773 b",,3.50469499,40.80970001000,,1.241000,1.300000,6183.00
"K2-187 c",,1.40000000,2.87151200000,,,0.830000,5438.00
"Kepler-161 c",,2.05000000,7.06424000000,,,0.806000,5078.00
"Kepler-1499 b",,1.19000000,44.20080000000,,0.820000,0.780000,5097.00
"Kepler-1930 b",,1.52955541,13.02680016000,,0.844000,0.844000,5083.00
"TOI-1266 c",3.17000000,1.98000000,18.80270000000,346.00,0.437000,0.423200,3563.00
"Kepler-1960 b",,1.30749704,2.29794001600,,1.117000,1.072000,6371.00
"K2-128 b",,1.42000000,5.67581900000,,0.711248,0.777569,4469.51
"BD+60 1417 b",4767.42610500,14.68376472,,1303.00,1.000000,0.797000,4993.00
"TOI-712 c",,2.70100000,51.69906000000,369.90,0.732000,0.674000,4622.00
"Kepler-501 b",,4.30000000,5.64067757200,,1.030000,1.040000,5904.00
"TOI-5736 b",,1.56000000,0.64899000000,1311.00,0.570000,0.580000,3949.00
"K2-343 c",,2.02000000,7.67697200000,465.00,0.490000,0.460000,3804.00
"Kepler-387 c",,0.89000000,11.83754900000,,,1.046000,5774.00
"TOI-4507 b",20.00000000,8.20000000,104.61611000000,,1.110000,1.040000,6260.00
"TOI-5181 A b",330.54154328,13.34989601,3.89222950000,1585.00,1.250000,1.530000,6060.00
"Kepler-348 c",,1.33000000,17.26542700000,,,1.359000,6177.00
"Kepler-844 b",,1.68000000,2.61302085600,,0.590000,0.570000,4128.00
"Kepler-1285 b",,0.97000000,14.79674580000,,1.200000,1.280000,6170.00
"LHS 1678 b",,0.68500000,0.86023250000,,0.345000,0.329000,3490.00
"Kepler-1583 b",,0.60000000,9.32807355000,,0.940000,0.910000,5645.00
"Kepler-674 b",,1.69000000,2.24338184700,,0.600000,0.570000,4192.00
"Kepler-62 c",4.00000000,0.54000000,12.44170000000,578.00,0.690000,0.640000,4925.00
"Kepler-700 b",,5.99000000,80.87206390000,,0.980000,0.960000,5692.00
"HD 6061 b",10.00000000,2.42763557,5.25490000000,1075.31,1.026900,1.007200,5934.00
"TOI-3321 b",176.07693748,15.55806521,3.65251450000,1616.00,1.041000,1.549000,5850.00
"Kepler-209 c",,3.10000000,41.74988200000,,,0.935000,5513.00
"TOI-406.01",6.57000000,2.08000000,13.17568200000,368.00,0.408000,0.410000,3392.00
"Kepler-20 d",13.40000000,2.60600000,77.61145500000,430.00,0.929000,0.916400,5495.00
"NGTS-8 b",295.58190000,12.21781000,2.49970000000,1345.00,0.890000,0.980000,5241.00
"Kepler-1070 b",,1.73000000,6.22161470000,,1.210000,1.320000,6261.00
"TIC 161045582 b",,2.24566738,8.85577189959,,,1.079760,5683.87
"Kepler-53 d",,2.12000000,9.75196200000,,,0.958000,6085.00
"Kepler-382 b",,1.32000000,5.26215500000,,,0.945000,5600.00
"Kepler-1309 b",,2.37000000,28.84326470000,,0.850000,0.800000,5235.00
"Kepler-603 c",,6.50000000,127.90757740000,,1.010000,1.010000,5808.00
"Kepler-946 b",,1.93000000,11.79162572000,,0.940000,0.930000,5665.00
"TOI-5678 b",20.00000000,4.91000000,47.73022000000,513.00,0.905000,0.938000,5485.00
"Kepler-77 b",136.66100000,10.76100000,3.57878087000,1440.00,0.950000,0.990000,5520.00
"Kepler-385 c",,3.04000000,15.16316100000,,,1.126000,6326.00
"Kepler-272 d",,2.25000000,10.93730400000,,,0.929000,5297.00
"Kepler-1564 b",,1.47000000,18.05403810000,,0.930000,0.900000,5528.00
"CT Cha b",5403.00000000,24.66000000,,2600.00,,,
"WASP-13 b",114.41880000,13.67498000,4.35301000000,,0.720000,1.370000,5950.00
"Kepler-659 b",,2.50000000,17.67179600000,,0.790000,0.740000,4870.00
"Kepler-117 b",29.87500000,8.05900000,18.79592280000,984.00,1.129000,1.606000,6150.00
"Kepler-134 b",,2.00000000,5.31742900000,,,1.176000,5983.00
"Kepler-1744 b",,3.76754004,37.10110092000,,0.886000,0.850000,5986.00
"TOI-1811 b",308.92921160,11.14172682,3.71307650000,962.20,0.817000,0.769000,4766.00
"Kepler-1182 b",,2.41000000,11.17394617000,,1.040000,1.050000,5924.00
"TOI-5734 b",9.10000000,2.10000000,6.18418760000,688.00,0.724000,0.639000,4750.00
"Kepler-384 b",,1.12000000,22.59705300000,,,0.882000,5577.00
"Kepler-1317 b",,1.56000000,0.56887442700,,0.830000,0.790000,5144.00
"HD 224018 c",10.40000000,2.42000000,36.57669000000,641.00,1.013000,1.147000,5784.00
"Kepler-157 b",,1.32000000,1.73234200000,,,1.044000,5774.00
"WASP-62 b",165.27160000,14.79588000,4.41195000000,,1.110000,1.230000,6230.00
"TOI-1855 b",360.09958513,18.49481816,1.36414864000,1701.00,0.987000,1.041000,5359.00
"K2-172 c",,3.20569097,29.62682000000,,0.934356,0.868889,5569.00
"WASP-102 b",197.68926915,14.90794433,2.70981300000,1671.00,1.080000,1.375000,5990.00
"EPIC 212499991 b",,1.60000000,34.88500000000,,0.912000,,
"Kepler-736 b",,2.93000000,3.60147201000,,0.860000,0.810000,5217.00
"K2-253 b",,12.67000000,4.00167000000,1238.00,1.080000,1.100000,6027.00
"Kepler-1472 b",,1.90000000,38.13128310000,,1.160000,1.250000,6159.00
"K2-264 c",,2.66800000,19.66030200000,331.00,0.496000,0.473000,3660.00
"TOI-4588 b",,2.92922558,13.11881173651,,,1.574580,7746.12
"WASP-70 A b",187.51200000,13.04700000,3.71302030000,1387.00,1.106000,1.215000,5763.00
"Kepler-783 b",,0.78000000,4.29264638000,,0.930000,0.890000,5521.00
"Kepler-351 b",,3.06000000,37.05491900000,,,0.854000,5643.00
"Kepler-1640 b",,4.82000000,7.58441260000,,1.270000,1.430000,6324.00
"Kepler-1611 b",,0.81000000,5.17624290000,,0.940000,0.930000,5605.00
"TOI-512 b",3.57000000,1.54000000,7.18886000000,1009.00,0.740000,0.890000,5277.00
"Kepler-1530 c",,1.65000000,5.32274060000,,0.920000,0.880000,5477.00
"Kepler-1387 b",,0.93000000,2.27952665600,,0.820000,0.770000,5046.00
"Kepler-968 c",,1.69000000,5.70940491800,,0.760000,0.700000,4598.00
"Kepler-342 d",,2.49000000,39.45935700000,,,1.472000,6175.00
"Kepler-416 d",,1.61000000,3.07644709000,1253.00,0.949000,1.022000,5670.00
"TOI-6699 b",,2.32645266,5.32005926761,,,0.753090,4705.10
"KELT-16 b",874.03250000,15.86073500,0.96899510000,2453.00,1.211000,1.360000,6236.00
"K2-384 c",,1.19100000,4.19476600000,,0.330000,0.348000,3623.00
"Kepler-1229 b",,1.40000000,86.82898900000,,0.540000,0.510000,3784.00
"Kepler-722 c",,2.82000000,105.14474900000,,1.030000,1.050000,5863.00
"TOI-1444 b",3.58000000,1.41792246,0.47027430000,2130.02,0.951300,0.910500,5460.00
"TOI-908 b",16.13700000,3.18600000,3.18379200000,1317.00,0.950000,1.028000,5626.00
"K2-80 c",,1.47000000,5.60500000000,,0.900000,0.870000,5441.00
"Kepler-220 e",,1.33000000,45.90273300000,,,0.666000,4632.00
"Kepler-1106 b",,1.65000000,1.25275217400,,1.110000,1.170000,6104.00
"HD 114082 b",508.52545120,11.72459381,225.55040000000,,1.280000,1.482000,6610.00
"KOI-134 b",346.43296363,12.03844527,67.12770000000,659.00,1.407000,1.667000,6160.00
"Kepler-46 d",,1.64000000,6.76658900000,,,0.790000,5309.00
"TOI-4379 b",353.74301699,16.69017226,3.25352000000,,1.372000,1.976000,6020.00
"Kepler-162 b",,1.26000000,6.91979800000,,,0.958000,5816.00
"K2-191 b",,1.57889322,2.85864600000,,0.900994,0.839696,5176.00
"Kepler-1826 b",,1.47519116,1.61536002200,,0.490000,0.486000,3821.00
"Kepler-1161 b",,2.13000000,10.71252541000,,0.590000,0.570000,4253.00
"Kepler-294 b",,1.77000000,3.70121200000,,,0.976000,5913.00
"K2-133 c",,1.60300000,4.86784000000,,0.461000,0.455000,3655.00
"TOI-2147 b",116.00000000,10.50000000,26.20518000000,820.00,0.990000,1.390000,5983.00
"WASP-35 b",225.65930000,14.57170000,3.16158000000,,1.050000,1.080000,5990.00
"Kepler-1607 b",,0.92000000,13.64736760000,,1.140000,1.210000,6116.00
"EPIC 220674823 b",7.54000000,1.60600000,0.57130782000,2324.00,0.913000,0.990000,5578.00
"TOI-1846 b",,1.79200000,3.93067370000,568.10,0.418000,0.397000,3568.00
"K2-138 c",6.31000000,2.29900000,3.56004000000,,0.935000,0.863000,5356.30
"Kepler-1737 b",,5.39500000,64.61750031000,,0.834000,0.881000,5043.00
"HATS-39 b",200.23290000,17.59813000,4.57763480000,1645.00,1.379000,1.621000,6572.00
"Kepler-320 c",,1.37000000,17.93493700000,,,1.108000,6435.00
"NGTS-39 b",466.25427307,12.19537100,58.20472000000,519.00,1.160000,1.160000,6053.00
"Kepler-1574 b",,1.29000000,6.94243340000,,1.060000,1.080000,5892.00
"K2-285 b",9.68000000,2.59000000,3.47174500000,1088.90,0.830000,0.787000,4975.00
"Kepler-693 b",,10.18000000,15.37563332000,,0.760000,0.720000,4881.00
"Kepler-84 e",,2.60000000,27.43438900000,,,1.169000,6031.00
"Kepler-1206 b",,1.64000000,1.21699766300,,0.800000,0.750000,4877.00
"TOI-1466 b",,2.46741991,1.87190602231,,,0.749646,4435.39
"Kepler-1901 b",,1.47418907,3.48412990600,,1.022000,0.921000,5696.00
"Kepler-891 b",,6.41000000,53.44945593000,,1.060000,1.070000,5887.00
"TOI-4405 b",,2.55505441,5.92143995316,,,0.687025,4467.38
"Kepler-1675 b",,3.12483349,63.03820000000,,1.060000,1.128650,5853.19
"Kepler-319 b",,1.63000000,4.36270500000,,,0.903000,5526.00
"Kepler-256 b",,1.59000000,1.62049300000,,,1.301000,5551.00
"Kepler-1627 b",,3.69000000,7.20283653000,,0.870000,0.840000,5445.00
"Kepler-482 b",,2.36000000,56.35418576000,,0.750000,0.720000,4871.00
"Kepler-709 b",,2.92000000,16.08524954000,,0.800000,0.770000,5071.00
"Kepler-299 c",,2.65000000,6.88587500000,,,1.032000,5617.00
"Kepler-234 c",,3.51000000,7.21205000000,,,1.113000,6224.00
"TIC 320419023 b",,2.77280763,5.26375651589,,,0.952319,5703.36
"Kepler-79 e",3.80000000,3.53000000,81.06650000000,,1.244000,1.316000,6389.00
"Kepler-11 d",7.30000000,3.12000000,22.68450000000,,0.961000,1.065000,5663.00
"Kepler-884 b",,1.23000000,5.69919514000,,1.000000,0.940000,5715.00
"TOI-1839 c",,2.40867246,4.02393854207,,,0.848099,5315.91
"K2-187 b",,1.20000000,0.77401000000,,,0.830000,5438.00
"K2-8 c",,2.41000000,5.06416000000,801.00,0.780000,0.740000,4870.00
"Kepler-747 b",,5.27000000,35.61760587000,,0.820000,0.780000,5096.00
"Kepler-23 b",2.56000000,1.63800000,7.10000000000,,1.078000,1.548000,5828.00
"WASP-159 b",174.80650000,15.46842000,3.84040100000,1850.00,1.410000,2.110000,6120.00
"TOI-2886 b",444.95976980,18.64053490,1.60200105000,1978.00,1.229000,1.241000,6240.00
"OGLE-TR-182 b",320.99500000,12.66600000,3.97910000000,,1.140000,1.140000,5924.00
"Kepler-832 b",,2.06000000,7.13969410000,,0.920000,0.900000,5596.00
"K2-245 b",,4.34000000,11.89307000000,923.00,0.830000,1.250000,5793.00
"Kepler-859 b",,3.09000000,20.38177573000,,0.810000,0.770000,5020.00
"KELT-14 b",408.09372000,19.53728700,1.71005660000,1970.00,1.239000,1.520000,5720.00
"Kepler-1160 b",,2.14000000,7.97034958000,,0.920000,0.890000,5519.00
"TOI-1238 c",8.32000000,2.11000000,3.29473600000,695.00,0.590000,0.580000,4089.00
"Kepler-599 b",,2.84000000,15.65562652000,,0.830000,0.790000,5127.00
"Kepler-218 c",,3.14000000,44.69957600000,,,1.063000,5502.00
"Kepler-381 b",,0.99000000,5.62902100000,,,1.568000,6152.00
"Kepler-712 c",,4.85000000,226.89047000000,,0.840000,0.780000,5148.00
"Kepler-128 c",3.38000000,1.52100000,22.80000000000,,1.184000,1.659000,6072.00
"TOI-1080 b",10.70000000,1.20000000,3.96524820000,368.00,0.166700,0.201900,3065.00
"TOI-2379 b",1830.69162432,11.72459381,5.46938270000,624.00,0.645000,0.622000,3707.00
"K2-200 b",,1.36439870,2.84988300000,,0.860208,0.791736,5233.00
"Kepler-1188 b",,2.08000000,17.13695430000,,1.040000,1.060000,5913.00
"K2-21 b",,1.84000000,9.32503800000,,0.676023,0.646783,4222.06
"KOI-55 b",0.44000000,0.75900000,0.24010400000,,0.496000,0.203000,27730.00
"K2-376 b",,1.73600000,5.77647500000,,0.908000,1.149000,5937.00
"HD 63433 d",,1.07300000,4.20907500000,1040.00,0.990000,0.912000,5688.00
"Kepler-515 b",,1.46000000,19.96371318000,,0.900000,0.830000,5293.00
"Kepler-639 b",,2.38000000,10.21420496000,,1.140000,1.290000,5896.00
"WASP-141 b",854.96270000,13.56289000,3.31065100000,1540.00,1.250000,1.370000,5900.00
"Kepler-203 c",,2.47000000,5.37064700000,,,1.114000,5821.00
"K2-5 c",,2.26000000,10.93241000000,456.00,0.610000,0.570000,3930.00
"KOI-13 b",2949.46240000,16.94800800,1.76358800000,2550.00,1.720000,1.740000,7650.00
"HATS-62 b",56.89157000,11.82549500,3.27688370000,1237.00,0.896000,0.933000,5416.00
"Kepler-393 c",,1.33000000,14.61361200000,,,1.382000,6189.00
"K2-239 b",,1.10000000,5.24000000000,502.00,0.400000,0.360000,3420.00
"TOI-1408 b",593.00000000,25.00000000,4.42587000000,,1.312000,1.530000,6117.00
"TOI-286 c",3.72000000,1.88000000,39.36182600000,475.00,0.832000,0.780000,5152.00
"TOI-5595 b",,4.73740402,5.99002553853,,,0.743344,4417.30
"Kepler-33 d",,5.35000000,21.77596000000,,1.291000,1.820000,5904.00
"Kepler-556 b",,2.24000000,11.72292176000,,1.000000,0.980000,5740.00
"Kepler-1798 b",,2.30911251,16.85589981000,,0.593000,0.587000,3967.00
"VHS J125601.92-125723.9 b",5085.25451200,13.67495645,5800000.00000000000,1194.00,,,
"TOI-2071 b",,2.56484195,5.67395386982,,,1.002860,5755.41
"Kepler-166 c",,2.38000000,34.26028100000,,,0.742000,5413.00
"HAT-P-33 b",292.40360000,20.73665000,3.47447000000,,1.820000,1.790000,6446.00
"K2-154 c",,2.07000000,7.95486000000,552.00,0.650000,0.630000,4097.00
"Kepler-770 b",,2.30000000,18.92540274000,,0.940000,0.920000,5598.00
"WASP-54 b",187.51970000,17.71022000,3.69364000000,,1.080000,1.760000,6100.00
"HAT-P-5 b",311.47340000,13.56289000,2.78849000000,,1.040000,1.120000,5960.00
"TIC 77319217 b",,3.10879526,7.54830765124,,,1.184390,5961.52
"Kepler-1980 b",,2.21000000,33.02571790000,564.00,1.049000,0.990000,5819.00
"TOI-1736 b",12.30000000,3.18175535,7.07307600000,1099.79,1.037300,1.428600,5636.00
"Kepler-1254 d",,1.31000000,5.72717226000,,0.780000,0.750000,4985.00
"Kepler-1255 b",,2.32000000,36.29193360000,,1.080000,1.120000,6018.00
"K2-158 c",,1.28000000,5.90279000000,948.00,0.920000,0.950000,5503.00
"Kepler-869 b",,3.61000000,40.42877550000,,0.970000,0.950000,5664.00
"Kepler-563 b",,3.09000000,22.18432708000,,0.800000,0.770000,5066.00
"Kepler-150 c",,3.69000000,7.38199800000,,,0.939000,5560.00
"Kepler-586 b",,2.79000000,2.10472218400,,0.940000,0.920000,5575.00
"Kepler-698 b",,3.68000000,16.32976218000,,0.940000,0.910000,5612.00
"K2-29 b",232.01590000,13.33871000,3.25883210000,1171.00,0.940000,0.860000,5358.00
"Kepler-206 c",,1.77000000,13.13747100000,,,1.185000,5764.00
"Kepler-450 c",,2.62000000,15.41313500000,,1.190000,1.641620,6197.21
"TOI-2015 b",9.20000000,3.30900000,3.34823700000,530.90,0.304100,0.327300,3297.00
"Kepler-913 c",,3.85807090,5.93911981600,,1.294000,1.797000,6068.00
"K2-52 b",,18.00000000,3.53505500000,2004.00,1.691000,2.192000,7147.00
"TOI-5624 b",9.40000000,2.31400000,3.39034730000,1136.00,0.858000,0.820000,5327.00
"TOI-6054.01",12.50000000,2.64000000,7.50142800000,1360.00,1.107000,1.662000,6047.00
"XO-1 b",263.79890000,12.77826000,3.94153000000,,0.880000,0.880000,5750.00
"Kepler-1932 b",,1.51482218,0.52417701500,,0.911000,0.815000,5278.00
"Kepler-202 c",,1.85000000,16.28249300000,,,0.667000,4668.00
"Kepler-341 d",,1.85000000,27.66631300000,,,1.024000,6012.00
"K2-274 b",,2.08000000,14.13303140000,655.00,0.790000,0.700000,5044.00
"Kepler-1340 b",,1.55000000,0.66502691600,,1.270000,1.420000,6331.00
"GU Psc b",3591.30000000,14.17900000,,1050.00,0.325000,,
"TOI-2796 b",139.84449908,17.26183028,4.80849830000,1205.00,1.063000,1.069000,5764.00
"Kepler-159 b",,2.38000000,10.13962300000,,,0.663000,4625.00
"Kepler-901 b",,1.37000000,3.51749439400,,0.590000,0.570000,4184.00
"Kepler-1712 b",,2.28372556,13.81499958000,,0.515000,0.509000,3732.00
"TOI-712 b",,2.04900000,9.53136100000,650.00,0.732000,0.674000,4622.00
"Kepler-568 b",,2.26000000,11.02347475000,,0.550000,0.530000,3768.00
"Kepler-1147 b",,2.61000000,10.62784997000,,1.090000,1.140000,5941.00
"Kepler-1572 b",,0.94000000,5.49548621000,,0.970000,0.950000,5618.00
"HAT-P-3 b",206.58950000,10.53646000,2.89970000000,,1.060000,0.870000,5185.00
"Kepler-383 c",,1.24000000,31.20075100000,,,0.672000,4710.00
"Kepler-1700 b",,2.90129941,234.23900000000,,1.120000,1.093700,6031.00
"Kepler-1322 b",,1.61000000,0.96286738200,,0.900000,0.870000,5488.00
"TOI-2133 b",,2.37000000,3.82664720000,798.00,0.644000,0.620000,4250.00
"KOI-351 c",,1.19000000,8.71937500000,,1.200000,1.200000,6080.00
"Kepler-614 b",,2.39000000,14.03491514000,,0.850000,0.810000,5268.00
"Kepler-281 c",,5.31000000,36.33737300000,,,0.899000,5723.00
"Kepler-221 c",,2.93000000,5.69058600000,,,0.821000,5243.00
"Kepler-627 b",,3.73000000,40.69944430000,,1.300000,1.490000,6424.00
"Kepler-1140 b",,2.77000000,24.08627070000,,0.760000,0.730000,4850.00
"Kepler-1884 b",,1.81406781,8.98832035100,,0.993000,0.906000,5984.00
"Kepler-1653 b",,2.17000000,140.25240000000,284.00,0.719000,0.693000,4807.00
"Kepler-244 c",,2.05000000,9.76729200000,,,0.803000,5554.00
"Kepler-1631 b",,1.35000000,4.09513932000,,0.970000,0.950000,5679.00
"Kepler-1034 b",,2.26000000,12.12400943000,,0.830000,0.800000,5198.00
"Kepler-143 b",,2.41000000,16.00758300000,,,1.359000,5848.00
"Kepler-921 b",,2.87000000,51.30063400000,,0.930000,0.910000,5663.00
"Kepler-333 c",,1.11000000,24.08821000000,,,0.534000,4259.00
"Kepler-402 b",,1.22000000,4.02875100000,,,1.264000,6090.00
"Kepler-670 b",,13.18000000,2.81650485200,,0.990000,0.990000,5709.00
"Kepler-758 e",,1.53000000,8.19347190000,,1.160000,1.420000,6228.00
"K2-412 b",,2.11600000,5.93820000000,,0.893000,0.977000,5590.00
"Kepler-311 b",,1.70000000,9.17609200000,,,1.188000,5905.00
"Kepler-1297 b",,0.97000000,1.68189002000,,0.990000,0.990000,5818.00
"TOI-2093 c",15.80000000,2.30000000,53.81149000000,329.00,0.745000,0.729000,4426.00
"K2-334 b",,5.65000000,5.11398100000,1380.00,1.360000,1.490000,6502.00
"Kepler-1628 b",,6.43000000,76.37803300000,,0.550000,0.520000,3724.00
"Kepler-230 b",,4.26000000,32.62555500000,,,0.817000,5588.00
"Kepler-382 c",,1.59000000,12.16270100000,,,0.945000,5600.00
"Kepler-607 b",,0.87000000,0.63816320400,,0.840000,0.800000,5196.00
"Kepler-1839 b",,1.94937590,5.05675983400,,1.030000,0.939000,5926.00
"TOI-2567 b",63.88350981,10.92875618,5.98394400000,1352.00,1.130000,1.686000,5611.00
"TOI-5232 b",743.71847238,12.77823800,4.09666920000,1772.00,1.389000,1.785000,6500.00
"Kepler-1959 b",,1.14315727,6.38669014000,,0.768000,0.811000,5071.00
"Kepler-949 c",,2.97000000,20.99757968000,582.00,0.817000,0.895000,5211.00
"Kepler-367 c",,1.20000000,53.57863700000,,,0.695000,4710.00
"K2-315 b",,0.95000000,3.14431890000,460.00,0.174000,0.196000,3300.00
"Kepler-1549 b",,2.57000000,214.88654500000,,0.880000,0.840000,5324.00
"WASP-104 b",404.26300000,12.74500000,1.75541370000,1516.00,1.076000,0.963000,5475.00
"TOI-833 b",,1.27000000,1.04187770000,1118.00,0.610000,0.600000,3920.00
"TOI-5728 b",,1.31000000,11.49761000000,382.00,0.360000,0.370000,3419.00
"Kepler-814 b",,2.12000000,6.14698510000,,1.150000,1.220000,6162.00
"Kepler-1894 c",,1.21000000,5.05368985000,1007.00,0.999000,0.901000,5772.00
"Kepler-102 c",1.70000000,0.56700000,7.07139200000,777.00,0.803000,0.724000,4909.00
"K2-37 d",12.50000000,2.31000000,14.09229000000,646.00,0.840000,0.809000,5352.00
"Kepler-252 b",,1.23000000,6.66839100000,,,0.549000,4208.00
"Kepler-17 b",778.65000000,14.68000000,1.48571080000,1570.00,1.040000,1.010340,5781.00
"Kepler-163 b",,1.05000000,7.81093700000,,,0.917000,5776.00
"Kepler-1162 c",,1.81000000,59.28406400000,401.00,0.861000,0.859000,5225.00
"HR 8799 e",3178.30000000,13.11453000,,1150.00,,,7400.00
"K2-61 b",,1.92000000,2.57336000000,1325.00,0.970000,0.995000,5748.00
"TOI-1453 b",2.32000000,1.17300000,4.31352250000,944.20,0.715000,0.720000,4975.00
"Kepler-1841 b",,1.48912557,25.88599968000,,0.823000,0.899000,5190.00
"Kepler-1972 c",2.11000000,0.86800000,11.32950000000,,1.120000,1.384000,5818.00
"K2-10 b",25.20000000,3.77300000,19.30553000000,649.00,0.880000,0.956000,5533.00
"Kepler-1789 b",,2.83137505,80.23190308000,,0.920000,0.888000,5436.00
"Kepler-308 b",,2.12000000,9.69492800000,,,0.941000,5895.00
"Kepler-636 b",,4.45000000,16.08066114700,,0.850000,0.800000,5203.00
"TOI-3082 b",,3.66210000,1.92690700000,1032.78,0.664000,0.684700,4263.00
"Kepler-1928 b",,1.99200000,19.57783000000,,1.010000,0.920000,5720.00
"HR 8799 b",2000.00000000,13.00000000,170000.00000000000,,1.500000,,
"Kepler-141 b",,0.69000000,3.10767500000,,,0.787000,4910.00
"Kepler-1927 b",,3.40627075,73.75039673000,,1.408000,2.481000,6056.00
"Kepler-265 d",,2.49000000,43.13061700000,,,1.103000,5835.00
"Kepler-619 b",,3.16000000,5.40427219700,,1.090000,1.110000,5980.00
"WASP-36 b",750.39663000,14.87434300,1.53736596000,1733.00,1.081000,0.985000,5959.00
"K2-281 b",,8.18000000,8.68772100000,665.00,0.820000,0.760000,4812.00
"Kepler-983 b",,2.36000000,60.08550820000,,1.130000,1.080000,6052.00
"Kepler-1790 b",,3.14461450,31.58889961000,,1.020000,1.367000,5866.00
"Kepler-230 c",,2.04000000,91.77324200000,,,0.817000,5588.00
"Kepler-164 e",,4.24000000,94.88690200000,429.00,0.966000,1.097000,5888.00
"Kepler-461 b",,2.58000000,8.31378305900,,0.980000,0.910000,5634.00
"TOI-4794 b",308.29355479,14.35870428,3.56581160000,1673.00,1.250000,1.451000,6390.00
"WASP-167 b",2542.64000000,17.71022000,2.02195960000,2329.00,1.590000,1.790000,7000.00
"TOI-157 b",375.03940000,14.41477400,2.08454350000,1588.00,0.948000,1.167000,5404.00
"K2-115 b",321.00669107,11.80305668,20.27299140000,696.00,0.918000,0.855000,5870.00
"Kepler-223 e",4.80000000,4.60000000,19.72567000000,,1.125000,1.720000,
"HD 73344 b",10.48000000,2.88400000,15.61100000000,911.00,1.200000,1.220000,6252.60
"Kepler-118 b",,1.96000000,7.51849600000,,,1.094000,5274.00
"Kepler-50 c",,2.17000000,9.37647000000,,1.240000,1.580000,6225.00
"TOI-4156 c",,2.92303762,12.82282706375,,,1.039630,5971.64
"Kepler-1993 b",,4.15000000,26.65657370000,903.00,1.373000,3.062000,5159.00
"K2-390 b",,4.66200000,3.31279200000,,0.789000,0.966000,5558.00
"Kepler-741 b",,2.97000000,7.03902374000,,1.160000,1.240000,6129.00
"G 9-40 b",4.00000000,1.90000000,5.74599820000,440.60,0.295200,0.302600,3395.00
"Kepler-160 c",,3.76000000,13.69942900000,,,1.118000,5471.00
"K2-31 b",563.83042000,11.88154000,1.25785000000,,0.910000,0.780000,5280.00
"Kepler-114 b",,1.26000000,5.18854900000,,,0.667000,4605.00
"Kepler-1143 b",,1.67000000,2.88890484900,,0.810000,0.770000,5053.00
"Kepler-1129 c",,2.73000000,76.53695860000,,1.000000,1.000000,5831.00
"HR 8799 d",3000.00000000,13.00000000,37000.00000000000,,1.500000,,
"Kepler-1073 b",,2.30000000,8.67888593000,,1.000000,1.000000,5792.00
"Kepler-1966 b",,1.10479327,8.61742973300,,0.797000,0.840000,5009.00
"Kepler-58 d",,2.94000000,40.10137100000,,,1.127000,6099.00
"Kepler-62 d",14.00000000,1.95000000,18.16406000000,510.00,0.690000,0.640000,4925.00
"Kepler-1866 b",,2.08215108,11.66009998000,,1.030000,1.083000,5791.00
"Kepler-353 b",,0.89000000,5.79527800000,,,0.504000,3903.00
"Kepler-1506 b",,1.32000000,14.03291540000,,0.950000,0.930000,5676.00
"K2-340 b",,3.36000000,29.74045100000,606.00,0.930000,1.130000,5532.00
"KIC 3558849 b",,6.90000000,1322.30000000000,,0.980000,1.010000,6175.00
"TOI-2211.01",,1.56100000,3.09268675700,,0.900000,0.834000,5253.00
"Kepler-1786 b",,3.16305828,78.54609680000,,1.058000,1.397000,5808.00
"Kepler-973 b",,1.96000000,49.60773310000,,0.860000,0.780000,5213.00
"Kepler-333 b",,1.32000000,12.55115800000,,,0.534000,4259.00
"Kepler-35 b",40.36300000,8.16000000,131.45800000000,,0.887700,1.028400,5606.00
"TOI-5573 b",112.00000000,9.75000000,8.79758977000,528.00,0.619000,0.594000,3790.00
"Kepler-1668 b",,4.34764405,15.43400000000,,0.980000,1.017380,5542.00
"Kepler-1795 b",,1.66301611,13.36019993000,,0.768000,0.688000,4500.00
"TOI-1836 b",38.45723725,8.00321222,20.38079900000,966.00,1.307000,1.577000,6380.00
"Kepler-1720 b",,3.21585295,12.70639992000,,0.939000,0.839000,5573.00
"Kepler-1830 b",,3.32992941,56.49330139000,,1.443000,2.046000,6160.00
"HAT-P-28 b",198.95300000,13.58500000,3.25721500000,1384.00,1.025000,1.103000,5680.00
"K2-160 b",,3.17824034,3.70587100000,,0.982829,0.913754,5649.00
"Kepler-296 d",,2.09000000,19.85029100000,,0.498000,0.480000,3740.00
"Kepler-501 c",,1.68119739,3.62276005700,,1.032000,1.216000,5794.00
"HAT-P-66 b",248.86089000,17.82231000,2.97208600000,1896.00,1.255000,1.881000,6002.00
"Kepler-1708 b",1462.01067220,9.96000000,737.11310000000,,1.088000,1.117000,6157.00
"Kepler-1394 b",,1.39000000,3.93766373000,,1.640000,2.550000,6481.00
"Kepler-1220 b",,1.52000000,7.42693741000,,1.000000,0.990000,5842.00
"HATS-49 b",112.19399000,8.57488500,4.14804670000,834.80,0.713300,0.697700,4405.00
"Kepler-7 b",140.16303000,18.18099800,4.88548920000,1630.00,1.359000,1.966000,5933.00
"Kepler-658 b",,1.63000000,1.28707676200,,0.630000,0.600000,4103.00
"Kepler-56 c",181.00000000,9.80000000,21.40239000000,,1.320000,4.230000,4840.00
"Kepler-637 b",,4.75000000,23.20584623000,,1.640000,2.560000,6096.00
"Kepler-1440 b",,1.26000000,39.85948400000,,0.980000,0.960000,5698.00
"Kepler-1649 b",,1.01700000,8.68909900000,307.00,0.197700,0.231700,3240.00
"Kepler-481 b",,2.50000000,10.06082567000,,1.010000,1.090000,5802.00
"Kepler-1257 b",,1.52000000,2.66831376200,,0.900000,0.870000,5502.00
"Kepler-1796 b",,2.75047868,29.45579910000,,1.018000,0.949000,6036.00
"Kepler-1831 b",,1.97019818,5.78387022000,,1.117000,1.012000,6063.00
"K2-148 b",,1.33000000,4.38395000000,,0.650000,0.632000,4079.00
"Kepler-416 b",58.20000000,2.48000000,6.31900000000,,1.000000,1.075000,
"Kepler-122 e",,2.60000000,37.99327300000,,,1.216000,6050.00
"Kepler-417 b",11.00000000,2.31000000,12.33100000000,,0.900000,0.806000,
"K2-316 c",,1.83000000,5.26000000000,423.00,0.408000,0.379000,3436.00
"TOI-2094 b",,1.90000000,18.79319300000,276.00,0.425000,0.384000,3435.00
"Kepler-799 c",,2.78068551,15.19419956000,,1.031000,1.593000,5588.00
"Kepler-110 c",,2.21000000,31.71977500000,,,1.149000,5960.00
"Kepler-92 d",,2.06700000,49.35680000000,,1.070000,1.817190,5904.34
"K2-247 c",,2.19000000,6.49424000000,688.00,0.740000,0.690000,4667.00
"KELT-3 b",616.59020000,17.48604000,2.70339000000,,1.960000,1.700000,6304.00
"HATS-16 b",1039.30410000,14.57170000,2.68650200000,1592.00,0.970000,1.238000,5738.00
"HD 137496 b",4.04000000,1.31000000,1.62116000000,2130.00,1.040000,1.590000,5799.00
"Kepler-224 b",,1.39000000,3.13292400000,,,0.676000,5018.00
"Kepler-526 b",,1.99000000,5.45849831600,,1.150000,1.140000,5894.00
"Kepler-331 c",,1.84000000,17.28111000000,,,0.492000,4347.00
"CFHTWIR-Oph 98 b",2479.06157460,20.84870410,8040000.00000000000,1800.00,0.014700,0.245000,2320.00
"Kepler-1989 b",,4.62000000,10.16102352800,904.00,0.999000,1.060000,6032.00
"Kepler-1741 b",,1.27300000,2.75759005500,,0.454000,0.424000,3683.00
"Kepler-50 b",,1.71000000,7.81254000000,,1.240000,1.580000,6225.00
"WISEP J121756.91+162640.2 A b",6992.00000000,10.46800000,,450.00,0.029000,0.091000,575.00
"TOI-1269 b",6.40000000,2.40144286,4.25299130000,1004.90,0.902700,0.852100,5499.00
"Kepler-1089 b",,1.83000000,5.13248561800,,0.520000,0.490000,3753.00
"K2-285 e",10.70000000,1.95000000,14.76289000000,500.90,0.830000,0.787000,4975.00
"Kepler-247 d",50.00000000,4.50000000,20.47370000000,,0.884000,0.791000,5094.00
"TOI-4409 b",14.93793513,7.44000000,92.49178900000,,0.763000,0.720000,4928.00
"Kepler-122 f",36.00000000,1.75000000,56.26800000000,,1.030000,0.949000,
"TOI-2095 b",4.10000000,1.25000000,17.66484000000,347.00,0.440000,0.440000,3759.00
"TOI-2154 b",292.40213444,16.28664896,3.82408010000,1580.00,1.233000,1.396000,6280.00
"Kepler-1588 b",,0.76000000,7.84931739000,,0.960000,0.990000,5817.00
"Kepler-945 b",,2.63000000,31.00338140000,,0.970000,0.970000,5718.00
"Kepler-1103 b",,2.27000000,19.79191978000,,1.110000,1.150000,6092.00
"Kepler-339 d",,1.17000000,10.55834500000,,,0.802000,5631.00
"Kepler-1848 b",,1.40885390,5.60402011900,,0.756000,0.737000,4847.00
"Qatar-10 b",233.92288000,17.29548700,1.64532100000,1955.00,1.156000,1.254000,6124.00
"Kepler-1805 b",,1.54502915,8.84794044500,,0.581000,0.552000,3867.00
"K2-182 b",20.97667486,2.71257333,4.73696960000,965.80,0.823000,0.789000,5128.00
"Kepler-140 c",,1.80000000,91.35328200000,,,1.288000,6077.00
"Kepler-338 e",8.50000000,1.56000000,9.34100000000,,1.140000,1.735000,
"Kepler-415 b",119.90000000,1.21000000,4.17600000000,,0.670000,0.643000,
"Kepler-37 c",1.30000000,0.75500000,21.30184800000,615.00,0.790000,0.789000,5357.00
"Kepler-1109 b",,2.19000000,37.64673840000,,1.050000,1.060000,5893.00
"K2-285 d",6.50000000,2.48000000,10.45582000000,619.90,0.830000,0.787000,4975.00
"Kepler-818 b",,5.11000000,10.03538581400,,0.940000,0.920000,5638.00
"HD 213885 b",8.83000000,1.74500000,1.00803500000,2128.00,1.068000,1.101100,5978.00
"Kepler-665 b",,2.60000000,16.01310205000,,0.790000,0.740000,4913.00
"K2-238 b",273.33380000,14.57170000,3.20466000000,1587.00,1.190000,1.590000,5630.00
"WASP-81 b",231.69807000,16.01766100,2.71647620000,1623.00,1.080000,1.283000,5870.00
"K2-138 e",12.97000000,3.39000000,8.26146000000,,0.935000,0.863000,5356.30
"TIC 188624430 b",,3.64811843,6.21860433132,,,0.786574,5369.46
"HAT-P-50 b",429.07050000,14.43719200,3.12201090000,1862.00,1.273000,1.698000,6280.00
"Kepler-1423 b",,1.06000000,23.95537800000,,0.790000,0.750000,4939.00
"WASP-162 b",1652.71600000,11.20900000,9.62468000000,910.00,0.950000,1.110000,5300.00
"Kepler-949 b",,2.91000000,8.68930729600,,0.890000,0.860000,5403.00
"Kepler-293 b",,3.07000000,19.25419600000,,,0.957000,5804.00
"TOI-778 b",878.00000000,15.40000000,4.63361100000,1561.00,1.400000,1.710000,6643.00
"Kepler-1525 b",,0.91000000,2.41660118300,,1.070000,1.040000,5748.00
"HAT-P-49 b",699.22600000,17.82231000,2.69155000000,,2.220000,2.060000,6820.00
"Kepler-1753 b",,2.22678077,16.00460052000,,0.860000,0.769000,5180.00
"Kepler-954 b",,2.32000000,16.78176602000,,0.820000,0.760000,4990.00
"WASP-14 b",2809.61720000,15.46842000,2.24375000000,,1.620000,1.400000,6475.00
"WASP-100 b",400.46580000,14.90797000,2.84938000000,,0.770000,1.570000,6900.00
"TOI-1448 b",19.50000000,2.74900000,8.11224500000,426.00,0.372000,0.380000,3412.00
"Lupus-TR-3 b",257.43100000,9.97600000,3.91405000000,,0.870000,0.820000,5000.00
"K2-353 b",,5.55000000,15.46680500000,735.00,0.870000,0.990000,5698.00
"TOI-2068 b",,1.82100000,7.76891500000,520.62,0.559000,0.535000,3710.00
"Kepler-414 b",3.50000000,1.71000000,4.70000000000,,0.890000,0.946000,
"KOI-1783.02",15.00000000,5.44000000,284.21500000000,,1.076000,1.143000,5922.00
"HD 73583 c",9.70000000,2.39000000,18.87974000000,498.00,0.730000,0.650000,4511.00
"TOI-1696 b",48.80000000,3.09000000,2.50031100000,489.00,0.255000,0.277500,3185.00
"Kepler-396 b",75.50000000,3.50000000,42.99400000000,,0.850000,1.060000,
"Kepler-602 b",,2.09000000,15.28469497000,,1.080000,1.130000,6062.00
"Kepler-113 c",8.70000000,2.18000000,8.92507000000,,0.750000,0.690000,4725.00
"Kepler-147 c",,2.43000000,33.41642300000,,,1.468000,6012.00
"Kepler-867 b",,4.64000000,150.24212700000,,0.920000,0.910000,5541.00
"EPIC 206024342 b",,1.70000000,4.50756000000,,0.928000,,
"TOI-1224 b",,2.10400000,4.17827450000,541.00,0.400000,0.404000,3326.00
"Kepler-1044 b",,2.67000000,6.77408868000,,1.080000,1.110000,5985.00
"Kepler-850 b",,1.78000000,7.19303878000,,1.060000,1.090000,5932.00
"TOI-2267 d",,1.77000000,2.03446710000,422.00,,0.130000,
"TOI-1775 b",96.00000000,8.04728896,10.24055490000,707.89,0.921800,0.828800,5284.00
"Kepler-298 d",,2.50000000,77.47363300000,,,0.582000,4465.00
"K2-233 b",2.40000000,1.31500000,2.46758300000,1127.00,0.790000,0.710000,4796.00
"EPIC 220492298 b",,0.99000000,0.76240600000,,,0.890000,5620.00
"K2-380 b",,2.72900000,9.40131200000,,0.993000,1.320000,5911.00
"K2-170 c",,1.80176470,12.40004700000,,0.963657,0.981614,5748.00
"Kepler-1262 b",,1.82000000,8.67900242000,,0.990000,0.980000,5771.00
"TOI-4153 b",365.50266805,16.11851425,4.61741410000,1669.00,1.572000,1.605000,6860.00
"TOI-7189 b",159.04000000,10.90000000,2.89055000000,738.00,0.612000,0.591000,3775.00
"TOI-7265 B b",224.95000000,10.70000000,4.17232000000,571.00,0.521000,0.497000,3503.00
"TOI-4492 b",1881.54416944,11.78063872,4.43318240000,1207.00,1.067000,1.222000,5711.00
"Kepler-37 b",0.79000000,0.30980000,13.36702000000,718.00,0.790000,0.789000,5357.00
"TOI-1694 b",28.24000000,5.27000000,3.77013890000,1037.00,0.828000,0.812000,5005.00
"TOI-2384 b",624.85064816,11.48920522,2.13570304000,889.70,0.635000,0.611300,3943.00
"TOI-5628 A b",28.60455663,8.29464572,4.34166120000,492.00,0.360000,0.350000,3310.00
"TOI-603 b",33.00000000,7.37000000,16.17984600000,899.00,1.240000,1.477000,6027.00
"TOI-5806 b",721.47048389,15.13212395,3.18563810000,1621.00,1.333000,1.387000,6730.00
"TOI-5916 b",219.00000000,11.80000000,2.36712341000,716.00,0.518000,0.487000,3541.00
"TOI-286 b",4.53000000,1.42000000,4.51172440000,979.00,0.832000,0.780000,5152.00
"TOI-2406 b",15.60000000,2.86000000,3.07668910000,449.00,0.166000,0.204000,3100.00
"TOI-7393 b",194.78000000,11.30000000,3.33708000000,747.00,0.600000,0.582000,3927.00
"TOI-7169 b",130.30964687,16.53324653,3.43731250000,1631.00,0.885000,1.500000,5714.00
"TOI-2114 b",324.18497514,14.54925695,6.20995900000,1472.00,1.309000,1.970000,6400.00
"TOI-2095 c",7.40000000,1.33000000,28.17232000000,297.00,0.440000,0.440000,3759.00
"HD 80653 b",5.61000000,1.62100000,0.71957926000,2438.00,1.150000,1.199000,5959.00
"TOI-762 A b",79.77493016,8.33948164,3.47168260000,555.40,0.442000,0.425000,3266.00
"Kepler-725 b",,10.80000000,39.64372000000,514.00,0.950000,0.880000,5395.00
"HD 60779 b",14.19000000,3.24600000,29.98617500000,650.00,1.050000,1.129000,6081.00
"K2-24 b",20.60000000,5.63800000,20.88959610000,732.00,1.091000,1.185000,5726.00
"K2-24 c",16.40000000,7.93000000,42.34732000000,591.00,1.091000,1.185000,5726.00
"TOI-4438 b",4.11000000,2.40000000,7.44629500000,446.00,0.345000,0.365000,3501.00
"LP 714-47 b",28.38000000,4.25000000,4.05203200000,722.80,0.542000,0.536000,4123.00
"TOI-4504 b",140.00000000,2.65000000,2.42615160000,1345.00,0.875000,0.930000,
"TOI-4504 c",821.00000000,11.17000000,82.81909300000,412.50,0.875000,0.930000,
"TOI-4504 d",643.00000000,11.26000000,41.28719750000,524.80,0.875000,0.930000,
"TOI-1422 c",14.00000000,2.61000000,34.56330000000,628.00,,,
"TOI-1422 b",9.50000000,3.83000000,12.99894000000,870.00,,,
"Kepler-1325 b",,2.86000000,33.87868380000,,0.930000,0.910000,5550.00
"Kepler-402 e",,1.46000000,11.24286100000,,,1.264000,6090.00
"TOI-2981 b",638.00000000,13.40000000,3.60150100000,1358.00,1.030000,1.080000,5940.00
"Kepler-1710 b",,3.19744103,14.91110039000,,0.932000,0.899000,5650.00
"TOI-1259 A b",141.00000000,11.60000000,3.47797920000,,0.746000,0.715000,
"TOI-1774.01",8.50000000,2.78000000,16.70988000000,824.00,0.991000,1.130300,5746.00
"TOI-2285 b",,1.77000000,13.63510900000,358.00,0.454000,0.464000,3491.00
"K2-249 b",,2.79000000,12.40900000000,1061.00,1.320000,1.570000,6504.00
"K2-368 b",,1.33200000,5.02559800000,,0.746000,0.663000,4663.00
"Kepler-1663 b",,3.30395896,17.60460000000,,0.610816,0.628590,3844.00
"K2-219 c",,1.43839723,6.66767000000,,1.021545,1.189232,5753.00
"Kepler-1169 b",,0.94000000,6.11009134000,,1.240000,1.230000,6191.00
"Kepler-1060 b",,2.38000000,46.87793670000,,0.990000,0.990000,5797.00
"Kepler-107 c",10.00000000,1.59700000,4.90145200000,1378.00,1.238000,1.447000,5854.00
"Kepler-99 b",6.15000000,1.48000000,4.60358000000,,0.790000,0.730000,4782.00
"Kepler-368 b",,3.26000000,26.84768000000,,,2.019000,5502.00
"Kepler-1856 b",,1.73447868,1.30200004600,,0.782000,0.816000,4948.00
"TIC 241249530 b",1582.78546686,13.29385111,165.77190000000,,1.271000,1.397000,6166.00
"WASP-67 b",136.66690000,12.89035000,4.61442000000,,0.910000,0.880000,5200.00
"NGTS-38 b",1516.04150139,12.11690814,180.52797000000,457.00,1.460000,1.880000,6310.00
"TOI-2345 c",7.27000000,2.45100000,21.06430200000,544.00,0.727000,0.729000,4687.00
"TOI-5599 b",,7.18882120,5.43691503941,,,1.913340,6137.02
"Kepler-562 b",,5.21000000,18.00931443600,,0.930000,0.900000,5575.00
"EPIC 248847494 b",4131.79000000,12.44199000,3650.00000000000,183.00,0.900000,2.700000,4898.00
"GJ 414 A b",7.60000000,2.63000000,50.80000000000,308.60,0.650000,0.680000,4120.00
"K2-204 b",,3.17214154,7.05590800000,1148.00,1.076000,1.253000,5783.00
"Kepler-179 c",,2.00000000,6.40013000000,,,0.759000,5302.00
"TYC 8998-760-1 c",1906.98000000,12.32990000,,1240.00,1.000000,,
"TOI-905 b",211.99261000,13.12573900,3.73949400000,1192.00,0.968000,0.918000,5570.00
"TOI-1806.01",,3.40953670,15.14546930000,337.47,0.392935,0.401575,3272.00
"Kepler-60 d",4.16000000,1.99000000,11.89810000000,,1.041000,1.257000,5905.00
"Kepler-156 b",,2.30000000,4.97345600000,,,0.807000,5094.00
"Kepler-1888 b",,1.32578716,11.39169979000,,0.897000,1.249000,5557.00
"Kepler-1001 c",,1.57799279,9.18186000000,,0.930000,0.836475,5376.00
"TOI-3523 A b",435.42491759,15.97279750,2.30458952000,1984.00,1.131000,1.448000,6450.00
"Kepler-950 b",,8.98000000,98.71804060000,,1.020000,1.020000,5857.00
"Kepler-1094 b",,3.18000000,78.10002310000,,1.140000,1.210000,6112.00
"K2-172 b",,1.66608079,14.31694100000,,0.934356,0.868889,5569.00
"TOI-2416 b",953.48522100,9.86390302,8.27547900000,1080.00,1.118000,1.236000,5808.00
"K2-32 b",15.00000000,5.29900000,8.99200000000,837.00,0.830000,0.860000,5271.00
"K2-149 b",,1.64000000,11.33200000000,,0.595000,0.568000,3745.00
"TOI-921 b",,3.53409617,5.12871907628,,,1.141650,6011.66
"Kepler-154 d",,3.84000000,20.54981883000,,0.980000,0.980000,5769.00
"Kepler-1453 b",,2.67000000,47.16116960000,,0.970000,0.940000,5665.00
"TOI-791 b",9.50000000,11.13051784,139.29931000000,434.30,1.280000,1.474000,6294.00
"Kepler-243 c",,1.99000000,20.02621800000,,,0.842000,5228.00
"Kepler-439 b",,2.24000000,178.13960000000,,0.884000,0.866000,5431.00
"Kepler-445 d",,1.25000000,8.15275000000,,0.180000,0.210000,3157.00
"Kepler-423 b",189.10100000,13.36100000,2.68432850000,1605.00,0.850000,0.950000,5560.00
"HD 110113 b",4.55000000,2.05000000,2.54100000000,1371.00,0.997000,0.968000,5732.00
"K2-155 c",,2.60000000,13.85000000000,583.00,0.650000,0.580000,4258.00
"Kepler-1177 b",,1.90000000,106.24754700000,,0.980000,0.970000,5712.00
"Kepler-1032 b",,1.87000000,3.29011795300,,0.770000,0.710000,4647.00
"CoRoT-1 b",327.35000000,16.70000000,1.50895570000,1898.00,0.950000,1.110000,5950.00
"Kepler-53 b",111.00000000,2.89000000,18.64895250000,,0.980000,0.890000,5858.00
"Qatar-4 b",1938.76300000,12.72221500,1.80535640000,1385.00,0.896000,0.849000,5215.00
"TOI-1695 b",6.36000000,1.90000000,3.13427910000,698.00,0.513000,0.515000,3690.00
"Kepler-688 b",,9.76000000,3.89593684400,,0.980000,0.960000,5715.00
"K2-419 A b",196.00000000,10.55000000,20.35847252000,377.00,0.562000,0.541000,3711.00
"Kepler-715 b",,3.75000000,10.00652995000,,1.040000,1.040000,5871.00
"Kepler-1629 b",,0.77000000,3.87595807000,,1.010000,1.010000,5776.00
"Kepler-357 d",,3.43000000,49.49987500000,,,0.834000,5036.00
"Kepler-510 b",,2.47000000,19.55659418000,,0.910000,1.410000,5746.00
"Kepler-1919 b",,2.62390658,37.88660049000,,0.868000,0.818000,5513.00
"K2-190 c",,1.09308317,21.57402300000,,0.904597,0.912206,5631.00
"Kepler-1388 e",,2.46000000,37.63270840000,,0.630000,0.610000,4098.00
"K2-43 c",,2.42000000,2.19888400000,1093.70,0.571000,0.542000,3840.60
"WASP-23 b",280.95000000,10.78300000,2.94442560000,,0.780000,0.765000,5150.00
"Kepler-732 b",,2.18000000,9.46781404800,,0.490000,0.460000,3631.00
"TOI-7008 b",,4.94735276,0.84069041367,,,0.952550,5116.06
"Kepler-185 c",,2.02000000,20.72904200000,,,0.806000,5208.00
"TOI-1227 b",,9.57246952,27.36397000000,,0.170000,0.560000,3072.00
"KOI-7368 b",,2.22000000,6.84303440000,,0.879000,0.874000,5241.00
"Kepler-1225 b",,1.82000000,7.01075434000,,1.130000,1.190000,6140.00
"Kepler-1039 b",,1.46000000,0.93488424200,,0.790000,0.740000,4870.00
"Kepler-971 b",,2.13000000,9.59070716000,,0.880000,0.850000,5431.00
"Kepler-1967 b",,0.73022577,7.28169012100,,0.996000,1.806000,4970.00
"Kepler-154 c",,2.95000000,62.30327600000,,,1.001000,5690.00
"TOI-2081 b",,2.04000000,10.50534000000,488.00,0.540000,0.534000,3800.00
"Kepler-1133 b",,1.97000000,11.55562343000,,0.930000,0.900000,5569.00
"Kepler-1875 b",,3.22686692,34.45859909000,,0.950000,0.862000,6161.00
"K2-49 b",,1.93000000,2.77065000000,,0.510000,0.450000,4175.00
"TOI-5630 b",,2.37117553,3.22118452536,,,0.933361,5385.64
"Kepler-171 c",,2.56000000,11.46346200000,,,0.839000,5642.00
"Kepler-1174 b",,1.59000000,6.89225223000,,1.040000,1.040000,5936.00
"Kepler-354 d",,1.24000000,24.20984200000,,,0.674000,4648.00
"TOI-4734 b",61.65871096,10.91754720,6.23563300000,1468.00,1.391000,1.857000,6070.00
"WASP-82 b",371.86110000,18.15858000,2.70579000000,,1.480000,2.100000,6480.00
"WASP-117 b",95.34900000,11.88154000,10.02165000000,,1.290000,1.220000,6040.00
"Kepler-328 b",28.50000000,2.30000000,34.92100000000,,1.150000,1.060000,
"Kepler-652 b",,2.49000000,4.18200253100,,0.970000,0.880000,5490.00
"Kepler-1302 b",,1.43000000,8.83922659000,,0.860000,0.820000,5236.00
"HD 15906 c",,2.93000000,21.58329800000,532.00,0.790000,0.762000,4757.00
"Kepler-352 d",,0.80628032,6.88727998700,,0.796000,0.772000,5208.00
"TOI-2019 b",34.40000000,5.33275337,15.34440000000,917.46,1.183200,1.745700,5626.00
"K2-411 b",,0.98980000,3.21410000000,,1.018000,1.375000,5711.00
"Kepler-176 e",,1.45000000,51.16579000000,,0.870000,0.830000,5295.00
"TIC 77552382 b",,5.69176189,3.51025904942,,,0.886956,4981.07
"TOI-1230.01",,2.38627705,25.05734661842,1046.51,,1.152810,5696.00
"Kepler-1111 b",,2.00000000,8.79617863000,,1.100000,1.150000,6077.00
"Kepler-144 c",,1.35000000,10.10466500000,,,1.235000,6075.00
"Kepler-1598 b",,0.95000000,4.34195123000,,1.070000,1.090000,5940.00
"Kepler-78 b",1.68000000,1.20100000,0.35500745000,2223.00,0.779000,0.747500,5058.00
"Kepler-1004 b",,6.28000000,5.28789787000,,1.110000,3.390000,4972.00
"Kepler-130 b",,1.02000000,8.45745800000,,,1.127000,5884.00
"Kepler-1126 b",,1.73000000,108.59332900000,,0.920000,0.930000,5798.00
"Kepler-26 b",5.12000000,2.78000000,12.28000000000,,0.544000,0.512000,3914.00
"Kepler-52 c",45.40000000,1.84000000,16.38500210000,,0.540000,0.520000,4075.00
"Kepler-1918 b",,2.29763023,47.05640030000,,0.967000,0.924000,5889.00
"Kepler-1416 b",,0.88000000,1.49514952000,,1.090000,1.150000,6019.00
"TOI-1772.01",,2.90500000,8.05424687400,,0.990000,0.995000,5583.00
"Kepler-147 b",,1.53000000,12.61058400000,,,1.468000,6012.00
"K2-42 b",,2.15000000,6.68796000000,,0.702000,0.643000,4613.00
"KELT-18 b",375.03940000,17.59813000,2.87175180000,2085.00,1.524000,1.908000,6670.00
"Kepler-1762 b",,2.76022913,29.53910065000,,1.298000,1.238000,6572.00
"Kepler-1988 b",,1.53000000,11.49500229000,1105.00,1.127000,1.788000,6033.00
"Kepler-444 d",,0.53000000,6.18939200000,,0.758000,0.752000,5046.00
"Kepler-1124 b",,1.28000000,2.85234897500,,0.350000,0.340000,3658.00
"Kepler-178 d",,3.95000000,96.67898800000,,,1.066000,5676.00
"K2-32 d",6.70000000,3.48400000,31.71701000000,550.00,0.830000,0.860000,5271.00
"K2-366 b",,2.35900000,15.93703900000,,0.825000,0.940000,5601.00
"Kepler-276 c",16.60000000,2.90000000,31.88400000000,,1.100000,1.030000,
"Kepler-487 d",,2.77513568,2.41839003600,,0.874000,0.887000,5422.00
"HATS-30 b",224.38798000,13.17057500,3.17435160000,1414.00,1.093000,1.061000,5943.00
"Kepler-656 c",,1.41000000,5.25449393000,975.00,1.050000,0.954000,5550.00
"Kepler-67 b",,2.94000000,15.72590000000,,0.865000,0.778000,5331.00
"Kepler-349 c",,1.96000000,12.24762900000,,,0.927000,5956.00
"Kepler-1873 b",,1.62573811,0.55884200300,,0.903000,0.792000,5151.00
"Kepler-1165 b",,1.55000000,9.47852200000,,1.130000,1.180000,6080.00
"Kepler-1774 b",,3.18179549,59.77080154000,,1.101000,1.122000,6214.00
"HD 202772 A b",323.54931833,18.23701160,3.30887750000,2181.00,1.721000,2.554000,6442.00
"Kepler-1326 b",,4.18000000,42.35142670000,,1.450000,1.740000,6725.00
"Kepler-1051 b",,3.40000000,25.96200249000,,1.430000,1.730000,6675.00
"Kepler-788 b",,2.55000000,8.39846269000,,1.160000,1.230000,6159.00
"HATS-28 b",213.58176000,13.38354600,3.18107810000,1253.00,0.929000,0.922000,5498.00
"Kepler-251 d",,2.77000000,30.13300100000,,,0.890000,5526.00
"Kepler-32 f",,0.82000000,0.74296000000,,0.580000,0.530000,3900.00
"Kepler-1592 b",,1.54000000,3.05710069000,,1.180000,1.280000,6213.00
"Kepler-283 c",,1.82000000,92.74371100000,,,0.566000,4351.00
"Kepler-621 b",,2.30000000,2.62811374600,,0.720000,0.680000,4521.00
"Kepler-436 c",,2.33000000,16.79713874000,,0.750000,0.710000,4685.00
"Kepler-428 b",403.63000000,12.11000000,3.52563254000,1070.00,0.870000,0.800000,5150.00
"Kepler-1346 b",,1.58000000,3.40165668000,,1.140000,1.210000,6133.00
"Kepler-445 b",,1.58000000,2.98415100000,,0.180000,0.210000,3157.00
"Kepler-678 b",,5.14000000,7.27503724000,,0.940000,0.910000,5520.00
"Kepler-169 c",,1.21000000,6.19546900000,,,0.763000,4997.00
"K2-407 b",,1.28300000,4.94190700000,,0.881000,0.927000,5563.00
"Kepler-1021 b",,2.33000000,13.47469571000,,0.890000,0.860000,5431.00
"Kepler-1649 c",,1.06000000,19.53527000000,234.00,0.197700,0.231700,3240.00
"Kepler-80 g",,1.13000000,14.64558000000,418.00,0.830000,0.678000,4540.00
"TOI-6016 b",371.85923619,13.67495645,4.02368700000,1890.00,1.310000,1.510000,6110.00
"Kepler-296 f",,1.80000000,63.33627000000,,0.498000,0.480000,3740.00
"TOI-4406 b",95.34852210,11.20898070,30.08364000000,904.00,1.190000,1.290000,6219.00
"TOI-4155 b",,3.21000000,3.32072900000,1255.00,1.160000,0.950000,5724.00
"Kepler-185 b",,1.17000000,1.63290000000,,,0.806000,5208.00
"Kepler-1996 b",,2.26000000,32.37618300000,392.00,0.748000,0.675000,4580.00
"Kepler-1357 b",,1.28000000,3.00913240000,,0.930000,0.900000,5597.00
"Kepler-1353 b",,1.80000000,24.75439660000,,0.760000,0.720000,4776.00
"TOI-1238 b",3.76000000,1.21000000,0.76459700000,1133.00,0.590000,0.580000,4089.00
"Kepler-1982 b",,0.77000000,3.82315697000,1282.00,1.213000,1.122000,6202.00
"K2-88 b",,1.23000000,4.61220000000,,0.258000,0.256000,3537.00
"Ross 176 b",4.57000000,1.84000000,5.00663380000,682.00,0.577000,0.569000,4041.00
"Kepler-663 b",,2.60000000,4.99678284000,,0.860000,0.820000,5264.00
"Kepler-258 c",,3.61000000,33.65307900000,,,0.915000,4942.00
"XO-6 b",1398.45200000,23.20263000,3.76500070000,1577.00,1.470000,1.930000,6720.00
"Kepler-1176 b",,2.45000000,24.17385790000,,1.010000,1.020000,5844.00
"K2-388 b",,3.90000000,6.33932000000,874.00,0.930000,0.910000,5310.00
"K2-72 e",,1.29000000,24.15886800000,,0.271365,0.330989,3360.47
"Kepler-1145 b",,1.40000000,3.97076766000,,0.790000,0.750000,5064.00
"TOI-1107 b",1064.72516345,14.57167491,4.07823870000,1728.00,1.350000,1.810000,6311.00
"Kepler-440 b",,1.86000000,101.11141000000,,0.575000,0.559000,4134.00
"TOI-1411 b",2.00000000,1.19880592,1.45205270000,976.40,0.604500,0.614000,4115.00
"Kepler-785 b",,13.02000000,1.97376092600,,0.770000,0.710000,4739.00
"TOI-1233.01",,2.53900000,14.17568500000,,0.869000,0.877000,5660.00
"TOI-5624 e",8.90000000,3.24700000,21.48993600000,613.80,0.858000,0.820000,5327.00
"Kepler-1077 b",,2.77000000,34.35118740000,,1.020000,1.020000,5816.00
"TOI-2049 b",486.27746271,16.64533634,5.30346800000,1869.00,1.570000,3.200000,6164.00
"K2-59 c",,2.30000000,11.29540000000,,0.774000,0.731000,5055.00
"Qatar-9 b",378.21770000,11.30988100,1.54073100000,1134.00,0.719000,0.696000,4309.00
"TIC 86380416 b",,2.41236120,6.04086434610,,,0.989724,5723.74
"K2-263 b",15.40000000,2.51300000,50.81917200000,482.00,0.880000,0.850000,5368.00
"Kepler-1081 b",,1.01000000,3.85691854700,,0.880000,0.840000,5345.00
"Kepler-640 b",,2.56000000,22.24813967000,,1.010000,0.940000,5653.00
"K2-157 b",1.14000000,0.93500000,0.36525750000,2432.00,0.890000,0.860000,5334.00
"Kepler-1129 b",,2.96000000,24.33978040000,,1.000000,1.000000,5831.00
"Kepler-212 c",,2.74000000,31.80517400000,,,1.455000,5852.00
"TOI-3862 b",53.70000000,5.53000000,1.55745774000,1539.00,0.900000,0.920000,5300.00
"Qatar-1 b",411.27202000,12.81188700,1.42002420000,1418.00,0.838000,0.803000,5013.00
"K2-257 b",,0.83000000,1.60588000000,789.00,0.520000,0.500000,3725.00
"HD 5278 b",7.80000000,2.45000000,14.33915600000,943.00,1.126000,1.194000,6203.00
"TOI-1248 b",27.40000000,6.80848590,4.36015610000,952.09,0.904200,0.868600,5205.00
"TOI-4582 b",168.44905571,10.53644186,31.03400000000,,1.340000,2.500000,5190.00
"TOI-4364 b",,2.01000000,5.42401900000,488.00,0.487000,0.468400,3528.00
"Kepler-6 b",212.31044000,14.61653600,3.23469960000,1460.00,1.209000,1.391000,5647.00
"EPIC 212297394 b",,1.48000000,2.28936300000,1149.00,0.830000,0.800000,5171.00
"HATS-33 b",378.85336000,13.78707000,2.54955510000,1429.00,1.062000,1.022000,5659.00
"TOI-5126 c",,3.86000000,17.89990000000,971.00,1.240000,1.241000,6150.00
"Kepler-334 b",,1.12000000,5.47031900000,,,1.068000,5828.00
"TOI-6008 b",4.00000000,1.03000000,0.85743470000,707.00,0.230000,0.242000,3075.00
"WASP-175 b",314.65170000,13.54047200,3.06529070000,1571.00,1.212000,1.204000,6229.00
"KELT-19 A b",1293.56810000,21.40919000,4.61170930000,1935.00,1.620000,1.830000,7500.00
"Kepler-29 c",4.50000000,2.34000000,13.28613000000,,0.761000,0.732000,5378.00
"TOI-4363 b",,1.76689273,2.11867592279,,,0.691320,4278.45
"Kepler-129 c",43.00000000,2.52000000,82.20000000000,,1.178000,1.653000,5770.00
"TOI-6564 b",222.16205649,16.39873876,3.98541300000,1445.00,1.180000,1.700000,5943.00
"TOI-4747 b",,3.95803201,5.21924158592,,,0.988751,5595.08
"Kepler-201 b",,2.46000000,25.67208300000,,,1.229000,6065.00
"TOI-799 b",,2.06631784,5.54519139676,,,0.915519,5662.81
"Kepler-523 b",,1.96000000,5.83598311100,,0.930000,0.860000,5515.00
"Kepler-319 c",,2.63000000,6.94135700000,,,0.903000,5526.00
"Kepler-119 b",,3.60000000,2.42208200000,,,0.839000,5595.00
"TOI-411 b",13.71000000,1.36200000,4.04029500000,1241.00,1.098000,1.117000,6169.00
"Kepler-495 b",,5.23000000,3.41303622100,,0.860000,0.830000,5346.00
"Kepler-1501 b",,1.56000000,14.55645330000,,1.200000,1.300000,6229.00
"Kepler-126 d",,2.50000000,100.28313400000,,,1.358000,6239.00
"Kepler-812 b",,3.55000000,10.11716531000,,1.450000,1.710000,6761.00
"Kepler-1495 b",,2.94000000,85.27325600000,,1.030000,1.040000,5831.00
"NGTS-13 b",1538.29720000,12.80067800,4.11902700000,1605.00,1.300000,1.788000,5819.00
"Kepler-273 b",,1.50000000,2.93653200000,,,0.815000,5626.00
"HAT-P-37 b",371.52800000,13.20400000,2.79743600000,1271.00,0.929000,0.877000,5500.00
"Kepler-1827 b",,1.85644292,3.70061993600,,0.915000,1.404000,5423.00
"Kepler-242 b",,2.61000000,8.20395000000,,,0.850000,5020.00
"Kepler-324 c",,3.15000000,51.80561200000,,,0.840000,5194.00
"TOI-6330 b",3179.00000000,10.89000000,6.85002460000,495.00,0.531000,0.490000,3539.00
"Kepler-1178 b",,1.07000000,31.80634000000,,0.800000,0.750000,4990.00
"K2-357 b",,3.72000000,16.34886370000,735.00,0.980000,1.000000,5794.00
"Kepler-120 c",,1.53000000,12.79458500000,,,0.534000,4096.00
"Kepler-296 e",,1.53000000,34.14211000000,,0.498000,0.480000,3740.00
"Kepler-282 e",56.20000000,3.10000000,44.34700000000,,0.970000,0.890000,
"K2-325 b",,2.20000000,6.93000000000,423.00,0.274000,0.298000,3287.00
"Gaia-1 b",533.95172376,13.77583728,3.05252400000,,0.949000,0.952000,5470.00
"Kepler-360 b",,1.65000000,3.28967200000,,,1.058000,6053.00
"Kepler-666 b",,2.40000000,4.49876092000,,1.030000,1.050000,5887.00
"Kepler-153 b",,2.92000000,18.87022700000,,,0.892000,5404.00
"TIC 434398831 c",,5.63000000,6.21029100000,1050.00,0.992000,0.909000,5638.00
"EPIC 206032309 b",,1.01000000,2.87814000000,,0.221000,,
"Kepler-1676 b",,3.37695960,29.92210000000,,,1.060660,5878.30
"Kepler-149 d",,3.96000000,160.01803200000,,,0.953000,5381.00
"EPIC 206215704 b",,1.00000000,2.25543600000,,,0.250000,3297.00
"Kepler-1312 b",,2.10000000,5.44832528600,,0.990000,0.920000,5719.00
"Kepler-605 c",,0.86000000,2.35895151500,,0.910000,0.880000,5462.00
"Kepler-296 b",,1.61000000,10.86438400000,,0.498000,0.480000,3740.00
"Kepler-1726 b",,2.50861954,18.39629936000,,0.876000,0.804000,5316.00
"Kepler-388 b",,0.81000000,3.17331500000,,,0.586000,4498.00
"Kepler-466 b",,2.85000000,51.07926307000,,1.040000,1.050000,5927.00
"K2-382 b",,2.07200000,21.70015600000,,0.922000,0.811000,5452.00
"Kepler-1024 b",,3.91000000,66.41621330000,,0.810000,0.780000,5143.00
"TOI-1634 b",4.90000000,1.75900000,0.98934551000,900.00,0.502000,0.450000,3550.00
"Kepler-1112 b",,3.02000000,14.36267939000,,1.340000,1.540000,6496.00
"Kepler-1398 c",,1.03000000,4.13827595000,,1.130000,1.180000,6126.00
"HAT-P-58 b",118.23216740,14.93036229,4.01383790000,1622.00,1.031000,1.530000,6078.00
"Kepler-822 b",,1.77000000,3.22296927300,,1.060000,1.080000,5928.00
"Kepler-285 b",,1.34000000,2.63386700000,,,0.808000,5411.00
"EPIC 201595106 b",7.67000000,1.56500000,0.87724000000,2038.00,0.958000,0.980000,5679.00
"Kepler-861 b",,2.28000000,3.94963137500,,0.820000,0.780000,5047.00
"Kepler-1130 c",,0.79239584,3.26663994800,,0.944000,0.842000,5450.00
"Kepler-18 c",17.30000000,5.49000000,7.64159000000,,0.972000,1.108000,5345.00
"Kepler-168 b",,1.46000000,4.42539100000,,,1.107000,6282.00
"Kepler-183 b",,2.06000000,5.68794500000,,,0.958000,5888.00
"TOI-519 b",147.15455244,11.54525012,1.26523280000,687.00,0.335000,0.350000,3322.00
"Kepler-1316 b",,3.54000000,87.97321360000,,1.040000,1.120000,5884.00
"Kepler-1335 b",,1.45000000,6.26406846000,,0.770000,0.740000,4903.00
"EPIC 212624936 c",,2.30000000,11.81143700000,,,0.930000,5765.00
"Kepler-1565 b",,1.19000000,1.53818843700,,0.760000,0.730000,4940.00
"Kepler-1778 b",,3.01665969,10.08740044000,,1.143000,1.095000,6310.00
"K2-384 e",,1.34500000,9.71504300000,,0.330000,0.348000,3623.00
"Kepler-298 b",,1.96000000,10.47546400000,,,0.582000,4465.00
"Kepler-740 b",,4.57000000,3.58410121600,,0.910000,0.870000,5438.00
"Kepler-239 b",,2.33000000,11.76305100000,,,0.763000,4914.00
"TOI-4495 b",7.70000000,2.48300000,2.56699000000,1735.00,1.247000,1.309000,6210.00
"Kepler-1542 b",,0.76000000,3.95116882000,,0.940000,0.990000,5564.00
"Kepler-386 b",,1.39000000,12.31043000000,,,0.767000,5178.00
"Kepler-471 b",,14.96000000,5.01423457500,,1.490000,1.800000,6733.00
"pi Men c",,2.01890000,6.26783990000,,1.070000,1.170000,5998.00
"Kepler-577 b",,2.55000000,25.69578251000,,0.780000,0.730000,4984.00
"Kepler-433 b",896.24000000,16.25000000,5.33408384000,1776.00,1.460000,2.260000,6360.00
"LHS 1815 b",1.58000000,1.08800000,3.81433400000,,0.502000,0.501000,3643.00
"TOI-913 b",,2.45280000,11.09864400000,712.01,0.820000,0.732500,4969.00
"TOI-1105 b",,3.05823658,10.86818410933,,,0.755833,4678.46
"TOI-3353.01",,2.66675550,4.66579650000,1264.36,1.332089,1.020700,6365.00
"Kepler-262 b",,1.36000000,13.06085500000,,,0.881000,5841.00
"TOI-942 c",,4.67000000,10.15627200000,,0.822000,0.894000,
"Kepler-1679 b",,2.06920360,9.75376000000,,0.960000,0.873196,5501.00
"Kepler-293 c",,3.83000000,54.15574300000,,,0.957000,5804.00
"Kepler-1055 b",,1.23000000,2.29503623300,,0.980000,0.940000,5723.00
"K2-19 d",6.20000000,1.04400000,2.50827000000,1258.00,0.892000,0.824000,5350.00
"WASP-124 b",190.69800000,13.89916000,3.37265000000,1400.00,1.070000,1.020000,6050.00
"TOI-6884 b",8365.24367224,10.39072511,4.80826400000,1652.00,1.410000,1.840000,6330.00
"TOI-5788 c",6.40000000,2.27200000,16.21336200000,667.00,0.870000,0.870000,5615.00
"Kepler-49 e",,1.56000000,18.59610800000,,,0.559000,4252.00
"Kepler-745 b",,2.16000000,9.93143556000,,1.040000,1.040000,5849.00
"Kepler-551 b",,2.73000000,12.37646610000,,0.650000,0.630000,4286.00
"Kepler-9 d",,1.64000000,1.59285100000,2026.00,1.070000,1.020000,5777.00
"Kepler-1508 b",,1.33000000,20.70565040000,,1.140000,1.220000,6158.00
"Kepler-59 c",,1.98000000,17.98012350000,,1.040000,0.940000,6074.00
"Kepler-204 c",,1.79000000,25.66059300000,,,1.238000,5812.00
"Kepler-1404 b",,2.01000000,15.93147390000,,0.840000,0.800000,5261.00
"Kepler-1396 b",,2.07000000,18.22064210000,,1.180000,1.270000,6195.00
"TOI-2368 b",206.58846455,10.83908434,5.17500730000,1000.00,0.897000,0.846000,5360.00
"Kepler-222 c",,4.64000000,10.08881000000,,,0.869000,5433.00
"Kepler-1714 b",,3.26437302,10.27530003000,,1.448000,2.086000,6150.00
"K2-243 c",,2.01000000,24.94598000000,801.00,1.290000,1.390000,6570.00
"Kepler-926 b",,2.31000000,52.06886010000,,1.010000,1.010000,5806.00
"Kepler-192 d",,1.02000000,6.47027579000,,0.940000,0.940000,5487.00
"TOI-2196 b",26.00000000,3.51000000,1.19472680000,1860.00,1.032000,1.043000,5634.00
"Kepler-1250 b",,1.92000000,2.60754383400,,0.990000,0.980000,5717.00
"TOI-883 b",,7.17166228,10.05771848538,,,1.014770,5713.15
"TOI-815 c",23.50000000,2.62000000,34.97614500000,469.00,0.776000,0.770000,4869.00
"Kepler-330 c",,1.95000000,15.95538700000,,,0.722000,5117.00
"K2-381 b",,1.07500000,7.93893340000,,0.754000,0.675000,4473.00
"Kepler-905 b",,1.41000000,5.08274651700,,0.950000,0.860000,5461.00
"Kepler-1977 b",,1.66000000,4.53702121000,798.00,0.769000,0.688000,4805.00
"Kepler-1594 b",,1.06000000,2.71603809000,,1.060000,1.080000,5946.00
"Kepler-909 b",,1.47000000,13.93290318000,,1.170000,1.230000,6154.00
"Kepler-345 c",,1.20000000,9.38742700000,,,0.623000,4504.00
"Kepler-655 b",,2.71000000,46.40633580000,,1.150000,1.240000,6170.00
"Kepler-9 b",43.40000000,8.29000000,19.23891000000,,1.022000,0.958000,5774.00
"K2-277 b",,2.18575124,6.32676800000,1049.00,0.974000,0.973000,5680.00
"Kepler-797 b",,2.17000000,27.07237711000,,0.960000,0.950000,5680.00
"Kepler-1123 b",,1.67000000,4.33946454000,,0.930000,0.900000,5500.00
"Kepler-137 c",,1.88000000,18.73575300000,,,0.802000,5187.00
"Kepler-373 b",,1.36000000,5.53530900000,,,0.845000,5787.00
"TrES-5 b",568.91570000,13.38354600,1.48224686000,1480.00,0.901000,0.868000,5171.00
"Kepler-1947 b",,1.01016660,6.96363019900,,0.984000,1.686000,6040.00
"Kepler-898 b",,1.49000000,5.87061910000,,0.650000,0.620000,4223.00
"Kepler-109 b",4.90000000,2.49000000,6.48163070000,1276.00,1.094000,1.387000,5950.00
"Kepler-1072 b",,1.58000000,1.56906650200,,1.200000,1.320000,6199.00
"TOI-2267 c",,1.14000000,3.49504120000,374.00,0.171000,0.207500,3030.00
"Kepler-1921 b",,2.89459458,20.03479958000,,1.251000,2.000000,6120.00
"Kepler-835 b",,2.79000000,11.41909375000,,1.080000,1.110000,5954.00
"Kepler-1045 b",,2.69000000,26.41045478000,,0.860000,0.820000,5301.00
"Kepler-186 d",,1.40000000,13.34299600000,,0.478000,0.472000,3788.00
"Kepler-644 b",,3.15000000,3.17391710300,,1.490000,1.810000,6747.00
"Kepler-576 b",,3.27000000,29.91136794000,,0.990000,0.970000,5672.00
"Kepler-1604 b",,1.41000000,0.68368425600,,0.810000,0.760000,4976.00
"HATS-42 b",597.52040000,15.69260000,2.29210200000,1856.00,1.273000,1.480000,6060.00
"Kepler-441 b",,1.64000000,207.24820000000,,0.572000,0.550000,4340.00
"TOI-3568 b",26.40000000,5.30000000,4.41796500000,899.00,0.780000,0.719000,4969.00
"Kepler-947 b",,2.28000000,26.96443170000,,0.900000,0.870000,5508.00
"K2-198 b",,4.18900000,17.04286830000,715.80,0.799000,0.757000,5212.90
"Kepler-1824 b",,2.38127597,95.61100006000,,1.135000,1.081000,6002.00
"Kepler-334 d",,1.41000000,25.09849000000,,,1.068000,5828.00
"Kepler-1523 b",,1.58000000,0.93875077000,,0.970000,0.960000,5708.00
"Kepler-1153 b",,1.73000000,1.75583532700,,0.910000,0.880000,5470.00
"Kepler-1011 b",,2.87000000,5.75322197400,,0.910000,0.880000,5416.00
"Kepler-566 b",,2.15000000,18.42794624000,,0.830000,0.790000,5132.00
"Kepler-804 b",,1.94000000,14.37457351000,,1.010000,1.050000,5817.00
"Kepler-304 d",,2.75000000,9.65347100000,,,0.687000,4731.00
"Kepler-561 c",,2.68000000,5.35016198300,,0.960000,0.940000,5646.00
"HAT-P-45 b",283.49200000,15.98400000,3.12899200000,1652.00,1.259000,1.319000,6330.00
"Kepler-158 d",,0.43000000,0.64508800000,,0.656000,0.668000,4895.97
"TIC 9344899 b",6170.00000000,9.16000000,8.58215660000,923.00,0.980000,1.060000,5800.00
"TOI-4961 b",572.09113260,12.34108775,7.47918200000,919.00,0.912000,0.912000,5380.00
"Kepler-253 c",,2.65000000,10.28195100000,,,0.786000,5208.00
"WASP-185 b",311.47340000,14.01125000,9.38755000000,1160.00,1.120000,1.500000,5900.00
"Kepler-970 b",,2.60900000,16.73652500000,,0.670000,0.710000,4290.00
"Kepler-1550 b",,3.02000000,225.58280900000,,1.070000,1.110000,5991.00
"Kepler-48 d",7.93000000,2.04000000,42.89610000000,,0.880000,0.890000,5194.00
"Kepler-1569 b",,1.68000000,5.79180156000,,1.250000,1.400000,6319.00
"CoRoT-6 b",940.74000000,13.06800000,8.88659300000,1017.00,1.050000,1.025000,6090.00
"HD 221416 b",60.50000000,9.17000000,14.27670000000,,1.212000,2.943000,5080.00
"TOI-2537 b",415.40172795,11.25381662,94.10220000000,338.00,0.771000,0.771000,4870.00
"TOI-1824 b",16.00000000,2.74382690,22.80853300000,528.67,0.880100,0.812300,5165.00
"Kepler-1916 b",,2.61757235,31.25429916000,,1.180000,1.092000,6246.00
"TOI-283 b",6.54000000,2.34000000,17.61745000000,661.00,0.800000,0.850000,5213.00
"Kepler-1581 b",,0.80000000,6.28385491000,,1.120000,1.230000,6022.00
"TIC 62895484 b",,3.49391667,2.83985434327,,,0.874291,5520.79
"Kepler-766 b",,3.39000000,6.10027804000,,1.100000,1.150000,5992.00
"K2-47 b",,1.89000000,31.63720000000,,0.750000,0.760000,5054.00
"TOI-2295 b",278.09985612,16.47720163,30.03330200000,747.00,1.168000,1.459000,5730.00
"Kepler-395 c",,1.32000000,34.98926200000,,,0.556000,4262.00
"Kepler-176 c",,2.60000000,12.75971200000,,,0.891000,5232.00
"Kepler-1017 b",,1.99000000,7.23400469000,,0.930000,0.870000,5473.00
"Kepler-1672 b",,2.97022762,150.87800000000,,1.160000,1.088410,6131.95
"Kepler-1209 b",,1.51000000,25.36911600000,,1.230000,1.380000,6210.00
"Kepler-496 b",,2.32000000,8.30864937000,,0.860000,0.820000,5293.00
"Kepler-1410 b",,1.78000000,60.86616800000,,0.630000,0.600000,4092.00
"Kepler-915 b",,1.50000000,4.59489604000,,1.210000,1.380000,6173.00
"Kepler-626 b",,2.29000000,14.48585199000,,1.010000,1.050000,5813.00
"Kepler-1151 b",,2.22000000,65.64784240000,,0.880000,0.850000,5470.00
"Kepler-215 c",,1.77000000,14.66710800000,,,1.027000,5739.00
"Kepler-271 c",,0.95000000,7.41086267000,,0.900000,0.870000,5555.00
"Kepler-1521 b",,2.50000000,47.14840805000,,0.810000,0.760000,5042.00
"Kepler-1015 b",,3.55000000,16.00494214000,,1.490000,1.810000,6769.00
"Kepler-549 b",,2.57000000,42.94956490000,,0.880000,0.840000,5360.00
"K2-165 d",,2.64809498,14.10136100000,,0.834847,0.803827,5185.00
"Kepler-714 b",,9.67000000,8.09888798600,,1.090000,1.120000,5995.00
"Kepler-1348 b",,1.94000000,27.57227420000,,1.040000,1.040000,5911.00
"TOI-277 b",,2.65000000,3.99400000000,,0.160000,0.362000,4031.00
"Kepler-1768 b",,2.23346338,15.13589954000,,1.240000,1.572000,6050.00
"Kepler-431 d",,1.11000000,11.92200000000,856.00,1.071000,1.092000,6004.00
"Kepler-1362 b",,2.60000000,136.20562600000,,0.800000,0.740000,4857.00
"Kepler-1283 b",,1.91000000,12.94609780000,,1.160000,1.250000,6175.00
"Kepler-186 f",,1.17000000,129.94410000000,,0.544000,0.523000,3755.00
"EPIC 212297394 c",,2.27000000,5.21396500000,866.00,0.830000,0.800000,5171.00
"TOI-622 b",96.30200732,9.23620010,6.40251300000,1388.00,1.313000,1.415000,6400.00
"Kepler-1842 b",,2.35388681,14.02639961000,,1.057000,1.131000,5970.00
"Kepler-1439 b",,1.46000000,8.07392849000,,0.460000,0.430000,3578.00
"Kepler-989 b",,2.21000000,7.96431535200,,0.820000,0.780000,5074.00
"Kepler-398 d",,0.88000000,6.83437001000,,0.720000,0.670000,4557.00
"TIC 365102760 b",19.20000000,6.21000000,4.21285367000,,1.170000,3.130000,4900.00
"Kepler-1739 b",,2.43056832,7.34370994600,,0.865000,0.762000,5757.00
"EPIC 201170410.02",,1.04700000,6.79870000000,,0.287000,0.282000,3648.00
"TOI-3693 b",324.18497514,12.59889431,9.08851600000,801.00,0.867000,0.791000,5321.00
"Kepler-351 c",,3.19000000,57.24809000000,,,0.854000,5643.00
"Kepler-446 c",,1.11000000,3.03617900000,,0.220000,0.240000,3359.00
"Kepler-1288 b",,1.12000000,2.76122421000,,1.200000,1.290000,6132.00
"WASP-56 b",143.02350000,10.53646000,4.61710000000,,0.710000,0.960000,5600.00
"TOI-1533 b",28.10000000,2.89000000,3.64579740000,,0.880000,0.849000,5146.00
"Kepler-25 c",15.20000000,5.21700000,12.72070000000,,1.165000,1.316000,
"TOI-2453 b",,3.24380341,4.44143463188,,,0.502498,3720.23
"Kepler-758 c",,1.69000000,4.75793986000,,1.160000,1.420000,6228.00
"Kepler-220 b",,0.81000000,4.15980700000,,,0.666000,4632.00
"Kepler-1688 b",,1.26174569,5.62012000000,,,,4632.11
"Kepler-839 b",,2.57000000,37.81445140000,,1.220000,1.310000,6058.00
"TIC 206466666 b",,2.14817673,9.10486865159,,,0.667193,4620.30
"TOI-1759 b",10.80000000,3.14000000,18.85019000000,443.00,0.606000,0.597000,4065.00
"Kepler-1801 b",,2.70926154,10.44089985000,,0.936000,0.981000,5738.00
"WASP-142 b",266.97720000,17.14977000,2.05286800000,2000.00,1.330000,1.640000,6010.00
"Kepler-1454 b",,1.88000000,47.03194790000,,0.900000,0.860000,5448.00
"Kepler-245 c",,2.18000000,17.46081200000,,,0.795000,5100.00
"Kepler-1271 b",,1.48000000,3.02559550000,,1.130000,1.230000,6143.00
"TOI-4034 b",276.51071409,17.71018951,1.80209320000,1907.00,1.190000,1.830000,5891.00
"Kepler-125 c",,0.74000000,5.77446400000,,,0.512000,3810.00
"Kepler-936 b",,1.45000000,10.56134221000,,0.920000,0.890000,5482.00
"Kepler-20 c",11.10000000,2.89400000,10.85407740000,828.00,0.929000,0.916400,5495.00
"Kepler-369 b",,1.13000000,2.73275600000,,,0.471000,3591.00
"Kepler-115 c",,2.60000000,8.99088900000,,,1.205000,5979.00
"Kepler-913 b",,2.06000000,10.29672521000,,0.630000,0.610000,4687.00
"Kepler-1018 b",,2.58000000,49.10135140000,,0.910000,0.880000,5518.00
"HD 77946 b",10.90000000,2.89646124,6.52736300000,1128.86,1.197300,1.317400,6007.00
"Kepler-761 b",,2.03000000,10.12804789000,,0.950000,0.930000,5706.00
"WASP-184 b",181.16310000,14.90797000,5.18170000000,1480.00,1.230000,1.650000,6000.00
"Kepler-11 c",2.90000000,2.87000000,13.02410000000,,0.961000,1.065000,5663.00
"Kepler-1186 b",,2.23000000,16.07677615000,,0.950000,0.930000,5635.00
"TOI-4662 b",,2.87998299,4.70343764575,,,0.693750,4520.41
"Kepler-633 b",,1.63000000,8.50340718000,,1.020000,1.150000,5899.00
"Kepler-1847 b",,2.74516914,11.12969971000,,1.041000,0.964000,6122.00
"KOI-4777.01",99.20000000,0.51000000,0.41200000000,1180.00,0.410000,0.400000,3515.00
"Kepler-1329 b",,2.17000000,9.33646594000,,0.720000,0.690000,4500.00
"Kepler-730 c",,1.56926000,2.85188338000,1607.00,1.047000,1.411000,5620.00
"Wendelstein-2 b",232.33373000,12.99347280,1.75222390000,2470.00,0.730000,0.660000,4591.00
"TOI-1249 b",11.90000000,3.27103010,13.07915100000,726.89,1.006200,0.978500,5497.00
"Kepler-623 b",,3.01000000,9.07097734000,,0.900000,0.860000,5443.00
"Kepler-531 b",,2.78000000,29.88485741000,,0.780000,0.750000,4893.00
"Kepler-1110 b",,2.66000000,9.69312032000,,0.730000,0.700000,4781.00
"K2-385 b",,1.53900000,2.38086700000,,0.927000,0.761000,4844.00
"Kepler-80 f",,1.21000000,0.98678730000,,0.730000,0.678000,4540.00
"TOI-858 B b",349.61124770,14.06727078,3.27971780000,1529.00,1.081000,1.308000,5842.00
"Kepler-897 b",,2.39000000,8.04726420000,,1.030000,1.040000,5839.00
"Kepler-581 b",,2.63000000,40.60698210000,,1.000000,1.000000,5772.00
"TIC 390586021 b",,2.86009388,2.74703755819,,,0.726565,4434.81
"Kepler-717 b",,2.42000000,4.40840023000,,0.880000,0.850000,5485.00
"EPIC 212424622 b",,2.17000000,18.09830000000,,1.106000,,
"TOI-4602.01",5.53000000,2.45000000,3.98129990000,1344.00,0.900000,1.080000,5966.00
"TIC 178172313 b",,2.80405322,4.37318161360,,,0.843450,5405.59
"Kepler-965 b",,3.38000000,134.25272980000,,1.050000,1.150000,5886.00
"Kepler-289 b",3.70000000,2.49000000,34.53830000000,,1.080000,1.000000,5990.00
"HATS-11 b",,18.03000000,3.61918800000,1596.00,1.330000,1.540000,6563.00
"Kepler-1157 b",,1.09000000,4.45743164000,,0.760000,0.710000,4679.00
"Kepler-964 b",,2.12000000,13.52251060000,,0.930000,0.840000,5427.00
"Kepler-23 c",7.81000000,3.00500000,10.74000000000,,1.078000,1.548000,5828.00
"Kepler-502 b",,4.77000000,4.28686431000,,1.150000,1.220000,6125.00
"Kepler-1425 b",,0.94000000,14.45413020000,,0.970000,0.950000,5718.00
"Kepler-226 b",,1.55000000,3.94099700000,,,0.802000,5571.00
"Kepler-1038 c",,1.41623380,7.12765979800,,0.868000,0.821000,5159.00
"Kepler-1730 b",,4.48524519,13.81019974000,,1.009000,1.142000,5942.00
"Kepler-1626 b",,2.02000000,4.13962966000,,1.510000,1.850000,6826.00
"Kepler-85 e",,1.27000000,25.21675100000,,,0.893000,5436.00
"Kepler-1849 b",,2.38685349,57.29290009000,,0.709000,0.729000,4806.00
"TOI-5398 c",11.80000000,3.52000000,4.77271000000,1242.00,1.146000,1.051000,6000.00
"TOI-663 d",5.20000000,1.92000000,7.10272680000,482.00,0.514000,0.512000,3681.00
"Kepler-319 d",,2.29000000,31.78192500000,,,0.903000,5526.00
"TOI-216.02",18.75187601,8.00000000,17.16073000000,,0.770000,0.748000,
"Kepler-1638 b",,1.87000000,259.33683000000,,0.970000,0.950000,5710.00
"Kepler-1183 b",,2.82000000,28.50571890000,,1.000000,0.990000,5765.00
"Kepler-911 b",,2.60000000,20.31050100000,,1.340000,1.990000,6112.00
"Kepler-830 b",,1.70000000,11.29695137000,,1.070000,1.110000,6037.00
"Kepler-775 b",,1.19000000,0.97486892600,,0.920000,0.840000,5468.00
"Kepler-156 c",,2.55000000,15.90680100000,,,0.807000,5094.00
"Kepler-26 d",,1.07000000,3.54391900000,,,0.571000,4486.00
"Kepler-62 b",9.00000000,1.31000000,5.71493200000,750.00,0.690000,0.640000,4925.00
"Kepler-937 b",,3.72000000,67.66882700000,,1.150000,1.220000,6095.00
"Kepler-843 b",,2.59000000,2.05387982100,,1.020000,1.030000,5830.00
"Kepler-1860 b",,1.13863767,12.73719978000,,0.874000,0.868000,5420.00
"Kepler-276 b",,2.87000000,14.12841000000,,,1.046000,6105.00
"Kepler-952 b",,7.65000000,130.35469190000,,1.000000,0.990000,5730.00
"Kepler-350 c",6.10000000,3.10000000,17.84900000000,,1.000000,1.250000,
"Qatar-7 b",597.52040000,19.05530000,2.03204600000,2053.00,1.409000,1.564000,6387.00
"Kepler-1793 b",,3.79037518,8.77999973300,,0.850000,0.764000,5191.00
"Kepler-208 b",,1.63000000,4.22864000000,,,1.314000,6092.00
"Kepler-352 b",,0.86000000,10.05537000000,,,0.781000,5212.00
"TOI-4930 b",,6.93277225,6.78130241498,,,1.159260,5624.72
"Kepler-1331 b",,1.05000000,0.78916165300,,0.720000,0.690000,4508.00
"WASP-2 b",295.89973000,12.11692900,2.15217500000,1311.00,0.895000,0.866000,5180.00
"Kepler-1483 b",,1.52000000,9.50851560000,,1.250000,1.400000,6337.00
"K2-90 b",,2.60000000,13.73331400000,502.00,0.629000,0.619000,4484.00
"Kepler-190 b",,1.56000000,2.01999900000,,,0.795000,5106.00
"Kepler-317 b",,2.09000000,5.52424200000,,,0.941000,5497.00
"Kepler-931 b",,1.33000000,8.03755877000,,0.860000,0.810000,5241.00
"Kepler-240 c",,2.20000000,7.95352800000,,,0.739000,4985.00
"Kepler-1560 b",,0.89000000,3.03195744000,,1.020000,1.020000,5815.00
"Kepler-2000 c",,1.57000000,20.61803480000,359.00,0.581000,0.576000,3757.00
"TOI-2096 c",,1.91400000,6.38784000000,349.00,0.231000,0.235000,3300.00
"TOI-4463 A b",252.35575516,13.26022417,2.88071980000,1395.00,1.056000,1.062000,5640.00
"Kepler-1642 b",,3.20000000,12.20575130000,,0.880000,0.840000,5355.00
"Kepler-504 b",,1.59000000,9.54927542200,,0.330000,0.330000,3519.00
"Kepler-171 d",,1.89000000,39.59551900000,,,0.839000,5642.00
"TOI-663 c",3.65000000,2.26000000,4.69555070000,553.00,0.514000,0.512000,3681.00
"Kepler-1156 b",,1.32000000,11.89520511000,,1.000000,1.000000,5778.00
"Kepler-53 c",36.00000000,3.17000000,38.55830380000,,0.980000,0.890000,5858.00
"Kepler-268 b",,2.55000000,25.93413800000,,,1.274000,6081.00
"TIC 153919886 b",,2.70601108,2.10510492329,,,0.591697,4137.16
"Kepler-273 c",,1.98000000,8.01492700000,,,0.815000,5626.00
"Kepler-1964 b",,1.78105870,2.44082999200,,0.752000,0.698000,4803.00
"Kepler-183 c",,2.27000000,11.63707100000,,,0.958000,5888.00
"K2-288 B b",,1.90000000,31.39346300000,226.36,0.330000,0.320000,3341.00
"HATS-2 b",435.42491759,12.57647635,1.35413379000,1550.00,0.904000,0.876000,
"Kepler-1585 b",,1.79000000,3.58274630000,,0.940000,0.910000,5538.00
"Kepler-5 b",670.93913000,15.98403400,3.54846570000,1750.00,1.374000,1.793000,6297.00
"TOI-2583 A b",79.45710175,14.45958510,4.52072650000,1456.00,1.215000,1.477000,5936.00
"Kepler-1781 b",,2.38091029,4.88752985000,,1.053000,0.957000,5568.00
"TOI-7009 b",,3.71000000,2.32066120000,872.00,0.583000,0.564000,4080.00
"K2-220 b",,2.37000000,13.68186000000,761.00,0.910000,1.026000,5612.00
"Kepler-1065 c",,1.60000000,2.37030743000,,0.940000,0.930000,5635.00
"HATS-67 b",460.85350000,18.88716500,1.60917880000,2193.00,1.435000,1.441000,6594.00
"Kepler-302 b",,4.06000000,30.18410400000,,,1.220000,5740.00
"BD+20 594 b",22.24810000,2.57807000,41.68550000000,,1.670000,1.080000,5766.00
"Kepler-1538 b",,2.82000000,175.13881900000,,1.030000,1.030000,5837.00
"Kepler-584 b",,4.21000000,35.18103040000,,1.170000,1.240000,6195.00
"Kepler-525 b",,2.63000000,18.68404933000,,0.950000,1.150000,5573.00
"Kepler-269 b",,2.47000000,5.32671800000,,,0.959000,5847.00
"K2-133 b",,1.34000000,3.07133000000,,0.461000,0.455000,3655.00
"TOI-7384 b",,3.56000000,6.23402580000,378.00,0.318000,0.319000,3185.00
"Kepler-290 d",,0.86000000,0.76401755300,1589.00,0.840000,0.755000,5142.00
"Kepler-1135 b",,1.85000000,76.95785700000,,0.960000,0.940000,5656.00
"K2-119 b",,2.53000000,7.72728300000,666.00,0.760000,0.710000,4740.00
"Kepler-365 b",,2.04000000,10.66490300000,,,1.048000,6012.00
"K2-233 d",10.30000000,2.36300000,24.36810000000,525.00,0.790000,0.710000,4796.00
"Kepler-43 b",1026.59090000,13.66377100,3.02409490000,1620.00,1.320000,1.420000,6041.00
"HD 136352 d",8.82000000,2.56200000,107.24500000000,431.00,0.870000,1.058000,5664.00
"HD 191939 c",8.00000000,3.19500000,28.57974300000,600.00,0.810000,0.940000,5348.00
"Kepler-605 b",,1.44000000,3.38353806600,,0.910000,0.880000,5462.00
"Kepler-254 d",,2.50000000,18.74647700000,,,0.910000,5957.00
"K2-218 b",,2.56948149,8.67988500000,,1.047488,1.008231,5757.00
"HD 2685 b",371.86110000,16.14096000,4.12688000000,2061.00,1.430000,1.560000,6801.00
"Kepler-45 b",160.49700000,10.76000000,2.45523900000,1000.00,0.590000,0.550000,3820.00
"K2-87 b",,7.60000000,9.72661800000,979.00,1.164000,1.401000,5747.00
"CoRoT-30 b",921.70700000,11.30988100,9.06005000000,,0.980000,0.910000,5650.00
"HATS-63 b",305.11680000,13.52926300,3.05665270000,1398.30,0.931000,1.070000,5627.00
"Kepler-1835 b",,3.53387773,11.96409988000,,0.922000,0.961000,5903.00
"Kepler-1802 b",,1.67100000,15.45020008000,,0.649000,0.637000,4245.00
"TOI-1244 b",,2.46700000,6.40031648300,,0.730000,0.721000,4599.00
"Kepler-102 e",4.70000000,2.17000000,16.14569940000,590.00,0.803000,0.724000,4909.00
"Kepler-1427 b",,1.10000000,0.96897237600,,1.010000,1.010000,5793.00
"Kepler-749 b",,3.10000000,17.31716585000,,0.790000,0.750000,5009.00
"Kepler-443 b",,2.33000000,177.66930000000,,0.738000,0.706000,4723.00
"Kepler-458 c",,4.20000000,20.74028413000,,1.150000,2.215620,6117.21
"K2-131 b",7.90000000,1.69000000,0.36930380000,2223.00,0.803000,0.759500,5120.00
"Kepler-92 b",64.30000000,3.51000000,13.74900000000,,1.210000,1.700000,
"Kepler-542 b",,1.57000000,13.14497566000,,0.930000,0.900000,5526.00
"Kepler-716 c",,1.39281536,3.96999000000,,0.830000,0.742183,5012.00
"Kepler-1634 b",,3.19000000,374.87623900000,,0.920000,0.890000,5474.00
"Kepler-929 b",,1.11000000,0.92103213500,,1.010000,1.020000,5869.00
"Kepler-287 b",,2.33000000,20.34219900000,,,1.032000,5806.00
"K2-32 c",8.10000000,3.13400000,20.66093000000,634.00,0.830000,0.860000,5271.00
"Kepler-718 b",,16.56000000,2.05234990500,,1.180000,1.300000,6191.00
"TOI-942 b",,3.89000000,4.32421000000,,0.822000,0.894000,
"TOI-2104 b",,1.52898127,5.90437045700,,,0.723757,4856.13
"Kepler-1838 b",,1.66049425,12.14680004000,,1.187000,1.963000,5877.00
"Kepler-1503 b",,2.27000000,96.16987000000,,0.770000,0.740000,5069.00
"K2-183 b",,1.10000000,0.46928500000,,,0.870000,5482.00
"Kepler-150 e",,3.12000000,30.82655700000,,,0.939000,5560.00
"Kepler-710 b",,1.88000000,4.34728552700,,0.940000,0.910000,5611.00
"Kepler-327 c",,1.03000000,5.21233300000,,,0.492000,3799.00
"ZTF J1230-2655 b",7024.00779470,13.78704626,0.23597766000,,0.646000,0.012300,10000.00
"Kepler-329 c",,1.93000000,18.68473700000,,,0.523000,4257.00
"Kepler-1994 b",,0.51000000,4.61225043000,1032.00,0.932000,0.961000,5495.00
"Kepler-1615 b",,2.06000000,47.31261920000,,1.040000,1.050000,5865.00
"Kepler-646 b",,1.99000000,15.87364565000,,0.930000,0.910000,5634.00
"Kepler-435 b",266.97000000,22.31000000,8.60015360000,1729.00,1.538000,3.210000,6161.00
"K2-272 b",,3.13000000,14.45367560000,747.00,0.860000,0.830000,5397.00
"Kepler-314 b",,0.83000000,2.46106900000,,,0.950000,5378.00
"K2-138 f",1.63000000,2.90400000,12.75758000000,,0.935000,0.863000,5356.30
"Kepler-139 d",4.65807623,1.69500000,7.30569992200,,1.078000,,
"HIP 116454 b",9.70000000,2.46900000,9.10041570000,753.20,0.800000,0.758000,5048.00
"TOI-1750 b",,2.78943837,11.33727129656,,,0.768675,4683.75
"TOI-3837 b",187.51876013,10.87271128,11.88865000000,1178.00,0.890000,1.200000,5905.00
"Kepler-966 b",,4.13000000,99.74762200000,,1.020000,1.020000,5840.00
"TOI-172 b",1722.63860000,10.81668500,9.47725000000,1198.00,1.128000,1.777000,5645.00
"TOI-1533 c",36.60000000,7.50000000,8.06379260000,,0.880000,0.849000,5146.00
"Kepler-292 c",,1.47000000,3.71533500000,,,0.826000,5299.00
"Kepler-207 b",,1.57000000,1.61186500000,,,1.588000,5920.00
"WASP-79 b",270.15414595,17.14974047,3.66239200000,1716.20,1.390000,1.510000,6600.00
"HD 21749 c",3.70000000,0.89200000,7.78993000000,701.00,0.730000,0.695000,4640.00
"Kepler-193 b",,2.39000000,11.38848000000,,,1.147000,6335.00
"TIC 237913194 b",617.22586000,12.52045300,15.16886500000,974.00,1.026000,1.088000,5788.00
"HATS-27 b",168.44990000,16.81350000,4.63703800000,1659.00,1.415000,1.740000,6438.00
"K2-72 c",,1.16000000,15.18903400000,,0.271365,0.330989,3360.47
"Kepler-1093 b",,1.95000000,25.08246260000,,1.130000,1.200000,6166.00
"Kepler-1576 b",,1.04000000,6.98471973000,,1.050000,1.060000,5876.00
"KOI-351 e",,2.66000000,91.93913000000,,1.200000,1.200000,6080.00
"2MASS J12073346-3932539 b",1652.70771640,15.69257298,,1163.00,,,
"Kepler-1724 b",,2.83677238,6.45442009000,,1.016000,0.943000,6092.00
"Kepler-11 g",25.00000000,3.33000000,118.38070000000,,0.961000,1.065000,5663.00
"Kepler-1537 b",,1.18000000,1.44445379800,,0.810000,0.770000,5079.00
"Kepler-1736 b",,3.87658560,37.81029892000,,0.976000,0.973000,6085.00
"Kepler-372 b",,1.36000000,6.84969200000,,,1.137000,6509.00
"Kepler-1428 b",,1.64000000,10.67607169000,,1.280000,1.360000,6184.00
"Kepler-1669 b",,2.78043818,9.51216000000,,0.670000,0.714145,4303.00
"K2-164 b",,3.24925008,17.35506600000,,1.180894,2.196069,5791.00
"Kepler-259 b",,2.80000000,8.11531700000,,,0.898000,5938.00
"Kepler-244 b",,2.76000000,4.31179200000,,,0.803000,5554.00
"Kepler-630 b",,3.18000000,161.47439370000,,1.020000,1.040000,5829.00
"Kepler-1448 b",,1.61000000,12.27065865000,,0.950000,0.930000,5774.00
"NGTS-35 b",152.00000000,10.90000000,25.24119200000,451.00,0.789000,0.753000,4717.00
"TOI-5489 c",,1.28000000,4.92126000000,536.00,0.410000,0.420000,3547.00
"Kepler-1641 b",,3.11000000,19.67226600000,,1.120000,1.190000,6152.00
"Kepler-756 b",,1.12000000,1.22486632200,,0.820000,0.790000,5282.00
"Kepler-341 e",,1.99000000,42.47326900000,,,1.024000,6012.00
"Kepler-47 c",3.17000000,4.65000000,303.22700000000,,0.957000,0.936000,
"Kepler-42 d",,0.57000000,1.86516900000,450.00,0.130000,0.170000,3068.00
"Kepler-1882 b",,1.48674404,13.78730011000,,1.068000,1.458000,5691.00
"TOI-5076 b",16.14568308,3.48935569,23.44316200000,550.00,0.789000,0.844000,4780.00
"WASP-71 b",441.78370000,13.22662000,2.90367000000,,0.760000,1.820000,6050.00
"Kepler-225 b",,1.20000000,6.73897500000,,,0.480000,3682.00
"Kepler-1375 b",,1.74000000,3.30041920000,,1.470000,1.780000,6704.00
"TOI-1450 A b",1.25800000,1.13000000,2.04392740000,722.00,0.480000,0.483000,3437.00
"Kepler-676 b",,3.04000000,11.59822172000,,0.510000,0.490000,3701.00
"TIC 279401253 b",1951.46641898,11.20898070,76.80000000000,,1.130000,1.060000,5951.00
"Kepler-288 b",,1.67000000,6.09732600000,,,1.091000,5918.00
"Kepler-267 b",,1.98000000,3.35372800000,,,0.555000,4258.00
"Kepler-1132 b",,2.35000000,62.89162280000,,0.870000,0.830000,5298.00
"K2-209 b",,0.86850263,2.08061500000,,0.744790,0.712365,4720.00
"Kepler-474 b",,3.06000000,5.66067293500,,0.990000,1.080000,5785.00
"K2-291 b",6.49000000,1.58900000,2.22517700000,,0.934000,0.899000,5520.00
"TOI-2346 b",394.10722468,16.11851425,3.33120290000,1689.00,1.271000,1.380000,6480.00
"Kepler-712 b",,3.41000000,21.02247699000,,0.840000,0.780000,5148.00
"TOI-6716 b",,0.98200000,4.71858980000,369.00,0.223000,0.231000,3110.00
"WASP-99 b",772.32690000,11.43318000,5.75251000000,,1.210000,1.640000,6150.00
"TOI-663 b",4.45000000,2.27000000,2.59890200000,674.00,0.514000,0.512000,3681.00
"Kepler-442 b",,1.34000000,112.30530000000,,0.609000,0.598000,4402.00
"Kepler-1005 b",,1.50000000,6.49801525000,,1.000000,1.060000,5782.00
"Kepler-370 c",,1.91000000,19.02293000000,,,0.900000,5852.00
"TOI-2580 b",200.23189641,17.37392009,3.39775000000,2410.00,1.330000,1.810000,6120.00
"Kepler-305 c",6.00000000,3.30000000,8.29100000000,,0.760000,0.800000,
"Kepler-1433 b",,1.56000000,4.13592271000,,1.140000,1.190000,6097.00
"Kepler-262 c",,1.64000000,21.85372200000,,,0.881000,5841.00
"Kepler-1099 b",,2.83000000,2.16845259300,,1.010000,1.000000,5837.00
"TOI-5218 b",657.00000000,9.86000000,4.29145200000,783.00,0.739000,0.708000,4230.00
"TOI-1752 c",,2.29000000,32.71443000000,291.00,0.524000,0.530000,3762.00
"K2-91 b",,1.10000000,1.41954900000,,0.292000,0.284000,3622.00
"Kepler-14 b",2669.66000000,12.73300000,6.79012300000,,1.512000,2.048000,6395.00
"Kepler-1104 b",,1.23000000,5.03728015000,,1.300000,1.410000,6417.00
"Kepler-957 b",,5.50000000,5.90741353700,,0.810000,0.750000,4963.00
"Kepler-267 c",,2.13000000,6.87745000000,,,0.555000,4258.00
"Kepler-1235 b",,0.79000000,4.16055856000,,0.930000,0.900000,5541.00
"Kepler-654 b",,2.07000000,13.72465129000,,1.040000,1.110000,5865.00
"K2-403 b",,5.33300000,33.58997900000,,0.784000,0.886000,5511.00
"Kepler-1435 b",,0.86000000,4.45343281000,,1.210000,1.320000,6356.00
"Kepler-120 b",,2.15000000,6.31250100000,,,0.534000,4096.00
"Kepler-1509 b",,1.85000000,25.43381970000,,1.000000,0.990000,5780.00
"Kepler-750 c",,1.62000000,4.08899022000,,1.150000,1.230000,6160.00
"TOI-5300 b",190.69704420,9.86390302,2.26219600000,1043.00,0.670000,0.650000,4610.00
"Kepler-1090 b",,2.25000000,198.68017900000,,0.860000,0.820000,5321.00
"CoRoT-9 b",266.97720000,11.94879400,95.27265600000,420.00,0.960000,0.960000,5625.00
"Kepler-303 c",,1.14000000,7.06114900000,,,0.485000,3944.00
"Kepler-1981 b",,9.23000000,453.54212000000,390.00,1.519000,3.006000,5874.00
"Kepler-81 b",,2.42000000,5.95500000000,,0.640000,0.590000,
"HAT-P-4 b",213.25500000,14.28000000,3.05653600000,1686.00,1.248000,1.596000,5860.00
"MASCARA-4 b",532.36258173,16.98160576,2.82409320000,2250.00,1.750000,1.790000,7800.00
"Kepler-583 b",,2.28000000,6.51002530000,,0.940000,0.910000,5523.00
"Kepler-227 b",,3.11000000,9.48801500000,,,1.091000,5854.00
"Kepler-468 b",,13.34000000,38.47875706700,,0.960000,0.870000,5498.00
"EPIC 206024342 d",,2.60000000,14.64753100000,,,1.100000,5724.00
"Kepler-1897 b",,2.81407954,24.22030067000,,0.859000,0.761000,5165.00
"Kepler-1122 b",,2.04000000,42.19173570000,,0.920000,0.890000,5544.00
"Kepler-194 d",,2.40000000,52.81497300000,,,1.025000,6089.00
"Kepler-136 b",,2.05000000,11.57890000000,,,1.355000,6165.00
"K2-187 e",,1.90000000,13.60662900000,,,0.830000,5438.00
"TOI-5110 b",921.70238030,11.98240037,30.15857700000,976.00,1.469000,2.333000,6160.00
"Kepler-145 b",37.10000000,2.65000000,22.95100000000,,1.320000,1.850000,
"Kepler-1116 b",,2.54000000,41.69778270000,,0.950000,0.930000,5641.00
"Kepler-842 b",,1.60000000,1.21956827000,,0.780000,0.730000,4848.00
"Kepler-1489 b",,1.77000000,82.29475100000,,0.930000,0.900000,5655.00
"Kepler-559 b",,3.61000000,17.58752333000,,0.960000,0.950000,5630.00
"Kepler-1833 b",,1.30027362,6.89212989800,,1.286000,1.446000,6164.00
"Kepler-23 d",4.44000000,2.20600000,15.27000000000,,1.078000,1.548000,5828.00
"Kepler-1834 b",,1.45938340,4.60301017800,,0.765000,0.788000,4821.00
"Kepler-1814 b",,2.36961357,2.93535995500,,0.790000,0.823000,4922.00
"K2-125 b",,2.18000000,21.75026400000,,0.494727,0.402049,3654.47
"Kepler-1709 b",,3.12424875,65.70459747000,,1.003000,1.043000,5918.00
"HD 93963 A c",18.40000000,3.11976057,3.64513890000,1212.45,1.084400,1.031100,5908.00
"Kepler-1996 c",,2.81000000,92.72972480000,276.00,0.748000,0.675000,4580.00
"KOI-1257 b",460.83000000,10.54000000,86.64766100000,511.00,0.990000,1.130000,5520.00
"Kepler-974 b",,1.57000000,4.19449651400,,0.520000,0.500000,3687.00
"TOI-1744.01",,2.68000000,22.34170292700,,1.180000,1.140000,6179.00
"TOI-1451 b",15.20000000,2.61143902,16.53794400000,723.33,1.002200,1.016200,5801.00
"TOI-1691 b",,3.66000000,16.73688893500,,1.030000,1.000000,5759.00
"Kepler-1263 b",,1.14000000,4.55139967000,,0.840000,0.800000,5213.00
"TIC 4672985 b",4049.13390518,11.50041420,69.04800000000,517.20,1.010000,1.150000,5757.00
"Kepler-533 b",,3.38000000,28.51120525000,,0.780000,0.720000,4758.00
"Kepler-1366 b",,1.43000000,2.16457096800,,0.620000,0.600000,4070.00
"Kepler-1915 b",,3.21798413,13.83539963000,,1.030000,1.057000,6020.00
"TOI-1246 b",8.10000000,3.01000000,4.30744000000,955.00,0.870000,0.860000,5151.00
"HIP 8152 b",8.90000000,2.53625843,10.75101400000,794.96,0.937300,0.960300,5618.00
"Kepler-1589 b",,1.09000000,0.99166527400,,1.180000,1.250000,6166.00
"Kepler-218 b",,1.48000000,3.61933700000,,,1.063000,5502.00
"Kepler-283 b",,2.13000000,11.00815100000,,,0.566000,4351.00
"Kepler-325 b",,2.91000000,4.54443900000,,,1.003000,5752.00
"Kepler-181 b",,1.27000000,3.13787300000,,,0.749000,5333.00
"CoRoT-18 b",1102.82000000,14.68000000,1.90006930000,1550.00,0.950000,1.000000,5440.00
"Kepler-1673 b",,2.93551940,33.78880000000,,1.110000,1.131660,6014.95
"Kepler-1287 b",,1.54000000,11.47685909000,,0.960000,0.940000,5715.00
"TOI-2969 b",368.68095212,12.32987877,1.82371460000,1186.00,0.710000,0.700000,4738.00
"Kepler-1253 b",,1.33000000,68.88619150000,,0.970000,1.100000,5850.00
"TOI-5624 c",4.80000000,2.47400000,7.88538500000,857.00,0.858000,0.820000,5327.00
"TOI-1266 b",4.46000000,2.52000000,10.89450000000,415.00,0.437000,0.423200,3563.00
"TOI-1782.01",,2.36800000,4.98764102800,,0.680000,0.669000,4336.00
"Kepler-92 c",6.10000000,2.60000000,26.72300000000,,1.210000,1.700000,
"Kepler-1420 b",,1.28000000,6.69960006000,,0.820000,0.790000,5187.00
"Kepler-1500 b",,1.20000000,15.03301050000,,1.000000,1.000000,5845.00
"Kepler-748 b",,2.52000000,7.40742793000,,1.070000,1.100000,5934.00
"Kepler-1057 b",,3.36000000,14.08827448000,,1.070000,1.100000,5987.00
"CoRoT-13 b",415.70400000,9.92000000,4.03519000000,1700.00,1.090000,1.010000,5945.00
"Kepler-1323 b",,1.52000000,0.92990667800,,1.180000,1.400000,6169.00
"Kepler-573 b",,2.79000000,22.18329658000,,0.990000,1.020000,5746.00
"TOI-1278 b",5879.82552950,12.21778896,14.47567000000,,0.540000,0.573000,3799.00
"Kepler-1479 b",,1.83000000,14.53261362000,,0.990000,0.980000,5796.00
"Kepler-400 b",,1.65000000,9.02438900000,,,1.145000,5886.00
"Kepler-169 f",,2.58000000,87.09019500000,,,0.763000,4997.00
"Kepler-1146 b",,1.23000000,2.35226579700,,0.740000,0.700000,4692.00
"TOI-532 b",61.50000000,5.82000000,2.32665080000,867.00,0.639000,0.612000,3927.00
"Kepler-598 c",,3.02420941,86.49450000000,,0.900000,0.900316,5245.00
"Kepler-146 c",,3.13000000,76.73217100000,,,1.208000,5948.00
"WASP-170 b",508.52800000,12.28506400,2.34478022000,1422.00,0.930000,0.938000,5600.00
"Kepler-647 b",,1.17000000,16.22546490000,,1.030000,1.070000,6020.00
"Kepler-252 c",,2.15000000,10.84846300000,,,0.549000,4208.00
"Kepler-1704 b",1322.16617312,11.94877343,988.88112000000,253.80,1.132000,1.697000,5746.00
"Kepler-875 b",,2.90000000,27.50737990000,,1.060000,1.110000,5958.00
"Kepler-226 c",,2.27000000,5.34955500000,,,0.802000,5571.00
"Kepler-865 b",,2.49000000,14.16399294000,,0.930000,0.920000,5570.00
"Kepler-1987 e",,1.92000000,8.74292005000,643.00,0.799000,0.714000,4769.00
"Kepler-277 b",87.30000000,2.92000000,17.32400000000,,1.120000,1.690000,
"Kepler-557 b",,2.67000000,3.70598955100,,1.110000,1.160000,6068.00
"Kepler-895 b",,1.54000000,2.80624232800,,0.650000,0.610000,4315.00
"Kepler-1278 b",,1.01000000,3.23941344000,,1.110000,1.160000,6074.00
"Kepler-708 b",,2.93000000,3.16789193800,,0.970000,0.960000,5692.00
"Kepler-152 b",,2.79000000,18.20797300000,,,0.724000,5088.00
"Kepler-222 b",,3.16000000,3.93698100000,,,0.869000,5433.00
"XO-5 b",378.20000000,12.78000000,4.18775580000,1230.00,1.040000,1.130000,5430.00
"Kepler-690 b",,5.95000000,7.74809437400,,1.110000,1.160000,5913.00
"Kepler-1637 b",,0.89000000,6.10960324000,,1.020000,1.020000,5789.00
"K2-223 b",,0.89000000,0.50557000000,,,1.000000,5859.00
"Kepler-1906 b",,2.77615754,7.36268997200,,0.987000,0.894000,5868.00
"Kepler-1022 b",,2.36000000,10.99469878000,,0.710000,0.680000,4445.00
"Kepler-1049 b",,0.95000000,3.27346073600,,0.510000,0.490000,3864.00
"TOI-1295 b",451.31633794,15.69257298,3.19688380000,2360.00,1.380000,1.700000,6280.00
"Kepler-1487 b",,2.13000000,7.31946363000,,1.380000,1.630000,6541.00
"Kepler-198 c",,2.47000000,49.56741600000,,,0.940000,5574.00
"POTS-1 b",734.16000000,10.54800000,3.16062960000,,0.695000,0.588000,4400.00
"Kepler-876 b",,1.43000000,5.14438011000,,0.810000,0.770000,5060.00
"Kepler-1412 b",,0.83000000,3.61460510000,,1.060000,1.270000,5880.00
"Kepler-1571 b",,1.52000000,3.38555488000,,1.230000,1.390000,6297.00
"TOI-5777 b",,3.09551273,6.91716177373,,,0.671912,4408.03
"Kepler-172 e",,2.76000000,35.11873600000,,,1.085000,5526.00
"HD 25463 b",8.70000000,2.54535814,7.04914230000,1198.46,1.251000,1.418200,6353.00
"Kepler-1802 c",,2.32200000,33.13610077000,,0.649000,0.637000,4245.00
"WASP-66 b",746.90050000,15.69260000,4.08605000000,,1.330000,1.760000,6600.00
"TOI-3629 b",82.63538582,8.29464572,3.93655100000,690.00,0.630000,0.600000,3870.00
"K2-319 b",,2.79000000,26.68000000000,641.00,0.954000,0.898000,5440.00
"Kepler-1098 b",,1.30000000,2.54307285500,,0.990000,0.990000,5794.00
"Kepler-800 b",,2.85000000,14.13176026000,,0.850000,0.820000,5315.00
"Kepler-58 b",35.50000000,2.78000000,10.21849540000,,0.950000,1.030000,5843.00
"Kepler-1020 b",,2.28000000,96.91514960000,,0.870000,0.800000,5227.00
"Kepler-1175 b",,2.99000000,37.94563000000,,0.900000,0.860000,5453.00
"Kepler-389 c",,1.46000000,14.51143000000,,,0.792000,5376.00
"Kepler-1853 b",,1.51862272,48.88819885000,,0.765000,0.788000,4821.00
"Kepler-373 c",,1.24000000,16.72594800000,,,0.845000,5787.00
"TOI-558 b",1147.36054927,12.17295304,14.57407100000,1061.00,1.349000,1.496000,6466.00
"Kepler-424 b",327.35000000,9.98000000,3.31186440000,,1.010000,0.940000,5460.00
"Kepler-1633 b",,1.58000000,186.40427100000,,1.200000,1.320000,6256.00
"Kepler-1593 b",,3.17000000,174.50983500000,,0.810000,0.770000,4995.00
"K2-210 b",,0.86000000,0.57023000000,,,0.890000,5500.00
"TOI-4308 b",,2.41890000,9.15120100000,763.05,0.900000,0.793400,5243.00
"Kepler-100 c",7.05000000,2.20000000,12.81590000000,,1.080000,1.490000,5825.00
"K2-258 b",,3.00000000,19.09210000000,831.00,1.210000,1.310000,6351.00
"Kepler-641 b",,1.85000000,9.48961571000,,1.020000,1.130000,5713.00
"K2-9 b",,2.25000000,18.44980000000,314.00,0.300000,0.310000,3390.00
"Kepler-1587 b",,1.33000000,9.40604670000,,1.080000,1.220000,5933.00
"Kepler-490 b",,11.65000000,3.26869515400,,1.080000,1.120000,6045.00
"WASP-3 b",772.32690000,15.91678000,1.84683000000,,1.620000,1.440000,6400.00
"Kepler-1528 b",,1.46000000,1.79111020500,,1.030000,1.030000,5857.00
"Kepler-1600 b",,3.13000000,386.37054800000,,0.860000,0.820000,5214.00
"Kepler-601 b",,1.90000000,5.37886844100,,0.850000,0.790000,5160.00
"Kepler-311 c",,1.43000000,19.73828600000,,,1.188000,5905.00
"Kepler-760 c",,1.48000000,2.46697439000,,0.890000,0.850000,5322.00
"Kepler-537 b",,1.41000000,3.24755521900,,1.070000,0.990000,5763.00
"Kepler-104 d",,3.58000000,51.75539400000,,,1.349000,5711.00
"HD 23472 f",0.77000000,1.13700000,12.16218390000,630.00,0.670000,0.710000,4684.00
"Kepler-144 b",,1.33000000,5.88527300000,,,1.235000,6075.00
"Kepler-224 e",,1.97000000,18.64357700000,,,0.676000,5018.00
"Kepler-149 c",,1.61000000,55.32832800000,,,0.953000,5381.00
"TOI-2989 b",953.48522100,12.55405838,3.12283200000,1001.00,0.770000,0.760000,4672.00
"Kepler-532 b",,2.57000000,12.92491623000,,0.870000,0.790000,5192.00
"Kepler-1859 c",,1.66000000,3.59645081000,1327.00,1.090000,1.235000,5887.00
"TIC 139270665 b",147.15455244,7.22979255,23.62400000000,703.00,1.035000,1.016000,5844.00
"K2-372 b",,2.94500000,9.84407700000,,0.847000,0.922000,5479.00
"Kepler-1078 b",,1.90000000,3.00725242000,,0.940000,0.920000,5612.00
"Kepler-155 b",,2.09000000,5.93119400000,,,0.620000,4508.00
"LHS 1678 c",,0.94100000,3.69428400000,,0.345000,0.329000,3490.00
"K2-339 b",,1.92000000,19.50742800000,508.00,0.740000,0.720000,4857.00
"Kepler-115 b",,1.09000000,2.40367900000,,,1.205000,5979.00
"Kepler-106 b",5.30000000,0.82000000,6.16486000000,,1.000000,1.040000,5858.00
"Kepler-332 b",,1.17000000,7.62632400000,,,0.720000,4955.00
"TOI-5720 b",4.30000000,1.09000000,1.43445550000,708.00,0.383000,0.383000,3325.00
"Kepler-612 b",,2.84000000,3.72215641300,,0.980000,0.960000,5693.00
"TOI-1839 b",,2.21895097,1.42378440907,,,0.848099,5315.91
"TOI-4603 b",4096.80816623,11.67975789,7.24599000000,1677.00,1.765000,2.738000,6264.00
"Kepler-831 b",,1.27000000,5.62153941000,,0.990000,0.970000,5732.00
"Kepler-445 c",,2.51000000,4.87122900000,,0.180000,0.210000,3157.00
"Kepler-33 e",,4.02000000,31.78440000000,,1.291000,1.820000,5904.00
"Kepler-1469 b",,2.80000000,21.86353010000,,0.920000,0.890000,5507.00
"TOI-6281 b",,1.92416074,1.05426244177,,,0.874219,4533.23
"TOI-6651 b",61.00000000,5.09000000,5.05697300000,1493.00,1.323000,1.721000,5940.00
"TOI-791 c",18.60000000,12.94637271,232.01570000000,362.80,1.280000,1.474000,6294.00
"K2-290 b",10.90000000,3.06000000,9.21165000000,1230.00,1.194000,1.511000,6302.00
"Kepler-191 d",,2.28000000,5.94504101700,,0.840000,0.800000,5215.00
"K2-395 b",,2.59700000,4.80335200000,,0.952000,0.783000,5007.00
"HATS-47 b",117.27927000,12.52045300,3.92280380000,852.90,0.674000,0.656400,4512.00
"Kepler-1130 d",,0.64472273,4.27225017500,,0.944000,0.842000,5450.00
"Kepler-1859 b",,1.58313575,2.72959995300,,1.090000,1.235000,5887.00
"Kepler-1050 b",,1.60000000,15.37875460000,,1.090000,1.130000,6010.00
"Kepler-170 c",,2.86000000,16.66586300000,,,1.035000,5679.00
"Kepler-55 b",,2.43000000,27.94814490000,,0.620000,0.580000,4362.00
"Kepler-236 c",,2.00000000,23.96812700000,,,0.510000,3750.00
"Kepler-1941 b",,2.64976949,31.33510017000,,1.175000,1.142000,6404.00
"Kepler-1333 b",,2.81000000,109.64718420000,,0.940000,0.920000,5628.00
"TOI-2589 b",1112.39942450,12.10569916,61.62770000000,592.00,0.930000,1.070000,5579.00
"TOI-2180 b",875.61726129,11.32107051,260.79000000000,348.00,1.111000,1.636000,5695.00
"Kepler-1924 b",,2.65446572,15.33170033000,,1.018000,1.285000,5726.00
"Kepler-1052 b",,2.93000000,34.85382760000,,1.030000,1.030000,5888.00
"Kepler-1223 b",,1.22000000,16.30125900000,,0.800000,0.750000,4870.00
"Kepler-1934 b",,0.91307734,1.41975998900,,0.968000,1.035000,5925.00
"EPIC 206024342 c",,1.40000000,0.91172400000,,,1.100000,5724.00
"Kepler-313 b",,2.53000000,14.97041800000,,,1.536000,5727.00
"HAT-P-69 b",1137.83140000,18.78628400,4.78694910000,1930.00,1.648000,1.926000,7394.00
"HD 332231 b",74.10000000,9.07303305,18.71202400000,798.30,1.164200,1.266000,6128.00
"Kepler-1892 b",,1.83707938,6.33123016400,,0.851000,0.759000,5383.00
"EPIC 211945201 b",,5.76000000,19.49221000000,817.00,1.170000,1.390000,6069.00
"Kepler-38 b",122.00000000,4.30000000,105.59900000000,475.00,0.941000,1.752000,5623.00
"K2-254 b",,1.63000000,4.09639000000,791.00,0.710000,0.670000,4629.00
"Kepler-996 b",,1.98000000,3.77059058400,,1.090000,1.140000,6014.00
"KOI-3680 b",613.41190000,11.09691000,141.24167100000,347.00,1.010000,0.960000,5830.00
"Kepler-289 d",5.33000000,3.03000000,66.02820000000,,1.080000,1.000000,5990.00
"K2-136 d",3.00000000,1.56500000,25.57500000000,420.00,0.742000,0.677000,4500.00
"Kepler-103 b",11.67000000,3.48570000,15.96532870000,,1.212000,1.492000,6047.00
"TOI-912 b",5.10000000,1.93000000,4.67806910000,551.00,0.418000,0.419000,3572.00
"HR 858 c",3.80000000,1.97900000,5.97386500000,1309.00,1.204000,1.258000,6354.00
"Kepler-944 b",,2.63000000,43.31677370000,,0.860000,0.830000,5409.00
"Kepler-1983 b",,2.33000000,7.32851947000,807.00,0.812000,0.874000,5135.00
"K2-138 b",3.10000000,1.51000000,2.35309000000,,0.935000,0.863000,5356.30
"Kepler-208 e",,1.48000000,16.25945800000,,,1.314000,6092.00
"Kepler-1284 b",,1.21000000,0.66407380600,,0.840000,0.790000,5123.00
"HATS-31 b",279.69040000,18.38276000,3.37796000000,1823.00,1.275000,1.870000,6050.00
"Kepler-1619 b",,0.76000000,23.62259130000,,1.000000,1.000000,5852.00
"KOI-1599.01",4.60000000,1.90000000,20.44150000000,,1.020000,0.972000,
"Kepler-1512 b",,1.18000000,20.35972599000,,0.730000,0.670000,4372.00
"Kepler-163 c",,2.26000000,21.34726200000,,,0.917000,5776.00
"Kepler-953 b",,4.21000000,88.40655258000,,0.950000,0.990000,5416.00
"K2-240 b",,2.00000000,6.03400000000,586.00,0.580000,0.540000,3810.00
"TOI-654.01",8.71000000,2.37800000,1.52756100000,794.00,0.419000,0.430000,3521.00
"Kepler-196 c",,2.24000000,47.42773700000,,,0.782000,5128.00
"Kepler-935 b",,1.35000000,4.88083852000,,0.780000,0.730000,4830.00
"Kepler-268 c",,3.38000000,83.44639300000,,,1.274000,6081.00
"K2-179 b",,2.51267885,5.17219100000,,0.824345,0.768067,5015.00
"K2-35 b",,1.32000000,2.39996400000,,0.701968,0.619575,4402.71
"Kepler-770 c",,1.20000000,1.47532231400,,0.940000,0.920000,5598.00
"Kepler-1330 b",,1.65000000,10.10769068000,,0.970000,0.940000,5608.00
"Kepler-1466 b",,1.55000000,31.17504480000,,1.010000,1.020000,5884.00
"Kepler-1869 b",,1.11955354,8.16736030600,,0.987000,0.902000,5808.00
"TOI-1301.01",,2.47700000,6.09640720900,,0.770000,0.732000,4820.00
"Kepler-1533 b",,3.46000000,308.54710000000,,1.310000,1.510000,6431.00
"Kepler-361 b",,1.45000000,8.48661600000,,,1.343000,6169.00
"Kepler-660 b",,2.57000000,9.27358194000,,0.750000,0.710000,4779.00
"CoRoT-36 b",216.12331676,15.80466279,5.61653100000,1567.00,1.320000,1.520000,6730.00
"Kepler-312 c",,3.15000000,19.74741200000,,,1.467000,6115.00
"K2-69 b",,2.32000000,7.06599000000,,0.551000,0.491000,4127.00
"HATS-66 b",1694.03390000,15.81589900,3.14143910000,1998.00,1.411000,1.841000,6626.00
"Kepler-379 b",,1.66000000,20.09838000000,,,1.306000,6054.00
"Kepler-591 b",,3.39000000,81.16942990000,,0.970000,0.940000,5677.00
"Kepler-174 c",,1.49000000,44.00052900000,,,0.622000,4880.00
"Kepler-857 b",,6.80000000,85.35129427000,,0.990000,0.990000,5773.00
"Kepler-11 e",8.00000000,4.19000000,31.99960000000,,0.961000,1.065000,5663.00
"Kepler-1227 b",,2.29000000,94.28875770000,,0.970000,0.950000,5747.00
"Kepler-1695 b",,1.11948901,4.73290000000,,0.960000,0.987155,5473.19
"TOI-669 b",10.00000000,2.58606487,3.94515200000,1124.85,0.924500,0.988200,5597.00
"Kepler-154 f",,1.50000000,9.91935684000,,0.980000,0.980000,5769.00
"K2-95 b",,3.31000000,10.13464540000,474.00,0.410000,0.400000,3566.00
"Kepler-484 b",,2.28000000,10.04556931300,,0.960000,0.870000,5668.00
"HAT-P-24 b",238.37250000,14.57170000,3.35524000000,,1.370000,1.380000,6373.00
"Kepler-384 c",,1.13000000,45.34826900000,,,0.882000,5577.00
"Kepler-1046 b",,1.71000000,14.37508035000,,1.040000,1.040000,5913.00
"Kepler-1554 b",,2.90000000,198.08877400000,,0.840000,0.810000,5297.00
"K2-222 b",7.50000000,2.27500000,15.38892740000,803.00,0.940000,1.072000,5942.00
"Kepler-277 c",64.20000000,3.36000000,33.00600000000,,1.120000,1.690000,
"Kepler-1311 d",,9.65837605,197.51100160000,,1.032000,1.674000,5616.00
"Kepler-802 b",,3.54000000,40.05874730000,,0.930000,0.900000,5507.00
"TOI-5143 c",,16.25302201,5.20971180000,,0.864000,0.852000,5183.00
"Kepler-956 b",,3.00000000,5.24867263100,,1.100000,1.150000,6040.00
"Kepler-200 b",,2.13000000,8.59480500000,,,0.944000,5678.00
"Kepler-912 b",,2.80000000,2.53475627300,,1.070000,1.110000,5998.00
"HAT-P-52 b",259.98494000,11.30988100,2.75359530000,1218.00,0.887000,0.893000,5131.00
"Kepler-1090 c",,3.29265785,42.42720032000,,0.869000,1.013000,5330.00
"Kepler-787 b",,1.28000000,0.92831049800,,0.650000,0.620000,4248.00
"TOI-4487 A b",397.28550875,14.60530185,3.95407090000,1639.00,1.378000,1.634000,6206.00
"Kepler-1291 b",,1.66000000,8.63043276000,,0.840000,0.800000,5216.00
"Kepler-169 e",,2.20000000,13.76710200000,,,0.763000,4997.00
"Kepler-829 b",,2.11000000,6.88337562000,,0.980000,0.970000,5698.00
"Kepler-1127 b",,1.96000000,5.12330347000,,0.970000,0.950000,5664.00
"K2-68 b",,1.58000000,8.05428000000,,0.730000,0.675000,4746.00
"Kepler-1358 b",,1.12000000,7.06317341000,,0.820000,0.790000,5181.00
"Kepler-245 e",,1.75000000,3.21982105600,,0.860000,0.800000,5174.00
"NGTS-17 b",242.82090295,13.89913607,3.24253000000,1457.00,1.025000,1.337000,5650.00
"Kepler-182 b",,2.58000000,9.82579200000,,,1.146000,6250.00
"Kepler-845 b",,2.04000000,0.92785982100,,0.790000,0.750000,4913.00
"TOI-7166 b",,2.01000000,12.92063621000,249.00,0.190000,0.222000,3099.00
"Kepler-1814 c",,1.76000000,0.62628176600,1711.00,0.790000,0.823000,4922.00
"Kepler-1086 b",,2.44000000,18.78425728000,,0.700000,0.660000,4350.00
"Kepler-272 c",,1.79000000,6.05734200000,,,0.929000,5297.00
"Kepler-266 b",,2.48000000,6.61833000000,,,1.028000,5885.00
"K2-352 b",,1.37000000,3.66591200000,1160.00,0.980000,0.950000,5791.00
"Kepler-36 c",7.13000000,3.67900000,16.21865000000,,1.034000,1.634000,5979.00
"Kepler-466 c",,1.25000000,3.70921384600,,1.040000,1.050000,5927.00
"Kepler-1652 b",,1.60000000,38.09722000000,268.00,0.404000,0.382000,3638.00
"Kepler-1899 b",,1.55098292,4.09577989600,,0.759000,0.742000,4791.00
"Kepler-352 c",,1.24000000,16.33299500000,,,0.781000,5212.00
"Kepler-256 c",,2.15000000,3.38802000000,,,1.301000,5551.00
"TOI-5386 A b",155.10026262,14.70618268,3.62156552000,1488.00,1.165000,1.245000,6094.00
"Kepler-370 b",,1.59000000,4.57953000000,,,0.900000,5852.00
"TOI-2641 b",122.68176510,18.10250383,4.88097400000,1387.00,1.160000,1.336000,6100.00
"HATS-71 b",117.59710000,11.47801600,3.79552020000,586.80,0.486100,0.478300,3405.00
"TOI-1648 b",7.40000000,2.54000000,7.33160200000,799.00,0.830000,0.810000,4850.00
"Kepler-1085 c",,3.26817741,56.77710000000,,1.050000,1.078300,5816.00
"WASP-187 b",254.26400000,18.38276000,5.14787800000,,1.540000,2.830000,6150.00
"Kepler-948 b",,1.85000000,7.76846622000,,0.960000,0.940000,5679.00
"Kepler-509 b",,2.49000000,41.74600392000,,1.100000,1.200000,6060.00
"TOI-1659.01",,2.25500000,5.87755632800,,1.100000,1.006000,5977.00
"Kepler-1991 c",,2.57000000,22.79020351000,634.00,0.914000,1.053000,5478.00
"Kepler-1735 b",,1.19429134,7.71792984000,,0.535000,0.509000,3975.00
"Kepler-332 d",,1.18000000,34.21154000000,,,0.720000,4955.00
"TIC 349520724 b",,2.82626313,7.94044635021,,,0.818771,5098.60
"Kepler-752 b",,2.81000000,18.82747265000,,0.870000,0.830000,5373.00
"NGTS-27 b",188.47224535,15.64773706,3.37041810000,1783.00,1.070000,1.770000,5700.00
"Kepler-1729 b",,3.89404186,4.22097015400,,0.544000,0.517000,3837.00
"Kepler-206 d",,1.19000000,23.44281000000,,,1.185000,5764.00
"Kepler-1955 b",,1.16654878,14.26519966000,,1.049000,1.291000,5825.00
"CoRoT-31 b",266.97720000,16.36514000,4.62941000000,,1.250000,2.150000,5700.00
"Kepler-279 c",49.40000000,4.30000000,35.73600000000,,1.100000,1.070000,
"Kepler-1486 b",,2.32000000,54.64957590000,,1.080000,1.120000,5965.00
"NGTS-31 b",355.96781584,18.04645893,4.16273400000,1410.00,0.960000,1.700000,5710.00
"EPIC 206317286 b",,0.96000000,1.58252000000,,0.711000,,
"TOI-1710 b",19.10000000,5.06000000,24.28336000000,,1.020000,0.930000,5775.00
"Kepler-363 b",,1.16000000,3.61456800000,,,1.485000,5593.00
"Kepler-102 d",3.00000000,1.15400000,10.31176700000,686.00,0.803000,0.724000,4909.00
"TIC 260969020 b",,2.22686612,8.48584501953,,,0.689880,4572.94
"Kepler-1234 b",,2.81000000,11.94014029000,,0.800000,0.760000,4967.00
"WASP-132 b",136.03055820,10.09929161,7.13351640000,682.00,0.789000,0.758000,4686.00
"Kepler-354 c",,1.31000000,16.93440200000,,,0.674000,4648.00
"Kepler-1891 b",,1.52139156,4.02229023000,,0.873000,0.827000,5516.00
"Kepler-344 b",,2.61000000,21.96394500000,,,0.976000,5774.00
"HAT-P-70 b",2154.88740000,20.96083000,2.74432452000,2562.00,1.890000,1.858000,8450.00
"K2-381 c",,2.00000000,16.03465600000,,0.754000,0.675000,4473.00
"HATS-77 b",436.69623122,13.05846252,3.08762620000,828.30,0.655000,0.642800,4071.00
"KELT-23 A b",298.12454000,14.82950700,2.25525100000,1561.00,0.944000,0.996000,5899.00
"TOI-2046 b",731.00533610,16.14093221,1.49718420000,,1.130000,1.210000,6250.00
"HD 35843 c",11.32000000,2.54000000,46.96220000000,479.00,0.940000,0.897000,5666.00
"Kepler-1272 b",,2.37000000,51.13097040000,,1.060000,1.090000,5926.00
"Kepler-69 c",,1.71000000,242.46130000000,299.00,0.810000,0.930000,5638.00
"Kepler-263 b",,2.67000000,16.56808700000,,,0.785000,5265.00
"Kepler-594 b",,2.18000000,13.64618192000,,0.910000,0.870000,5485.00
"WASP-55 b",186.24744650,14.72860064,4.46563100000,1342.00,1.071000,1.090000,6096.00
"Kepler-881 b",,1.78000000,4.44448017000,,1.060000,1.090000,5961.00
"TOI-2092 b",,2.94892961,4.30325528074,,,1.051900,5842.06
"K2-194 b",,3.64229858,39.72138600000,,1.110086,1.281115,5979.00
"OGLE-TR-10 b",197.04600000,14.01100000,3.10127800000,,1.140000,1.170000,5950.00
"Kepler-139 b",,2.94000000,15.77104400000,,,1.300000,5594.00
"K2-17 b",,2.23000000,17.96753000000,487.00,0.710000,0.660000,4320.00
"K2-188 b",,1.35000000,1.74216900000,1692.00,1.060000,1.190000,5977.00
"K2-38 b",7.30000000,1.54000000,4.01593000000,1266.00,1.030000,1.060000,5731.00
"Kepler-1365 b",,0.92000000,7.69993485000,,1.000000,1.050000,5770.00
"Kepler-60 c",3.85000000,1.90000000,8.91870000000,,1.041000,1.257000,5905.00
"HATS-17 b",425.25654000,8.70939300,16.25461100000,814.00,1.131000,1.091000,5846.00
"Kepler-1522 b",,1.73000000,1.84788917100,,0.960000,0.930000,5706.00
"Kepler-1411 b",,2.82000000,86.11508880000,,0.950000,0.920000,5664.00
"K2-140 b",295.58041851,13.56286665,6.56918800000,962.00,0.960000,1.060000,5585.00
"K2-43 b",,4.51000000,3.47114900000,939.30,0.571000,0.542000,3840.60
"Kepler-1780 b",,3.60600667,109.44499970000,,0.868000,0.868000,5403.00
"K2-284 b",,2.78000000,4.79506900000,653.00,0.630000,0.607000,4140.00
"Kepler-877 b",,2.12000000,18.45847097000,,0.850000,0.810000,5261.00
"Kepler-390 c",,0.79000000,13.06002200000,,,0.776000,5166.00
"TOI-4791 b",734.18362017,12.44196858,4.28088000000,1472.00,1.242000,1.409000,6058.00
"Kepler-1191 b",,1.51000000,5.60014851000,,0.850000,0.810000,5308.00
"Kepler-1561 b",,1.09000000,1.00520700700,,1.070000,1.110000,5957.00
"TOI-5082.01",,2.54811000,4.24012200000,1164.91,0.996650,0.930000,5670.00
"Kepler-1475 b",,2.92000000,82.17737400000,,1.180000,1.280000,6214.00
"Kepler-1816 b",,1.96793970,91.50099945000,,0.786000,0.706000,5051.00
"Kepler-475 b",,2.49000000,3.10550818900,,0.860000,0.790000,5009.00
"Kepler-303 b",,0.89000000,1.93705500000,,,0.485000,3944.00
"Kepler-1260 b",,1.77000000,19.11877530000,,1.060000,1.080000,5961.00
"Kepler-143 c",,3.37000000,27.08251100000,,,1.359000,5848.00
"Kepler-755 c",,1.26000000,2.85313364400,,0.820000,0.770000,5043.00
"WASP-136 b",,16.81347105,,1630.00,,,
"Kepler-549 d",,4.20000000,24.61480613000,586.00,0.859000,0.986000,5312.00
"Kepler-1368 b",,1.65000000,0.67564948600,,1.070000,1.080000,5906.00
"Kepler-1086 c",,2.94000000,161.51633450000,,0.700000,0.660000,4350.00
"Kepler-305 b",10.50000000,3.60000000,5.48700000000,,0.760000,0.800000,
"Kepler-1321 b",,4.92000000,11.12830484000,,0.540000,0.530000,4094.00
"Kepler-1864 b",,0.75408365,3.88151001900,,1.030000,0.979000,5854.00
"TOI-1296 b",95.30000000,14.11645916,3.94437360000,1414.84,1.157600,1.703100,5567.00
"HD 23472 b",8.32000000,2.00000000,17.66708700000,543.00,0.670000,0.710000,4684.00
"HD 219134 c",4.36000000,1.51100000,6.76458000000,782.00,0.810000,0.778000,4699.00
"Kepler-1752 b",,4.54060463,56.35850143000,,0.824000,0.821000,5446.00
"TOI-4773 b",1687.66884117,15.22179579,1.74528510000,2255.00,1.452000,1.550000,6740.00
"Kepler-647 c",,4.00135002,29.66630000000,,1.070000,1.545710,5906.74
"WASP-173 A b",1172.79270000,13.45080000,1.38665318000,1880.00,1.050000,1.110000,5800.00
"Kepler-1437 b",,1.37000000,10.92954610000,,0.930000,0.900000,5557.00
"Kepler-487 b",,11.42000000,15.35876840300,,0.910000,0.880000,5444.00
"K2-384 f",,2.22200000,13.62749000000,,0.330000,0.348000,3623.00
"Kepler-1296 b",,0.91000000,8.38398650000,,0.870000,0.830000,5359.00
"Kepler-1192 b",,2.36000000,25.20347870000,,0.860000,0.830000,5438.00
"Kepler-1180 b",,1.99000000,16.86012860000,,1.090000,1.140000,6077.00
"Kepler-618 b",,2.60000000,3.59576964500,,1.050000,1.080000,5860.00
"Kepler-719 b",,8.52000000,5.00731777900,,0.990000,0.980000,5777.00
"Kepler-779 b",,0.92000000,7.09714223000,,0.460000,0.440000,3804.00
"Kepler-326 c",,1.40000000,4.58035800000,,,0.801000,5105.00
"Kepler-1530 b",,1.64000000,2.59044340000,,0.920000,0.880000,5477.00
"TOI-3474 b",193.87532827,14.67255574,3.87951050000,1451.00,1.121000,1.256000,6020.00
"Kepler-1114 b",,1.35000000,14.97435694000,,0.870000,0.830000,5374.00
"Kepler-924 b",,3.07000000,61.03701170000,,1.140000,1.230000,6167.00
"WASP-138 b",387.75260000,12.21781000,3.63443300000,1590.00,1.220000,1.360000,6272.00
"Kepler-116 b",,3.42000000,5.96873400000,,,1.454000,6142.00
"Kepler-774 b",,3.17000000,11.08957230000,,1.570000,2.420000,6403.00
"TOI-4030 b",,5.84625590,2.50900199461,,,0.991737,5640.37
"Kepler-251 c",,2.77000000,16.51404300000,,,0.890000,5526.00
"Kepler-1419 b",,2.86000000,42.52158950000,,1.010000,1.010000,5796.00
"Kepler-1590 b",,1.14000000,7.61760804000,,1.110000,1.160000,6053.00
"2MASS J0249-0557 c",3616.88727166,17.37392009,,1723.00,0.046000,,
"Kepler-83 d",,1.94000000,5.16979600000,,,0.594000,4648.00
"Kepler-1464 b",,1.66000000,31.77859010000,,1.020000,1.010000,5828.00
"Kepler-324 e",,2.03862444,13.97939968000,,0.844000,0.826000,5191.00
"Kepler-1298 b",,1.31000000,7.12811928000,,1.450000,2.000000,6339.00
"Kepler-607 c",,2.76001201,39.67679977000,,0.808000,0.888000,5244.00
"Kepler-1211 b",,2.55000000,11.01816836000,,0.960000,0.940000,5705.00
"Kepler-1344 b",,1.84000000,4.76830490000,,1.090000,1.130000,5981.00
"K2-268 d",,1.49000000,4.52859800000,888.00,0.840000,0.780000,5106.00
"Kepler-238 b",,1.73000000,2.09087600000,,,1.430000,5751.00
"Kepler-1040 b",,2.08000000,201.12140000000,,0.980000,0.960000,5694.00
"K2-97 b",174.48779544,13.45077684,8.40711500000,1566.00,1.170000,4.140000,4673.00
"Kepler-1650 b",,0.96000000,1.53818001000,,0.326000,0.334000,3410.00
"Kepler-1531 b",,1.11000000,1.13854337600,,1.160000,1.270000,6260.00
"Kepler-514 b",,1.72000000,5.65179605000,,1.280000,1.440000,6106.00
"Kepler-174 b",,1.96000000,13.98179000000,,,0.622000,4880.00
"Kepler-1144 b",,1.99000000,17.14647302000,,0.980000,0.960000,5753.00
"TOI-163 b",387.75260000,16.69020100,4.23130600000,1669.00,1.435200,1.648000,6495.00
"Kepler-1832 b",,1.22719556,3.13878989200,,0.684000,0.722000,5242.00
"HATS-55 b",292.72143000,14.02245900,4.20420010000,1367.00,1.195500,1.126000,6214.00
"HATS-64 b",305.11680000,18.81991100,4.90889700000,1793.00,1.564000,2.113000,6554.00
"Kepler-460 c",,5.52000000,220.13033570000,,1.170000,1.260000,6146.00
"Kepler-656 b",,3.12000000,1.26025909400,,0.860000,0.820000,5281.00
"TOI-1246 d",5.40000000,3.43139739,18.65487400000,587.77,0.888900,0.864900,5213.00
"Kepler-1318 b",,3.11000000,213.25766300000,,0.730000,0.700000,4598.00
"TOI-3071 b",68.20000000,7.16000000,1.26693800000,2155.00,1.290000,1.310000,6177.00
"K2-416 b",1652.70771640,2.66000000,13.10200000000,447.00,0.548000,0.554000,3746.00
"K2-133 d",,2.00300000,11.02454000000,,0.461000,0.455000,3655.00
"Kepler-827 b",,5.63000000,51.92927591000,,0.930000,0.910000,5602.00
"Kepler-331 b",,1.82000000,8.45749600000,,,0.492000,4347.00
"HAT-P-39 b",190.37200000,17.60900000,3.54387000000,1752.00,1.404000,1.625000,6430.00
"Kepler-1711 b",,1.92300000,21.06080055000,,0.940000,1.034000,5706.00
"Kepler-159 c",,3.41000000,43.59579200000,,,0.663000,4625.00
"K2-378 b",,2.88000000,2.06043800000,,0.923000,0.732000,4823.00
"Kepler-399 d",,1.89000000,58.03461600000,,,0.680000,5502.00
"Kepler-31 b",,5.50000000,20.86130000000,,1.210000,1.220000,6340.00
"Kepler-908 b",,1.22000000,1.34059746800,,1.110000,1.120000,5973.00
"HATS-24 b",718.29580000,15.63655500,1.34849780000,2166.00,1.070000,1.120000,6125.00
"TOI-5726.01",,2.55400000,5.49112521500,,1.060000,1.106000,5874.00
"TOI-5340 b",270.15414595,15.07607904,4.93943920000,1566.00,1.350000,1.842000,5990.00
"Kepler-226 d",,1.22000000,8.10904400000,,,0.802000,5571.00
"Kepler-317 c",,1.72000000,8.77501000000,,,0.941000,5497.00
"Kepler-1579 b",,0.84000000,0.84990788900,,0.750000,0.700000,4584.00
"TIC 294329732 b",,2.07692266,9.75658761810,,,0.920172,5201.93
"Kepler-1958 b",,2.05124311,9.32861995700,,0.961000,0.864000,5749.00
"Kepler-1076 b",,0.80000000,6.14727918000,,0.790000,0.740000,4868.00
"Kepler-1731 b",,2.93295657,21.76129913000,,0.781000,0.720000,4859.00
"HD 50554 c",5.30000000,1.31000000,5.96936200000,,1.040000,1.146000,5968.00
"Kepler-1350 b",,2.52000000,4.49686040000,,0.550000,0.530000,3827.00
"Kepler-1645 b",,1.78000000,16.17795610000,,1.020000,1.020000,5812.00
"TOI-969 b",9.10000000,2.76500000,1.82373050000,941.00,0.734000,0.671000,4435.00
"Kepler-1669 c",,1.90120972,1.60932004500,,0.609000,0.603000,4224.00
"Kepler-664 b",,2.66000000,2.52559331500,,1.010000,1.020000,5754.00
"Kepler-24 c",9.99000000,2.51400000,12.33000000000,,1.060000,1.099000,6028.00
"Kepler-1468 b",,1.73000000,8.23984869000,,1.040000,1.050000,5893.00
"TOI-5422 b",8899.19539600,9.10169233,5.37721900000,1369.00,1.066000,1.474000,5820.00
"Kepler-204 b",,2.53000000,14.40097400000,,,1.238000,5812.00
"Kepler-1986 b",,1.89000000,19.54896660000,579.00,0.776000,0.732000,5549.00
"Kepler-1009 b",,2.17000000,11.35011917000,,0.590000,0.570000,4027.00
"Kepler-1131 b",,1.59000000,3.53232449000,,1.030000,1.040000,5851.00
"EPIC 246851721 b",953.49000000,11.78065900,6.18023500000,1401.00,1.317000,1.586000,6202.00
"Kepler-33 c",,3.20000000,13.17562000000,,1.291000,1.820000,5904.00
"Kepler-21 b",7.50000000,1.63900000,2.78582120000,2015.00,1.408000,1.902000,6305.00
"Kepler-746 b",,1.11000000,3.48159251000,,0.910000,0.930000,5418.00
"Kepler-1511 b",,1.68000000,23.23827920000,,1.170000,1.290000,6064.00
"Kepler-528 b",,2.08000000,19.78297415000,,1.010000,1.060000,5807.00
"Kepler-281 d",,5.93747806,148.27200320000,,0.984000,0.884000,5717.00
"Kepler-1808 b",,3.02511302,23.34040070000,,0.773000,0.892000,5530.00
"Kepler-372 c",,2.09000000,20.05376300000,,,1.137000,6509.00
"HAT-P-22 b",785.04010000,12.89035000,3.21222000000,,1.130000,1.110000,5302.00
"HR 858 d",7.10000000,2.00100000,11.23051100000,1061.00,1.204000,1.258000,6354.00
"Kepler-1750 b",,6.00434637,205.91200260000,,0.981000,0.969000,5644.00
"Kepler-1913 b",,1.51852059,14.19600010000,,1.169000,1.076000,6214.00
"Kepler-90 i",,1.32000000,14.44912000000,709.00,1.120000,1.290000,6015.00
"Kepler-1432 b",,2.22000000,23.91090110000,,1.090000,1.130000,6031.00
"Kepler-1693 b",,1.28938413,12.09990000000,,0.950000,0.878295,5432.34
"Kepler-1886 b",,2.58158428,24.27580070000,,0.928000,0.837000,5745.00
"Kepler-939 b",,1.75000000,14.87829600000,,0.880000,0.850000,5471.00
"TOI-4495 c",23.20000000,4.03000000,5.18553000000,1365.00,1.247000,1.309000,6210.00
"TOI-238 c",6.70000000,2.18000000,8.46565100000,696.00,0.790000,0.733000,5059.00
"TOI-5349 b",127.40000000,10.20000000,3.31792100000,719.00,0.610000,0.580000,3751.00
"TOI-5319 b",,2.83000000,4.07853000000,695.00,0.500000,0.485000,3580.00
"K2-250 b",,2.71257333,4.01392000000,1003.00,0.809000,0.797000,5003.00
"Kepler-403 c",,1.75000000,54.28074900000,,,1.329000,6090.00
"Kepler-169 b",,1.13000000,3.25061900000,,,0.763000,4997.00
"TOI-1410.01",12.50000000,3.10083009,1.21687000000,1236.70,0.794100,0.755800,4635.00
"TOI-5238 b",,5.22000000,4.87217100000,,1.000000,1.022830,5631.00
"K2-35 c",,1.93000000,5.60835200000,,0.701968,0.619575,4402.71
"Kepler-16 b",105.83300000,8.44930000,228.77600000000,,0.689700,0.648900,4450.00
"Kepler-817 b",,9.03000000,3.99010622900,,1.030000,1.030000,5861.00
"K2-384 d",,1.39200000,6.67958200000,,0.330000,0.348000,3623.00
"TIC 249022743 b",,4.79568155,2.25719681538,,,1.208400,5567.58
"TOI-564 b",464.98529000,11.43318000,1.65114400000,1714.00,0.998000,1.088000,5640.00
"Kepler-194 c",,2.59000000,17.30803200000,,,1.025000,6089.00
"Kepler-1301 b",,1.40000000,9.08237046000,,0.850000,0.810000,5188.00
"HD 23472 d",0.55000000,0.75000000,3.97664000000,909.00,0.670000,0.710000,4684.00
"HATS-40 b",505.34970000,17.71022000,3.26427360000,2101.00,1.561000,2.260000,6460.00
"Kepler-1037 b",,1.28000000,1.06378867300,,0.820000,0.780000,5105.00
"Kepler-851 b",,1.68000000,8.50699658000,,0.890000,0.850000,5455.00
"Kepler-1889 b",,2.94360686,37.30369949000,,0.864000,0.817000,5646.00
"K2-148 c",,1.73000000,6.92260000000,,0.650000,0.632000,4079.00
"EPIC 201754305 d",,1.03000000,2.71578000000,,0.670000,,
"TIC 87422071 b",409.99864503,10.86150230,11.36492900000,1110.00,1.239000,1.489000,6150.00
"HD 22946 d",26.57000000,2.60700000,47.42489000000,546.00,1.098000,1.117000,6169.00
"Kepler-248 c",,4.07000000,16.23949400000,,,0.831000,5190.00
"Kepler-1030 b",,2.48000000,19.32952416000,,0.800000,0.760000,4983.00
"TOI-2010 b",408.72733140,11.81426566,141.83402500000,400.20,1.112000,1.079000,5929.00
"K2-36 c",7.90000000,3.20000000,5.34088800000,854.00,0.790000,0.718000,4916.00
"Kepler-1608 b",,1.73000000,16.47356860000,,0.750000,0.720000,4992.00
"Kepler-208 c",,1.39000000,7.46662300000,,,1.314000,6092.00
"Kepler-215 d",,2.39000000,30.86442300000,,,1.027000,5739.00
"Kepler-1003 b",,1.78000000,3.55485691500,,1.110000,1.170000,6109.00
"HAT-P-8 b",406.82240000,15.69260000,3.07634000000,,1.270000,1.570000,6200.00
"Kepler-56 b",22.10000000,6.51000000,10.50160000000,,1.320000,4.230000,4840.00
"Kepler-413 b",67.00000000,4.34700000,66.26200000000,,0.820000,0.776100,4700.00
"Kepler-59 b",,1.10000000,11.86817070000,,1.040000,0.940000,6074.00
"K2-122 b",,1.16000000,2.21930230000,769.00,0.630000,0.590000,4009.00
"Kepler-1862 b",,2.20300000,16.05730057000,,0.900000,0.806000,5644.00
"Kepler-315 c",,4.15000000,265.46933500000,,,1.037000,5796.00
"TOI-5344 b",130.94530368,10.60369574,3.79262200000,689.00,0.612000,0.588000,3747.00
"Kepler-322 b",,1.01000000,1.65388800000,,,0.890000,5388.00
"Kepler-961 b",,2.55000000,16.87727414000,,0.960000,0.900000,5582.00
"Kepler-404 c",,1.72000000,14.75116600000,,,0.884000,5654.00
"WASP-145 A b",282.86870000,10.08810000,1.76903810000,1200.00,0.760000,0.680000,4900.00
"NGTS-25 b",203.09235207,11.46678726,2.82309300000,1101.00,0.910000,0.860000,5321.00
"Kepler-713 b",,2.48000000,7.41114100000,,0.980000,0.990000,5785.00
"Kepler-1056 b",,3.01000000,27.49560600000,,1.120000,1.200000,6127.00
"TOI-1470 c",7.24000000,2.47000000,18.08816000000,373.00,0.471000,0.469000,3709.00
"Kepler-987 b",,3.26000000,105.30331480000,,0.970000,0.910000,5637.00
"Kepler-1715 b",,4.14042267,35.59730148000,,1.082000,1.209000,6212.00
"Kepler-1683 b",,1.87477762,15.03370000000,,0.950000,0.900327,5429.00
"TOI-5786 b",73.00000000,8.54000000,12.77910700000,1040.00,1.230000,1.360000,6235.00
"K2-286 b",,2.10000000,27.35900000000,347.00,0.640000,0.620000,3926.00
"K2-121 b",51.00000000,7.16000000,5.18573800000,716.00,0.710000,0.675000,4526.00
"TOI-5108 b",32.00000000,6.60000000,6.75358100000,1180.00,1.100000,1.290000,5808.00
"K2-62 c",,1.99000000,16.19697000000,495.00,0.670000,0.696000,4455.00
"HD 108236 f",,2.01700000,29.54115000000,,0.869000,0.877000,5660.00
"TOI-4029 b",,6.73756618,5.88498234631,,,1.178340,5662.53
"Kepler-1783 b",,1.31946731,8.27744007100,,0.887000,1.781000,5129.00
"K2-379 b",,2.18100000,8.77724700000,,0.856000,0.751000,4603.00
"Kepler-1956 b",,1.08940238,5.94371986400,,0.671000,0.682000,4391.00
"Kepler-1885 b",,1.51110555,2.52255988100,,0.977000,0.860000,5591.00
"Kepler-1016 b",,2.18000000,1.95452434200,,0.990000,1.000000,5821.00
"K2-38 c",8.30000000,2.29000000,10.56103000000,916.00,1.030000,1.060000,5731.00
"Kepler-231 b",,1.73000000,10.06527500000,,,0.490000,3767.00
"Kepler-221 e",,2.63000000,18.36991700000,,,0.821000,5243.00
"Kepler-1765 b",,2.49508857,10.41889954000,,0.946000,1.064000,5692.00
"Kepler-1019 b",,1.46000000,1.41122984700,,0.700000,0.670000,4433.00
"Kepler-1692 b",,1.11177184,5.95966000000,,0.870000,0.866139,5146.00
"Kepler-1341 b",,2.99000000,132.99683220000,,0.790000,0.720000,4662.00
"TOI-4552 b",1.83000000,1.11000000,0.30110032000,1122.00,0.261900,0.286900,3258.00
"Kepler-825 b",,1.53000000,3.77360059000,,1.030000,1.080000,5976.00
"Kepler-362 b",,0.88000000,10.32718600000,,,0.722000,5788.00
"K2-229 b",,1.00000000,0.58421600000,,,0.790000,5315.00
"TIC 154870955 b",,3.09467466,7.96987471280,,,0.724328,4739.58
"Kepler-937 c",,2.67000000,153.34336400000,,1.150000,1.220000,6095.00
"Kepler-671 b",,2.69000000,4.28095858800,,0.970000,0.950000,5624.00
"Kepler-398 c",,1.01000000,11.41941200000,,,0.613000,4493.00
"Kepler-751 b",,2.46000000,17.44490636000,,0.870000,0.840000,5387.00
"Kepler-1252 b",,1.67000000,15.05403290000,,1.060000,1.090000,5949.00
"Kepler-61 b",,2.15000000,59.87756000000,273.00,0.635000,0.620000,4017.00
"HD 25463 c",4.30000000,1.36354953,3.04405000000,1585.57,1.251000,1.418200,6353.00
"K2-196 b",,3.59970536,48.32422200000,,1.162095,1.538801,6045.00
"WASP-180 A b",286.04700000,13.89916000,3.40926400000,1540.00,1.300000,1.190000,6600.00
"Kepler-430 c",,1.75000000,110.97900000000,458.00,1.166000,1.485000,5884.00
"K2-114 b",638.83509807,10.59248676,11.39093100000,701.40,0.863000,0.832000,4899.00
"Kepler-1388 d",,2.86000000,20.95681580000,,0.630000,0.610000,4098.00
"HD 219666 b",17.60000000,4.89800000,6.03446800000,1076.00,1.020000,1.059000,5540.00
"Kepler-1465 b",,1.77000000,31.82771110000,,0.750000,0.710000,4726.00
"Kepler-617 b",,1.32000000,1.68269614800,,0.510000,0.480000,3712.00
"WASP-83 b",95.34900000,11.65736000,4.97125200000,1120.00,1.110000,1.050000,5510.00
"Kepler-980 b",,2.67000000,11.55102504000,,1.050000,1.060000,5935.00
"K2-72 d",,1.01000000,7.76017800000,,0.271365,0.330989,3360.47
"K2-414 c",,1.92870000,6.66900000000,,0.814000,0.732000,4343.00
"TOI-3364 b",530.77343969,12.22899794,5.87689180000,1264.00,1.186000,1.419000,5706.00
"Kepler-570 b",,2.45000000,4.30166200300,,0.930000,0.900000,5496.00
"TOI-480 b",20.80000000,2.85372018,6.86619600000,1198.94,1.279300,1.487700,6174.00
"Kepler-1601 b",,0.82000000,2.20921951000,,1.040000,1.070000,5869.00
"Kepler-1881 b",,2.98104391,159.39399720000,,0.812000,0.874000,5135.00
"K2-374 b",,1.59300000,4.52195300000,,0.731000,0.907000,5789.00
"TOI-2818 b",225.65816897,15.27784069,4.03970900000,1376.00,0.977000,1.229000,5721.00
"Kepler-1162 b",,2.21000000,32.56370690000,,0.890000,0.840000,5390.00
"TIC 67686059 b",,2.59125922,3.52163529551,,,0.820458,5090.09
"Kepler-155 c",,2.24000000,52.66179300000,,,0.620000,4508.00
"TOI-201 b",164.00000000,11.40000000,52.97860000000,,1.320000,1.310000,6423.00
"K2-86 b",,1.96000000,8.77683000000,,0.790000,0.760000,5482.00
"Kepler-907 b",,1.20000000,15.86621821000,,1.080000,1.380000,6106.00
"Kepler-20 e",0.76000000,0.82100000,6.09848820000,1004.00,0.929000,0.916400,5495.00
"Kepler-28 b",1.63000000,1.95900000,5.91000000000,,0.684000,0.664000,4499.30
"Kepler-1894 b",,1.20117759,2.76266002700,,0.999000,0.901000,5772.00
"Kepler-265 b",,1.86000000,6.84626200000,,,1.103000,5835.00
"Kepler-253 b",,1.63000000,3.78398600000,,,0.786000,5208.00
"EPIC 201238110 b",,1.87000000,28.16560000000,,0.410000,,
"TOI-216.01",177.98390792,10.10000000,34.52552800000,,0.770000,0.748000,
"HAT-P-51 b",97.57332095,13.50682174,4.21802091000,1168.20,0.961000,0.995000,5453.00
"TOI-5882 b",6995.40323807,11.46678726,7.14897200000,1515.00,1.334000,2.260000,5920.00
"Kepler-780 b",,0.89000000,0.67737516400,,1.010000,1.020000,5769.00
"Kepler-927 b",,1.72000000,9.11499030000,,0.990000,0.990000,5743.00
"Kepler-391 b",1100.00000000,2.50000000,7.41750000000,930.00,1.270000,2.879000,5038.00
"TOI-521 b",5.30000000,1.98000000,1.54285047000,794.00,0.420000,0.421000,3544.00
"Kepler-63 b",120.00000000,6.11000000,9.43415050000,,0.984000,0.901000,5576.00
"Kepler-1792 b",,2.51990972,4.19577980000,,0.878000,1.005000,5229.00
"Kepler-885 b",,2.50000000,18.11472949000,,1.210000,1.350000,6187.00
"Kepler-378 c",,0.70000000,28.90600900000,,,0.671000,4661.00
"Kepler-1289 b",,1.52000000,7.99019627000,,1.100000,1.170000,6080.00
"Kepler-720 b",,8.41000000,4.70832654200,,0.950000,0.920000,5618.00
"HD 110082 b",,3.20000000,10.18271000000,,1.210000,1.190000,6200.00
"HIP 65426 b",2860.47000000,16.81350000,,1500.00,1.960000,1.770000,8840.00
"HD 28109 d",5.80000000,3.11000000,84.28990000000,561.00,1.227000,1.425000,6189.00
"HD 109833 c",,2.59000000,13.90014800000,,1.080000,1.000000,5881.00
"Kepler-302 c",,12.45000000,127.28218400000,,,1.220000,5740.00
"HD 191939 b",10.00000000,3.41000000,8.88032560000,880.00,0.810000,0.940000,5348.00
"K2-55 b",44.00000000,4.43000000,2.84927100000,900.00,0.688000,0.715000,4300.00
"Kepler-235 d",,2.05000000,20.06054800000,,,0.554000,4255.00
"Kepler-1085 b",,7.22000000,219.32175280000,,1.110000,1.140000,6000.00
"Kepler-1680 b",,1.35954736,8.77424000000,,0.834000,0.723259,5021.00
"Kepler-963 c",,0.60000000,0.91978300000,,0.821000,0.928000,5169.47
"Kepler-208 d",,1.20000000,11.13178600000,,,1.314000,6092.00
"Kepler-108 c",,8.18000000,190.32349400000,,,2.192000,5854.00
"Kepler-1823 b",,2.08612680,21.10339928000,,1.068000,1.126000,6000.00
"Kepler-1979 b",,29.33000000,18.50845260000,683.00,1.028000,0.938000,5942.00
"Kepler-1409 b",,1.04000000,0.76486492600,,0.830000,0.790000,5160.00
"Kepler-1573 b",,1.20000000,2.61575540000,,1.010000,1.000000,5808.00
"TOI-1453 c",2.95000000,2.22400000,6.58869820000,819.80,0.715000,0.720000,4975.00
"Kepler-769 b",,2.92000000,7.42608998000,,1.190000,1.280000,6186.00
"K2-50 b",,1.59000000,8.75290000000,,0.611000,0.546000,4326.00
"Kepler-1467 b",,3.30000000,47.05690430000,,0.860000,0.820000,5332.00
"Kepler-323 c",6.80000000,1.57000000,3.55382290000,1431.00,1.015000,1.120000,6004.00
"Kepler-1142 b",,1.47000000,18.30272480000,,0.970000,0.960000,5685.00
"K2-417 b",699.22249540,3.31000000,6.53500000000,558.00,0.569000,0.577600,3861.00
"HD 89345 b",34.96130000,7.39794000,11.81430000000,1089.00,1.157000,1.747000,5576.00
"Kepler-24 d",,1.67000000,4.24438400000,,,1.289000,5897.00
"Kepler-306 b",,1.52000000,4.64618600000,,,0.719000,4954.00
"EPIC 212737443 c",,2.69000000,65.55000000000,316.00,0.690000,0.673000,4684.00
"Kepler-316 b",,1.06000000,2.24050800000,,,0.520000,4204.00
"Kepler-598 b",,1.50000000,3.70175428000,,0.870000,0.860000,5307.00
"K2-197 b",,2.56000000,8.35788100000,848.00,1.000000,0.930000,5667.00
"TOI-3682 b",69.28659273,12.80065596,3.34624060000,1657.00,1.320000,1.735000,5703.00
"K2-15 b",,2.48000000,11.81040000000,676.00,0.720000,0.680000,5131.00
"HD 183579 b",20.40000000,3.49000000,17.47129100000,752.00,0.996000,0.960000,5784.00
"WASP-60 b",174.80650000,9.86392000,4.30500000000,,1.190000,1.170000,5900.00
"Kepler-1902 b",,1.17563613,3.82222008700,,0.520000,0.514000,3729.00
"Kepler-1957 b",,0.94374867,2.18661999700,,0.745000,0.772000,4904.00
"Kepler-301 b",,1.35000000,2.50855300000,,,0.900000,5815.00
"TIC 18942729 b",,2.00021315,0.99817838064,,,0.825257,4360.11
"TOI-1937 A b",638.83509807,13.97759893,0.94667944000,2097.00,1.072000,1.080000,5814.00
"KOI-1843.03",8.00000000,0.61000000,0.17689130000,,0.460000,0.450000,3584.00
"WASP-129 b",317.83000000,10.42437000,5.74814500000,1100.00,1.000000,0.900000,5900.00
"Kepler-1380 b",,1.43000000,10.31082450000,,0.960000,0.940000,5570.00
"Kepler-1430 b",,1.18000000,2.46050993000,,0.770000,0.720000,4796.00
"K2-330 b",,2.77000000,13.77479800000,969.00,1.230000,1.500000,6232.00
"Kepler-251 e",,2.77000000,99.64016100000,,,0.890000,5526.00
"Kepler-543 b",,2.50000000,13.89961966000,,0.700000,0.670000,4671.00
"Kepler-1267 b",,3.01000000,13.03139450000,,1.150000,1.200000,6096.00
"K2-317 b",,2.93000000,6.22000000000,432.00,0.403000,0.379000,3387.00
"Kepler-116 c",,2.30000000,13.07163000000,,,1.454000,6142.00
"Kepler-4 b",24.47200000,4.00200000,3.21346000000,1650.00,1.223000,1.487000,5857.00
"K2-74 b",,2.31000000,19.56660000000,,0.960000,0.980000,6060.00
"Kepler-1674 b",,3.20577490,62.56110000000,,0.960000,0.877273,5473.91
"Kepler-97 b",3.51000000,1.48000000,2.58664000000,,0.940000,0.980000,5779.00
"Kepler-457 d",,2.98467257,10.69060040000,,1.148000,1.242000,6474.00
"TOI-1683.01",,2.63820000,3.05753560000,929.25,0.694661,0.700000,4402.00
"K2-368 c",,1.36100000,9.66018600000,,0.746000,0.663000,4663.00
"NGTS-30 b",305.11527072,10.40193409,98.29838000000,500.00,0.940000,0.913000,5455.00
"Kepler-219 d",,2.81000000,47.90364500000,,,1.491000,5786.00
"Kepler-673 b",,6.54000000,3.72873109300,,0.880000,0.840000,5355.00
"K2-158 b",,2.64000000,10.06049000000,794.00,0.920000,0.950000,5503.00
"K2-276 b",,3.77000000,18.71826900000,583.00,0.820000,0.850000,5139.00
"Kepler-1990 c",,0.98000000,4.06844957000,1170.00,1.028000,1.071000,5751.00
"Kepler-680 b",,2.42000000,3.68992629100,,1.080000,1.110000,5890.00
"Kepler-1293 b",,0.97000000,5.57654784000,,1.180000,1.280000,6241.00
"Kepler-571 b",,2.64000000,4.79859938800,,0.930000,0.900000,5527.00
"TOI-2518 b",,2.26838675,6.89797425216,,,0.993374,5751.20
"WISPIT 2 c",3178.28407000,17.93436912,,2050.00,,1.300000,4530.00
"K2-3 c",2.68000000,1.58200000,24.64672900000,371.80,0.549000,0.546000,3844.00
"Kepler-489 b",,7.72000000,17.27629611900,,0.820000,0.760000,5014.00
"HD 219134 b",4.74000000,1.60200000,3.09292600000,1015.00,0.810000,0.778000,4699.00
"Kepler-1872 b",,2.38421141,3.82591009100,,0.913000,0.885000,5223.00
"TOI-4561 b",,1.77789214,8.93547936706,,,0.851957,5537.93
"Kepler-1733 b",,3.63582354,9.22957992600,,1.273000,1.252000,6320.00
"Kepler-1478 b",,1.73000000,26.08405940000,,1.040000,1.060000,5904.00
"TOI-892 b",301.93850000,11.99363000,10.62656000000,1397.00,1.280000,1.390000,6261.00
"Kepler-1534 b",,1.89000000,5.71668872000,,0.900000,0.860000,5442.00
"Kepler-1254 c",,1.30000000,3.60084276000,,0.780000,0.750000,4985.00
"Kepler-1277 b",,1.60000000,40.83650120000,,0.940000,0.920000,5578.00
"Kepler-334 c",,1.43000000,12.75800500000,,,1.068000,5828.00
"Kepler-394 d",,1.50066814,5.61358022700,,1.141000,1.101000,6398.00
"EPIC 220554210 c",,1.60000000,0.70531000000,,,1.000000,5499.00
"Kepler-1490 b",,3.04000000,92.43629730000,,0.900000,0.870000,5515.00
"K2-389 c",,2.04000000,20.85133700000,,0.802000,1.084000,5782.00
"Kepler-1245 b",,1.44000000,4.35409304000,,0.860000,0.830000,5306.00
"Kepler-1010 b",,2.32000000,34.26857050000,,0.860000,0.820000,5253.00
"K2-175 b",,2.03803688,9.52598800000,,1.094693,1.420038,5909.00
"TOI-813 b",,6.71000000,83.89110000000,610.00,1.320000,1.940000,5907.00
"GJ 1252 b",1.32000000,1.19300000,0.51823310000,,0.381000,0.391000,3458.00
"Kepler-258 b",,4.06000000,13.19722000000,,,0.915000,4942.00
"Kepler-480 b",,2.78000000,4.91958379500,,1.250000,1.340000,6322.00
"Kepler-351 d",,2.72000000,142.54424700000,,0.810000,0.780000,5225.00
"Kepler-1810 b",,3.91815325,101.13300320000,,0.921000,1.016000,5492.00
"Kepler-11 b",1.90000000,1.80000000,10.30390000000,,0.961000,1.065000,5663.00
"Kepler-1207 b",,1.62000000,13.68237119000,,1.060000,1.060000,5909.00
"TOI-4940 b",89.00000000,6.61000000,25.86781100000,643.00,1.012000,1.163000,5504.00
"EPIC 249893012 d",10.18000000,3.94000000,35.74700000000,752.00,1.050000,1.710000,5430.00
"Kepler-339 c",,1.15000000,6.98805500000,,,0.802000,5631.00
"SPECULOOS-3 b",,0.97700000,0.71912603000,553.00,0.100900,0.123000,2800.00
"Kepler-165 b",,2.32000000,8.18084800000,,,0.770000,5211.00
"Kepler-421 b",,4.16000000,704.19840000000,185.00,0.794000,0.757000,5308.00
"HATS-15 b",689.69110000,12.38594500,1.74748753000,1505.00,0.871000,0.922000,5311.00
"WASP-33 b",665.21819000,17.85593700,1.21987000000,2781.70,1.495000,1.444000,7430.00
"NGTS-1 b",258.07796000,14.90797000,2.64729800000,790.00,0.617000,0.573000,3916.00
"Kepler-783 c",,2.33153725,7.05395000000,,0.940000,0.872088,5411.49
"TOI-1470 b",7.32000000,2.18000000,2.52709300000,734.00,0.471000,0.469000,3709.00
"K2-343 b",,1.65000000,2.78717400000,653.00,0.490000,0.460000,3804.00
"K2-80 d",,2.55211506,28.86725300000,,0.913111,0.841458,5377.00
"Kepler-763 c",,1.42000000,4.09667624000,938.00,0.800000,0.843000,4999.00
"Kepler-649 b",,2.26000000,29.90722674000,,0.970000,0.940000,5871.00
"Kepler-1264 b",,1.18000000,0.96852602300,,0.990000,0.980000,5791.00
"Kepler-374 b",,1.03000000,1.89780600000,,,0.911000,5977.00
"Kepler-1825 b",,1.42200732,1.02586996600,,0.828000,0.847000,5123.00
"HD 28109 c",9.20000000,4.13000000,55.99712000000,643.00,1.227000,1.425000,6189.00
"TOI-1860 b",,1.31000000,1.06621070000,1885.00,0.990000,0.940000,5752.00
"Kepler-309 c",,2.51000000,105.35638300000,,,0.721000,4713.00
"TOI-1011 b",4.04000000,1.45000000,2.47049800000,,0.910000,0.920000,5475.00
"NGTS-32 b",181.16219199,15.91675259,3.31211000000,1750.00,1.070000,1.850000,5680.00
"K2-178 b",,3.55790985,8.74781800000,,0.951090,0.887267,5525.00
"Kepler-1232 b",,1.93000000,26.78391830000,,0.920000,0.890000,5471.00
"Kepler-124 b",,0.73000000,3.41049300000,,,0.636000,4984.00
"Kepler-1269 b",,1.63000000,37.33315360000,,1.100000,1.150000,5998.00
"Kepler-121 c",,2.27000000,41.00801100000,,,0.701000,5311.00
"Kepler-285 c",,1.12000000,6.18667600000,,,0.808000,5411.00
"Kepler-49 d",,1.60000000,2.57654900000,,,0.559000,4252.00
"TOI-938 b",,4.82401567,8.80733882211,,,0.985134,5829.42
"WASP-182 b",47.03884000,9.52765000,3.37698480000,1479.00,1.076000,1.340000,5638.00
"HAT-P-47 b",65.47265184,14.71739166,4.73217441000,1605.00,1.387000,1.515000,6703.00
"WASP-183 b",159.55066000,16.47723000,4.11177710000,1111.00,0.784000,0.871000,5313.00
"Kepler-798 b",,2.39000000,13.71933369000,,1.190000,1.290000,6224.00
"Kepler-1732 b",,4.09903273,32.31240082000,,1.043000,1.494000,5821.00
"WASP-45 b",306.38812000,10.60371400,3.12608900000,1153.00,0.850000,0.855000,5150.00
"K2-407 c",,1.36000000,9.22453000000,,0.881000,0.927000,5563.00
"Kepler-868 b",,2.05000000,5.03251791000,,0.930000,0.890000,5614.00
"K2-345 b",,2.11000000,10.36743700000,437.00,0.560000,0.520000,3779.00
"Kepler-1871 b",,2.42172881,1.95270001900,,1.020000,0.946000,5741.00
"HATS-8 b",43.86054000,9.78545700,3.58389300000,1324.00,1.056000,1.086000,5679.00
"Kepler-1105 b",,2.01000000,4.42157218200,,0.710000,0.680000,4299.00
"OGLE-TR-56 b",441.77000000,15.27800000,1.21191890000,2212.00,1.228000,1.363000,6050.00
"Qatar-6 b",212.31044000,11.90395800,3.50619500000,1006.00,0.822000,0.722000,5052.00
"Kepler-177 c",14.70000000,8.73000000,49.40926000000,,0.921000,1.324000,5732.00
"Kepler-789 b",,2.12000000,8.63847725000,,1.010000,1.020000,5870.00
"Kepler-401 c",,2.15000000,47.31821800000,,,1.333000,6117.00
"Kepler-759 b",,2.27000000,41.80598500000,,1.040000,1.040000,5860.00
"Kepler-465 b",,2.95000000,9.94067246600,,1.230000,1.290000,6310.00
"Kepler-1369 b",,2.69000000,25.87314800000,,0.990000,0.990000,5761.00
"Kepler-1276 b",,1.19000000,12.57200950000,,1.140000,1.210000,6188.00
"Kepler-694 b",,2.80000000,6.36584161200,,0.970000,0.950000,5700.00
"Kepler-1042 b",,2.19000000,10.13202575000,,0.750000,0.720000,4815.00
"TOI-1820 b",731.00533610,12.77823800,4.86067400000,1375.00,1.040000,1.510000,5734.00
"TOI-3664 b",114.41822652,13.69737442,3.29748390000,1232.00,0.980000,1.110000,5593.00
"Kepler-1734 b",,3.08851092,6.79685020400,,1.050000,0.970000,6061.00
"Kepler-1406 b",,1.10000000,11.62905828000,,1.050000,1.120000,5892.00
"Kepler-282 c",,1.20000000,13.63872300000,,,0.904000,5602.00
"Kepler-449 c",,2.76400000,33.67270000000,,,,5649.18
"Kepler-336 b",,1.02000000,2.02482300000,,,1.304000,5867.00
"K2-183 c",,2.30000000,10.78799200000,,,0.870000,5482.00
"Kepler-786 b",,2.43000000,53.52934870000,,0.810000,0.740000,4838.00
"Kepler-553 b",116.00736855,4.74139884,4.03046700000,1089.00,0.889000,0.902000,5191.00
"Kepler-1799 b",,4.12801189,11.92969990000,,1.016000,0.921000,5831.00
"Kepler-1498 b",,1.33000000,48.05140500000,,0.860000,0.810000,5256.00
"Kepler-1315 c",,1.84398883,6.56606006600,,0.809000,0.856000,4818.00
"Kepler-1392 b",,1.96000000,15.14103970000,,0.880000,0.850000,5479.00
"K2-73 b",9.20000000,2.58000000,7.49556000000,968.00,1.020000,1.058000,5867.00
"Kepler-604 b",,2.59000000,25.85501786000,,1.020000,1.030000,5890.00
"K2-389 b",,2.33000000,8.58289000000,932.00,0.990000,1.094000,5773.00
"HAT-P-19 b",88.03846874,11.29865255,4.00878322000,981.20,0.807000,0.773000,4962.00
"HD 63433 b",21.75500000,2.14000000,7.10794750000,967.11,0.956000,0.934000,5553.00
"TOI-1853 b",73.20000000,3.46000000,1.24362580000,1479.00,0.837000,0.808000,4985.00
"K2-248 b",,2.57000000,7.17256000000,886.00,0.880000,0.920000,5528.00
"K2-354 b",,1.56000000,3.79330600000,543.00,0.430000,0.410000,3669.00
"K2-84 c",,2.03000000,27.86000000000,,0.950000,0.930000,5652.00
"TOI-4551 b",473.56432643,11.85910158,9.95581000000,,1.310000,3.550000,4896.00
"Kepler-326 d",,1.21000000,6.76688800000,,,0.801000,5105.00
"Kepler-735 b",,2.95000000,11.51516988000,,0.850000,0.800000,5107.00
"Kepler-923 b",,1.38000000,6.93366476000,,1.110000,1.260000,5988.00
"HAT-P-43 b",,13.63000000,3.33264140000,1353.00,1.030000,1.080000,5693.00
"WASP-101 b",162.09330000,16.02887000,3.58572000000,,1.410000,1.310000,6380.00
"Kepler-255 c",,2.99000000,9.94604700000,,,0.933000,5573.00
"Kepler-872 b",,1.99000000,2.57885506800,,1.050000,1.080000,5902.00
"TOI-1758 b",,3.62000000,20.70507468500,,0.880000,0.810000,5169.00
"TOI-5704 b",,3.22740000,3.77111600000,949.07,0.730000,0.757500,4590.00
"Kepler-981 b",,2.31000000,4.46975773600,,0.980000,0.960000,5718.00
"Kepler-1332 b",,1.37000000,11.87456832000,,0.950000,0.900000,5581.00
"KELT-2 A b",540.31100000,15.13215000,4.11379000000,,1.540000,1.930000,6327.00
"Kepler-250 b",,1.13000000,4.14814100000,,,0.805000,5160.00
"Kepler-886 b",,1.52000000,6.24146367000,,1.100000,1.160000,6098.00
"Kepler-1195 b",,2.08000000,8.49642241000,,0.740000,0.710000,4965.00
"Kepler-668 b",,2.70000000,8.35390639000,,0.870000,0.820000,5352.00
"Kepler-1610 b",,1.61000000,8.70181574000,,0.910000,0.870000,5383.00
"TOI-5592 b",285.72773789,17.14974047,2.60858460000,1789.00,1.194000,1.393000,6237.00
"KIC 9663113 b",,4.60000000,572.38470000000,,0.980000,1.030000,6065.00
"Kepler-734 b",,3.56000000,6.10485285600,,0.850000,0.780000,5326.00
"K2-199 b",6.90000000,1.73000000,3.22539930000,913.00,0.711000,0.682000,4491.00
"Kepler-1125 b",,1.84000000,17.67006420000,,0.950000,0.940000,5683.00
"Kepler-112 b",,2.36000000,8.40887800000,,,0.841000,5544.00
"TOI-2338 b",1900.61387386,11.20898070,22.65398000000,799.00,0.990000,1.050000,5581.00
"Kepler-249 b",,1.09000000,3.30653900000,,,0.482000,3568.00
"Kepler-241 c",,2.57000000,36.06597800000,,,0.668000,4699.00
"TIC 38828280 b",,2.62701629,4.85558984762,,,0.741147,5046.63
"K2-374 c",,2.21300000,16.43445000000,,0.731000,0.907000,5789.00
"Kepler-221 b",,1.71000000,2.79590600000,,,0.821000,5243.00
"Kepler-1000 b",,4.76000000,120.01812720000,,1.400000,1.510000,6453.00
"Kepler-1767 b",,3.01299077,59.65829849000,,0.887000,0.831000,5243.00
"Kepler-1639 b",,2.58000000,9.87848200000,,1.120000,1.180000,6150.00
"Kepler-246 c",,1.50000000,11.18716100000,,,0.831000,5206.00
"Kepler-40 b",699.20000000,13.11000000,6.87349000000,1620.00,1.480000,2.130000,6510.00
"TIC 434398831 b",,3.51000000,3.68550400000,1250.00,0.992000,0.909000,5638.00
"TOI-5624 d",4.90000000,3.58400000,13.73146800000,712.60,0.858000,0.820000,5327.00
"Kepler-54 d",,1.53000000,20.99569400000,,,0.554000,4252.00
"TOI-2449 b",222.00000000,11.24000000,106.14468000000,400.00,1.079000,1.065000,6021.00
"TIC 142589416 b",,2.67899519,2.09518466313,,,0.713832,4396.27
"Kepler-101 b",51.10000000,5.77000000,3.48768120000,1513.00,1.170000,1.560000,5667.00
"Kepler-195 b",,2.03000000,8.30787200000,,,0.775000,5329.00
"Kepler-727 b",,2.53000000,5.15448441700,,0.890000,0.860000,5441.00
"Kepler-763 b",,1.22000000,1.19655156000,,0.840000,0.800000,5166.00
"TOI-954 b",55.30242000,9.55006800,3.68497290000,1526.00,1.201000,1.892000,5710.00
"HD 95338 b",,4.27174254,55.08269400000,,0.848000,0.868000,5097.00
"Kepler-928 b",,1.59000000,3.93246130200,,0.730000,0.700000,4700.00
"TOI-7155 b",,2.40821473,3.89489711981,,,0.670748,4673.03
"Kepler-1879 b",,2.06512018,10.61340046000,,1.023000,1.388000,5865.00
"TOI-6223 b",,5.07000000,3.85521900000,714.00,0.582000,0.576000,3895.00
"Kepler-1295 b",,1.55000000,3.81371974000,,0.920000,0.890000,5486.00
"Kepler-1319 b",,1.34000000,2.88676264500,,0.560000,0.540000,3655.00
"WASP-154 b",198.96058278,10.76062147,3.81167800000,994.00,0.800000,0.823000,4774.00
"K2-126 b",,1.97000000,7.38565500000,601.00,0.690000,0.650000,4339.00
"Kepler-49 c",8.38000000,2.44400000,10.91000000000,,0.607000,0.618000,4095.60
"Kepler-1536 b",,3.14000000,364.75803100000,,0.710000,0.670000,4434.00
"TOI-1669 c",13.00000000,2.29639770,2.68005350000,1285.16,0.986700,1.056100,5497.00
"Kepler-729 b",,3.58000000,3.16635371400,,0.940000,0.910000,5633.00
"Kepler-1669 d",,1.22000000,4.72941177000,669.00,0.609000,0.603000,4224.00
"TOI-3023 b",197.05361234,16.43236571,3.90149710000,1596.00,1.120000,1.668000,5760.00
"K2-110 b",15.90000000,2.59200000,13.86375000000,638.00,0.738000,0.713000,5010.00
"K2-46 b",,2.05000000,19.15410000000,,0.960000,1.290000,6256.00
"HAT-P-63 b",195.14664190,12.54284940,3.37772800000,1237.00,0.925000,0.966100,5400.00
"Kepler-967 b",,2.35000000,13.22713379000,,0.840000,0.800000,5178.00
"Kepler-292 b",,1.32000000,2.58082700000,,,0.826000,5299.00
"Kepler-245 d",,3.03000000,36.27710800000,,,0.795000,5100.00
"Kepler-180 b",,1.50000000,13.81712400000,,,1.063000,5731.00
"Kepler-1632 b",,2.47000000,448.30355800000,,1.120000,1.190000,6137.00
"Kepler-101 c",3.78000000,1.25000000,6.02976000000,1413.00,1.170000,1.560000,5667.00
"K2-231 b",,2.50000000,13.84190100000,,1.010000,0.950000,5695.00
"WASP-144 b",139.84520000,9.52765000,2.27831520000,1260.00,0.810000,0.810000,5200.00
"TIC 88692598 b",,1.81295951,2.64909436758,,,0.532473,3483.17
"Kepler-848 b",,1.70000000,6.91134416000,,1.010000,1.200000,5695.00
"Kepler-1942 b",,2.11702870,4.62604999500,,0.852000,0.797000,5834.00
"Kepler-228 c",,2.70000000,4.13444400000,,,1.014000,6043.00
"Kepler-975 c",,10.69000000,5.05821338000,1168.00,0.951000,1.667000,4883.00
"Kepler-358 b",,2.72000000,34.06046700000,,,0.954000,5908.00
"Kepler-625 b",,1.99000000,7.75192492000,,1.040000,0.960000,5789.00
"Kepler-1914 b",,2.94298030,30.82789993000,,1.047000,0.960000,5982.00
"K2-369 b",,1.31300000,5.76161200000,,0.735000,0.881000,5682.00
"Kepler-1665 b",,2.83910787,11.95480000000,,0.842000,0.777785,5049.84
"K2-233 c",4.60000000,1.27200000,7.06024000000,794.00,0.790000,0.710000,4796.00
"Kepler-1364 b",,2.15000000,13.32196237000,,1.490000,1.790000,6805.00
"Kepler-1008 b",,1.28000000,12.43931193000,,0.810000,0.780000,5066.00
"Kepler-1108 b",,1.46000000,4.51005748000,,0.880000,0.840000,5406.00
"Kepler-1818 b",,1.71360684,4.64490985900,,1.021000,1.129000,6047.00
"Kepler-229 b",,2.20000000,6.25297200000,,,0.728000,5120.00
"Kepler-1187 b",,2.61000000,18.87064068000,,1.060000,1.090000,5975.00
"Kepler-606 b",,3.31000000,24.31575992000,,1.130000,1.220000,6161.00
"Kepler-126 c",,1.58000000,21.86974100000,,,1.358000,6239.00
"Kepler-1763 b",,1.14651332,1.48028004200,,1.026000,1.259000,5897.00
"Kepler-264 c",,2.83000000,140.10126100000,,,1.550000,6158.00
"Kepler-879 c",,0.40000000,0.64671600000,,0.974000,1.022000,5456.75
"HIP 113103 b",,1.82900000,7.61030300000,721.00,0.761000,0.742000,4930.00
"K2-266 d",8.90000000,2.93000000,14.69700000000,538.30,0.686000,0.703000,4285.00
"Kepler-402 c",,1.56000000,6.12482100000,,,1.264000,6090.00
"Kepler-182 c",,3.43000000,20.68434200000,,,1.146000,6250.00
"TOI-3540 A b",375.03752026,23.53885947,3.11999900000,1498.00,1.081000,1.228000,5810.00
"WASP-168 b",133.48860000,16.81350000,4.15365800000,1340.00,1.080000,1.120000,6000.00
"Kepler-452 b",,1.63000000,384.84300000000,265.00,1.037000,1.110000,5757.00
"Kepler-1190 b",,1.33000000,10.45843441000,,0.760000,0.720000,4730.00
"Kepler-1013 b",,2.15000000,18.93054959000,,0.810000,0.760000,4954.00
"TIC 24750448 b",,2.43722231,3.59159193029,,,0.713599,4545.43
"K2-138 d",7.92000000,2.39000000,5.40479000000,,0.935000,0.863000,5356.30
"HATS-29 b",207.54299000,14.02245900,4.60587490000,1212.00,1.032000,1.073000,5670.00
"Kepler-165 c",,2.23000000,15.31299000000,,,0.770000,5211.00
"Kepler-105 c",5.60000000,1.44000000,7.12592000000,,0.991000,1.026000,5933.00
"Kepler-367 b",,1.30000000,37.81572400000,,,0.695000,4710.00
"Kepler-1054 b",,2.63000000,4.30655689000,,1.220000,1.340000,6209.00
"Kepler-1725 b",,2.81251770,16.71990013000,,1.049000,1.085000,6020.00
"K2-45 b",,6.71000000,1.72926840000,,0.503000,0.445000,4103.00
"Kepler-1426 b",,1.56000000,14.25632270000,,1.020000,1.020000,5831.00
"Kepler-1754 b",,2.43996509,8.19594955400,,0.734000,0.747000,4723.00
"TOI-150.01",797.75330000,14.06729500,5.85748700000,1404.50,1.351000,1.526000,6255.00
"Wendelstein-1 b",188.15536000,11.56096260,2.66341600000,2198.00,0.650000,0.610000,4251.00
"TOI-904 c",,2.16700000,83.99970000000,217.26,0.557000,0.527000,3770.20
"Kepler-1907 b",,0.86973029,5.65245008500,,0.752000,0.800000,5159.00
"Kepler-491 b",,8.92000000,4.22538451200,,1.040000,1.030000,5582.00
"Kepler-992 b",,1.62000000,20.16034462000,,0.800000,0.740000,4944.00
"Kepler-667 b",,4.73000000,41.43962808000,,0.910000,0.870000,5327.00
"Kepler-404 b",,1.27000000,11.82985100000,,,0.884000,5654.00
"Kepler-1213 b",,1.19000000,5.34982412000,,1.140000,1.210000,6050.00
"Kepler-1043 b",,2.55000000,38.50533980000,,0.920000,0.900000,5629.00
"TOI-4377 b",304.16178550,15.10970598,4.37808100000,,1.360000,3.520000,4974.00
"Kepler-985 b",,2.98000000,116.33190100000,,0.910000,0.850000,5434.00
"CoRoT-21 b",718.29580000,14.57170000,2.72474000000,,1.290000,1.950000,6200.00
"TOI-4201 b",788.21444936,13.67495645,3.58191940000,725.00,0.610000,0.630000,3794.00
"K2-167 b",,2.36509493,9.97854100000,1220.00,1.084000,1.499000,6310.00
"Kepler-304 c",,2.17000000,5.31594600000,,,0.687000,4731.00
"Kepler-1524 b",,3.54000000,70.96746030000,,1.170000,1.250000,6179.00
"Kepler-1840 b",,2.77771129,131.19000240000,,0.774000,0.803000,4898.00
"Kepler-1074 b",,1.25000000,5.94566534000,,0.600000,0.570000,4002.00
"K2-393 b",,2.35200000,10.41318100000,,0.881000,1.071000,5678.00
"Kepler-314 c",,2.90000000,5.96039200000,,,0.950000,5378.00
"Kepler-1476 b",,1.67000000,10.35863224000,,0.980000,0.960000,5663.00
"Kepler-316 c",,1.16000000,6.82776600000,,,0.520000,4204.00
"Kepler-1677 b",,2.70216183,22.06400000000,,1.110000,1.249590,6013.72
"Kepler-219 c",,3.58000000,22.71461300000,,,1.491000,5786.00
"K2-331 b",,1.79000000,9.39897700000,909.00,1.100000,1.060000,5994.00
"K2-338 b",,1.03000000,3.85061400000,783.00,0.660000,0.630000,4558.00
"WASP-132 c",6.26000000,1.84100000,1.01153624000,1329.00,0.789000,0.758000,4686.00
"K2-199 c",12.40000000,2.85000000,7.37448970000,694.00,0.711000,0.682000,4491.00
"TOI-1346 c",,2.23000000,5.50255800000,928.00,0.820000,0.780000,5099.00
"K2-89 b",,0.61500000,1.09602600000,,0.347000,0.318000,3691.00
"HD 28109 b",6.20000000,2.69000000,22.89105400000,867.00,1.227000,1.425000,6189.00
"Kepler-409 b",6.00000000,1.19900000,68.95832160000,438.00,0.913000,0.897000,5421.00
"Kepler-793 b",,1.37000000,4.24153639000,,0.980000,0.970000,5745.00
"Kepler-1084 b",,1.11000000,2.05333679000,,1.120000,1.280000,6113.00
"Kepler-1910 b",,1.18400000,5.68876981700,,0.636000,0.639000,4234.00
"Kepler-9 c",29.90000000,8.08000000,38.98530000000,,1.022000,0.958000,5774.00
"Kepler-261 c",,2.00000000,24.57085800000,,,0.794000,5098.00
"K2-198 c",,1.42300000,3.35960550000,1229.90,0.799000,0.757000,5212.90
"Kepler-54 b",,2.10000000,8.01094340000,,0.510000,0.500000,3705.00
"TOI-2088 b",37.00000000,3.68311790,124.72997000000,300.33,0.902700,0.848100,5081.00
"Kepler-951 b",,5.59000000,71.52530845000,,0.770000,0.730000,4834.00
"HD 17156 b",1036.12060682,12.26262489,21.21642940000,888.00,1.285000,1.517000,6046.00
"Kepler-1385 b",,0.85000000,2.88879862000,,1.150000,1.290000,5732.00
"Kepler-279 b",,3.62000000,12.30968100000,,,1.746000,6363.00
"K2-206 b",,2.79522879,18.29454900000,,0.789481,0.758046,5043.00
"Kepler-1451 b",,3.35000000,35.62223300000,,1.000000,0.990000,5782.00
"TOI-1753 b",16.60000000,2.47852533,5.38461040000,1005.43,0.948300,0.971500,5621.00
"Kepler-689 b",,2.89000000,22.36656079000,,0.910000,0.880000,5518.00
"Kepler-118 c",,7.68000000,20.17202000000,,,1.094000,5274.00
"Kepler-96 b",8.46000000,2.67000000,16.23850000000,,1.000000,1.020000,5690.00
"WASP-58 b",308.29510000,16.02887000,5.01718000000,,1.060000,1.220000,5800.00
"TOI-1174 b",,2.56200000,8.95348768300,,0.850000,0.760000,5030.00
"HD 135344 A b",3178.28407000,16.25302201,,1585.00,,1.500000,9540.00
"Kepler-1944 b",,2.75971163,9.84257984200,,1.064000,0.972000,5585.00
"Kepler-123 b",,2.94000000,17.23236600000,,,1.264000,6089.00
"TIC 257060897 b",201.50321004,17.26183028,3.66003639000,1775.00,1.187000,1.863000,5993.00
"Kepler-1200 b",,1.06000000,1.11854971700,,0.740000,0.700000,4612.00
"Kepler-107 e",14.10000000,2.90300000,14.74914300000,955.00,1.238000,1.447000,5854.00
"K2-223 c",,1.50000000,4.56254600000,,,1.000000,5859.00
"Kepler-1566 b",,0.79000000,0.53991523800,,0.840000,0.810000,5254.00
"Kepler-462 c",6.00000000,4.00000000,207.62000000000,,1.590000,1.570000,7500.00
"HATS-61 b",1080.62200000,13.39475500,7.81795300000,1226.10,1.076000,1.664000,5542.00
"K2-365 b",,2.90600000,23.44817200000,,0.823000,1.051000,5561.00
"Kepler-1102 b",,2.66000000,51.32856230000,,0.960000,0.940000,5724.00
"Kepler-1699 b",,1.56671124,3.49082000000,,,,5575.53
"Kepler-1938 b",,1.82828927,13.06260014000,,0.646000,0.655000,4522.00
"Kepler-48 b",3.94000000,1.88000000,4.77800000000,,0.880000,0.890000,5194.00
"K2-224 c",,2.41000000,10.09489000000,764.00,0.910000,0.840000,5620.00
"Kepler-47 d",19.02000000,7.04000000,187.36600000000,,0.957000,0.936000,
"K2-293 b",,2.45000000,13.12250000000,750.00,0.958000,0.947000,5532.00
"K2-84 b",,2.41000000,6.42150000000,,0.950000,0.930000,5652.00
"Kepler-522 b",,6.91000000,38.58422849000,,1.540000,1.980000,6392.00
"Kepler-380 b",,1.19000000,3.93082100000,,,1.224000,6045.00
"Kepler-286 d",,1.33000000,5.91432300000,,,0.863000,5580.00
"Kepler-26 e",,2.41000000,46.82791500000,,,0.571000,4486.00
"Kepler-838 b",,2.73000000,15.74957994000,,0.980000,0.960000,5770.00
"TOI-1798.02",,1.46400000,0.43781182200,,0.870000,0.780000,5165.00
"Kepler-1755 b",,5.91688317,24.81209946000,,1.003000,0.921000,6086.00
"PDS 70 c",2383.71305250,22.19378179,,1054.00,0.982000,,4109.00
"Kepler-25 b",8.70000000,2.74800000,6.23829700000,,1.165000,1.316000,
"K2-189 b",,1.40300000,2.58812000000,1203.00,0.850000,0.879000,5442.00
"Kepler-1171 b",,2.56000000,1.44259224000,,1.580000,1.950000,7044.00
"Kepler-375 b",,1.45000000,12.12593400000,,,0.837000,5826.00
"Kepler-1457 b",,1.99000000,51.11102430000,,1.010000,1.010000,5866.00
"HR 858 b",3.55000000,2.00400000,3.58528700000,1552.00,1.204000,1.258000,6354.00
"Kepler-447 b",435.41000000,18.49000000,7.79430132000,,1.000000,1.050000,5493.00
"TOI-1386 b",45.80000000,6.21638650,25.84010000000,615.03,1.036300,1.023500,5735.00
"Kepler-548 b",,11.99000000,4.45419433800,,0.930000,0.900000,5535.00
"HD 224018 b",4.10000000,0.91000000,10.64130000000,968.00,1.013000,1.147000,5784.00
"Kepler-1452 b",,2.70000000,42.91375100000,,1.410000,2.060000,6101.00
"Kepler-1158 b",,2.34000000,13.53962930000,,1.410000,1.950000,6203.00
"Kepler-692 b",,3.11000000,21.81293494000,,0.900000,0.860000,5440.00
"Kepler-160 b",,1.71500000,4.30939700000,,,1.118000,5471.00
"WASP-4 b",381.39408840,15.12091496,1.33823099400,1653.00,0.899000,0.912000,
"K2-400 b",,1.16300000,3.86505300000,,0.374000,0.382000,3578.00
"Kepler-1159 b",,2.37000000,22.70816791000,,1.190000,1.280000,6217.00
"K2-63 c",,3.90000000,25.45560000000,,1.400000,1.630000,6771.00
"HAT-P-38 b",84.85700000,9.24700000,4.64038200000,1082.00,0.886000,0.923000,5330.00
"Kepler-158 b",,2.12000000,16.70918400000,,,0.624000,4623.00
"K2-229 c",,2.03000000,8.32727000000,750.00,0.870000,0.790000,5315.00
"Kepler-1370 c",,1.27000000,7.44142113000,,1.190000,1.290000,6202.00
"Qatar-3 b",1369.84730000,12.28506400,2.50792040000,1681.00,1.145000,1.272000,6007.00
"Kepler-1230 b",,2.71000000,9.95661537000,,1.060000,1.080000,5961.00
"TOI-5322 b",184.02264765,16.61170940,5.42332070000,1350.00,0.998000,1.462000,5692.00
"K2-146 c",7.49000000,2.19000000,4.00498000000,,0.331000,0.330000,3385.00
"TOI-1782.02",,1.83900000,1.82902422700,,0.680000,0.669000,4336.00
"Kepler-1443 b",,0.97000000,2.41811321000,,1.190000,1.270000,6289.00
"HD 109833 b",,2.88800000,9.18852600000,,1.080000,1.000000,5881.00
"Gliese 12 b",0.95000000,0.93000000,12.76141800000,,0.255000,0.265000,3328.00
"Kepler-1722 b",,2.86719266,9.17856979400,,0.876000,0.788000,5506.00
"Kepler-506 b",,2.73000000,6.88340550000,,1.190000,1.190000,6236.00
"Kepler-595 c",3.30000000,1.00900000,12.38602000000,,0.930000,0.821000,
"Kepler-368 c",,3.88000000,72.37933400000,,,2.019000,5502.00
"Kepler-1545 b",,2.70000000,163.69234900000,,0.840000,0.800000,5201.00
"K2-192 b",,1.52000000,4.16281700000,939.00,0.900000,0.810000,5222.00
"Kepler-124 d",,1.11000000,30.95085100000,,,0.636000,4984.00
"TOI-1243 b",7.70000000,2.33000000,4.65947790000,450.00,0.515000,0.511000,3515.00
"Kepler-1421 b",,0.93000000,6.91311120000,,1.250000,1.420000,6335.00
"Kepler-732 c",,1.27000000,0.89304123600,,0.490000,0.460000,3631.00
"Kepler-1845 b",,2.43836702,11.60649967000,,0.686000,0.701000,4703.00
"Kepler-1141 b",,0.82000000,2.34451194400,,1.010000,1.070000,5791.00
"K2-185 b",,1.15000000,10.61638400000,809.00,0.960000,0.940000,5788.00
"Kepler-286 b",,1.24000000,1.79630200000,,,0.863000,5580.00
"Kepler-1721 b",,3.11856756,4.59238004700,,0.890000,0.796000,5351.00
"Kepler-344 c",,2.95000000,125.59680900000,,,0.976000,5774.00
"Kepler-687 b",,3.52000000,20.50586978000,,0.770000,0.730000,4841.00
"Kepler-622 b",,2.13000000,14.28226676000,,0.640000,0.610000,4201.00
"TOI-1291 b",,5.63826391,7.16200975510,,,1.810900,6139.95
"Kepler-495 c",,1.21936414,5.89660978300,,0.888000,1.087000,5392.00
"TOI-1859 b",,9.75181321,63.48347000000,,1.287000,1.360000,6341.00
"Kepler-1321 d",,2.62843782,5.72092008600,,0.513000,0.503000,3640.00
"Kepler-30 d",23.10000000,8.80000000,143.34394000000,,0.990000,0.950000,5498.00
"TOI-1994 b",7024.00779470,13.67495645,4.03371420000,2290.00,1.860000,2.300000,7700.00
"TOI-5788 b",3.72000000,1.52800000,6.34075800000,910.00,0.870000,0.870000,5615.00
"Kepler-1591 b",,1.27000000,8.18504949000,,1.100000,1.160000,6082.00
"Kepler-310 d",,2.47000000,92.87612500000,,,0.876000,5797.00
"Kepler-166 b",,2.27000000,7.65025400000,,,0.742000,5413.00
"HATS-58 A b",327.36490000,12.27385500,4.21808960000,1721.00,1.461000,1.433000,7175.00
"K2-3 b",5.11000000,2.07800000,10.05465350000,501.30,0.549000,0.546000,3844.00
"Kepler-1463 b",,1.86000000,25.15864000000,,0.960000,0.950000,5679.00
"Kepler-339 b",,1.42000000,4.97765600000,,,0.802000,5631.00
"TOI-3912 b",129.03833324,14.28024141,3.49362640000,1512.00,1.088000,1.392000,5725.00
"Kepler-1844 b",,3.03648191,3.92451000200,,0.939000,0.849000,5776.00
"OGLE-TR-113 b",400.44900000,12.25100000,1.43247520000,,0.779000,0.774000,4790.00
"Kepler-31 c",1493.70000000,5.30000000,42.63180000000,,1.210000,1.220000,6340.00
"Kepler-1952 b",,1.23923346,27.21080017000,,0.922000,1.305000,5973.00
"Kepler-405 c",,4.66000000,29.72668200000,,,0.893000,5818.00
"Qatar-2 b",792.63500000,14.05600000,1.33711647000,1344.00,0.743000,0.776000,4645.00
"Kepler-1118 b",,2.74000000,38.67150750000,,0.960000,0.970000,5688.00
"K2-331 c",,2.72000000,22.99659100000,673.00,1.100000,1.060000,5994.00
"Kepler-1746 b",,8.93504475,321.21200560000,,1.090000,1.286000,6018.00
"WASP-28 b",282.54945382,13.66374747,3.40883495000,1456.00,0.993000,1.083000,
"K2-19 c",11.00000000,4.10000000,11.90600000000,,0.880000,0.820000,5322.00
"CoRoT-24 c",28.00000000,5.00000000,11.75900000000,850.00,0.910000,0.860000,4950.00
"HATS-18 b",629.14448500,14.89676100,0.83784000000,2069.48,1.037000,1.020000,5600.00
"Kepler-403 b",,1.25000000,7.03146200000,,,1.329000,6090.00
"HATS-74 A b",464.02947422,11.56766808,1.73185606000,895.10,0.601000,0.575800,3776.90
"Kepler-1048 b",,1.61000000,6.92101021000,,0.750000,0.700000,4651.00
"Kepler-1023 b",,2.63000000,62.13877140000,,0.930000,0.890000,5494.00
"TOI-880 c",,4.95000000,6.38727030000,805.00,0.870000,0.830000,5050.00
"Kepler-254 c",,2.15000000,12.41218300000,,,0.910000,5957.00
"HAT-P-34 b",1058.37390000,13.41717300,5.45265400000,,1.392000,1.530000,6442.00
"K2-377 b",,1.69300000,12.83223500000,,0.821000,0.691000,4200.00
"TOI-1036 b",,6.28499593,3.77952125496,,,1.175540,5664.68
"Kepler-554 b",,4.29000000,1.90220855600,,0.930000,0.920000,5447.00
"HAT-P-42 b",331.80100000,14.34800000,4.64187800000,1428.00,1.178000,1.530000,5743.00
"TOI-2407 b",,4.26000000,2.70296900000,705.00,0.548000,0.567000,3530.00
"KOI-217 b",,12.44200000,3.90512000000,,0.950000,0.860000,5545.00
"Kepler-803 b",,3.79000000,50.28638192000,,1.050000,1.120000,5919.00
"WASP-98 b",293.03926000,12.82309600,2.96264036000,1171.00,0.809000,0.741000,5473.00
"Kepler-2000 b",,2.73000000,6.38315913500,530.00,0.581000,0.576000,3757.00
"CoRoT-7 b",4.07660518,1.68135000,0.85359163000,,0.820000,0.830000,5275.00
"CoRoT-5 b",148.42000000,15.55800000,4.03789620000,1438.00,1.000000,1.186000,6100.00
"Kepler-1678 b",,3.30422249,147.97400000000,,1.030000,0.834976,5754.00
"Kepler-1705 c",5.42000000,2.05000000,11.28000000000,,1.139000,1.259000,6312.00
"K2-255 b",,2.90000000,1.96417000000,1034.00,0.710000,0.690000,4676.00
"TOI-1203.01",7.39000000,2.91800000,25.50267200000,743.60,0.886000,1.179000,5737.00
"WASP-26 b",270.15550000,13.56289000,2.75660000000,,0.860000,1.220000,6034.00
"Kepler-1578 b",,1.04000000,1.45088690700,,0.900000,0.860000,5545.00
"Kepler-1756 b",,1.47199944,2.35575008400,,0.781000,0.812000,4915.00
"HAT-P-7 b",584.80720000,16.92559000,2.20474000000,,1.560000,2.000000,6389.00
"Kepler-960 b",,2.29000000,3.12686223000,,0.770000,0.720000,4755.00
"Kepler-114 d",3.90000000,2.53000000,11.77600000000,,0.560000,0.540000,
"HD 235088 b",4.15000000,1.98200000,7.43413250000,,0.849000,0.772000,5075.00
"Kepler-57 b",25.06000000,3.13500000,5.72000000000,,0.859000,0.826000,5187.90
"Kepler-242 c",,2.00000000,14.49648100000,,,0.850000,5020.00
"Kepler-321 b",,1.77000000,4.91537900000,,,1.194000,5740.00
"Kepler-1063 b",,1.49000000,14.07971466000,,1.090000,1.140000,5945.00
"Kepler-1407 b",,2.25000000,20.07115040000,,1.100000,1.150000,6010.00
"TOI-640 b",181.16219199,19.27944680,5.00377700000,1816.00,1.536000,2.082000,6460.00
"Kepler-603 d",,1.32000000,6.21712920000,,1.010000,1.010000,5808.00
"TOI-3160 A b",378.21580433,13.76462830,3.97128100000,1539.00,1.088000,1.346000,6190.00
"TOI-620 b",,3.76000000,5.09881790000,603.60,0.577000,0.550000,3708.00
"K2-368 d",,1.94800000,20.20108500000,,0.746000,0.663000,4663.00
"Kepler-910 b",,0.82000000,2.36436901500,,1.260000,1.500000,6230.00
"Kepler-1837 b",,2.06673842,5.90608978300,,1.049000,0.961000,5966.00
"CoRoT-23 b",889.90000000,11.77000000,3.63130000000,1660.00,1.140000,1.610000,5900.00
"TOI-808 b",,2.20344362,9.73944854026,,,0.833198,5078.20
"CoRoT-22 b",12.20000000,4.88000000,9.75598000000,885.00,1.099000,1.136000,5939.00
"HIP 65 A b",1021.18779000,22.75427000,0.98097340000,1411.00,0.781000,0.724200,4590.00
"Kepler-1091 b",,1.46000000,1.43474156400,,1.010000,1.030000,5851.00
"K2-101 b",,2.00000000,14.67624290000,618.00,0.820000,0.760000,4927.00
"HATS-70 b",4100.00700000,15.51325600,1.88823780000,2730.00,1.780000,1.881000,7930.00
"Kepler-355 c",,2.71000000,25.76229400000,,,1.066000,6184.00
"TOI-1873 b",,2.86356397,7.00572708834,,,0.971675,5597.99
"TOI-1478 b",279.68899816,11.99360935,10.18021170000,,,,
"Kepler-295 b",,1.22000000,12.64516400000,,,0.898000,5603.00
"Kepler-1173 b",,0.89000000,0.76985360000,,0.860000,0.820000,5252.00
"Kepler-796 b",,1.30000000,6.40087618000,,0.930000,1.090000,5475.00
"Kepler-1667 b",,2.98385261,83.57810000000,,1.090000,1.087510,5941.54
"TOI-6086 b",,1.18000000,1.38887250000,634.00,0.254000,0.259000,3200.00
"Kepler-148 c",,3.60000000,4.18004300000,,,0.851000,5272.00
"Kepler-682 b",,7.37000000,12.61190667200,,0.920000,0.890000,5559.00
"TOI-4898 b",,3.71979540,2.76520470167,,,0.639344,4201.57
"KOI-55 c",0.65500000,0.86700000,0.34288700000,,0.496000,0.203000,27730.00
"TrES-2 b",473.56670000,15.24424000,2.47063000000,,1.360000,1.120000,5850.00
"Kepler-588 b",,2.63000000,4.22162535700,,1.010000,1.000000,5835.00
"HAT-P-68 b",230.10892000,12.01604800,2.29840551000,1027.80,0.678500,0.670100,4508.00
"Kepler-553 c",2129.45032690,11.57887706,328.24017000000,251.00,0.889000,0.902000,5191.00
"Kepler-84 b",,2.23000000,8.72600000000,,1.000000,1.430000,
"Kepler-350 b",,1.85000000,11.18956200000,,,1.534000,6186.00
"Kepler-1352 b",,0.89000000,1.87788274800,,1.110000,1.160000,6118.00
"Kepler-1584 b",,1.61000000,13.39970990000,,1.100000,1.130000,6069.00
"Kepler-335 b",,3.39000000,6.56233100000,,,1.854000,5877.00
"Kepler-129 b",20.00000000,2.40000000,15.79000000000,,1.178000,1.653000,5770.00
"Kepler-1556 b",,1.96000000,8.82713457000,,0.970000,0.950000,5608.00
"TOI-1199 b",75.96098927,10.51402390,3.67146300000,1486.00,1.230000,1.450000,5710.00
"WASP-53 b",677.61356000,12.03846600,3.30984430000,1053.00,0.839000,0.798000,4953.00
"Kepler-1300 b",,1.37000000,22.24190920000,,1.290000,1.790000,6130.00
"Kepler-381 c",,1.12000000,13.39163500000,,,1.568000,6152.00
"TOI-5486 b",,3.96824928,2.02470073205,,,0.553216,3750.17
"Kepler-65 c",,2.58000000,5.85994400000,,1.250000,1.410000,6211.00
"Kepler-1623 b",,1.31000000,4.36128348000,,1.000000,1.000000,5772.00
"Kepler-1120 b",,1.38000000,2.94902905200,,0.780000,0.740000,4904.00
"TOI-1467 b",,1.92000000,5.97114713000,,0.489000,0.491000,3834.00
"K2-7 b",,4.03523305,28.67810000000,786.00,1.056000,1.533000,5700.00
"Kepler-1510 b",,3.36000000,84.70392100000,,1.190000,1.280000,6200.00
"Kepler-619 d",,4.17000000,11.67894236000,830.00,1.041000,0.964000,6122.00
"K2-161 b",,6.11721229,9.28318800000,,0.986876,2.568173,4972.00
"TOI-2257 b",,2.19400000,35.18934600000,256.00,0.328000,0.313000,3430.00
"Kepler-179 b",,1.64000000,2.73592600000,,,0.759000,5302.00
"TOI-2545 b",,2.75000000,7.99403700000,,1.055000,1.253240,5846.29
"Kepler-233 b",,2.43000000,8.47238200000,,,0.758000,5360.00
"Kepler-1041 b",,2.94000000,24.75764210000,,1.060000,1.080000,5957.00
"Kepler-1738 b",,2.82472883,7.67463016500,,1.079000,1.001000,6063.00
"K2-251 b",,2.35000000,9.30075000000,437.00,0.520000,0.490000,3717.00
"Kepler-1948 b",,1.03283226,15.57129955000,,0.585000,0.557000,3872.00
"Kepler-26 c",6.20000000,2.72000000,17.25590000000,,0.544000,0.512000,3914.00
"TOI-1803 b",10.32000000,2.99000000,6.29328700000,747.00,0.756000,0.715000,4687.00
"Kepler-887 c",,1.13000000,7.63846023000,,1.190000,1.290000,6194.00
"Kepler-750 b",,3.07000000,9.42887179000,,1.150000,1.230000,6160.00
"Kepler-146 b",,3.71000000,31.15879900000,,,1.208000,5948.00
"Kepler-675 b",,2.44000000,2.33743801000,,0.790000,0.750000,4945.00
"Kepler-1082 b",,1.12000000,1.54320660400,,1.030000,1.140000,5923.00
"Kepler-288 d",,2.67000000,56.63374200000,,,1.091000,5918.00
"Kepler-1251 b",,1.84000000,45.09046430000,,0.920000,0.890000,5545.00
"TOI-544 b",2.89000000,2.01800000,1.54835200000,999.00,0.631000,0.623000,4169.00
"Kepler-1390 b",,1.18000000,6.48021673000,,0.980000,0.980000,5753.00
"Kepler-128 b",3.79000000,1.42100000,15.00000000000,,1.184000,1.659000,6072.00
"Kepler-512 b",,2.69000000,34.43587975000,,1.170000,1.300000,5997.00
"Kepler-358 c",,2.85000000,83.48836900000,,,0.954000,5908.00
"TOI-3135 b",327.36325921,13.65253849,3.70655850000,1292.00,1.044000,0.985000,5890.00
"K2-127 b",,8.37000000,3.58816300000,809.00,0.720000,0.660000,4575.00
"Kepler-151 b",,3.06000000,15.22895800000,,,0.830000,5460.00
"Kepler-236 b",,1.57000000,8.29561100000,,,0.510000,3750.00
"Kepler-976 b",,3.96000000,105.95641480000,,0.870000,0.830000,5232.00
"Kepler-408 b",5.00000000,0.82000000,2.46502000000,,1.080000,1.230000,6104.00
"Kepler-1401 b",,1.68000000,11.20066445000,,1.070000,1.100000,5964.00
"Kepler-1184 b",,2.68000000,53.59910440000,,1.050000,1.070000,5983.00
"Kepler-350 d",14.90000000,2.80000000,26.13600000000,,1.000000,1.250000,
"K2-269 b",,1.57000000,4.14496500000,1429.00,1.160000,1.450000,6209.00
"HAT-P-16 b",,14.68376472,,1566.00,,,
"K2-375 b",,2.24300000,14.45389500000,,1.119000,1.543000,5822.00
"Kepler-1961 b",,1.61878080,5.60471010200,,0.871000,0.777000,5401.00
"Kepler-278 c",34.90000000,3.26800000,51.11100000000,492.00,1.227000,2.861000,4965.00
"Kepler-1492 b",,1.49000000,16.75255007000,,0.770000,0.720000,4712.00
"K2-279 b",,1.21000000,7.12260500000,879.00,0.790000,0.860000,5558.00
"TOI-1723 b",,3.43500000,13.72701264300,,1.040000,1.090000,5777.00
"Kepler-705 b",,2.11000000,56.05605380000,,0.530000,0.510000,3722.00
"K2-13 b",,1.89000000,39.91488000000,511.00,0.800000,0.780000,5698.00
"Kepler-81 d",,1.21000000,20.83784600000,,,0.595000,4500.00
"TOI-4559 b",,1.41500000,3.96599100000,554.16,0.392000,0.374000,3558.00
"Kepler-1311 b",,1.24000000,11.17269940000,,1.050000,1.400000,5748.00
"K2-166 b",,2.19000000,8.52695000000,1140.00,1.160000,1.610000,5960.00
"TOI-782 b",19.10000000,2.73400000,8.02400150000,435.00,0.397000,0.413000,3370.00
"Kepler-768 b",,1.79000000,11.39100250000,,0.820000,0.780000,5108.00
"Kepler-1313 b",,1.76000000,3.83309117800,,0.920000,0.850000,5453.00
"Kepler-1784 b",,2.79936489,13.59049988000,,0.887000,0.974000,5442.00
"Kepler-1855 b",,1.21620500,0.72733098300,,0.385000,0.356000,3460.00
"Kepler-270 c",,1.77000000,25.26288700000,,,1.461000,6067.00
"Kepler-211 b",,1.26000000,4.13857500000,,,0.816000,5123.00
"K2-242 b",,2.54000000,6.51389000000,416.00,0.380000,0.370000,3459.00
"WASP-8 b",807.28820000,12.66617000,8.15872000000,,1.340000,1.030000,5600.00
"TOI-4529 b",4.90000000,1.77000000,5.87957700000,511.00,0.482000,0.480000,3697.00
"Kepler-1869 c",,0.74000000,1.71682830400,1455.00,0.987000,0.902000,5808.00
"Kepler-295 d",,1.36000000,33.88405400000,,,0.898000,5603.00
"Kepler-217 c",,1.85000000,8.58600400000,,,1.799000,6171.00
"Kepler-194 b",,1.51000000,2.09228100000,,,1.025000,6089.00
"TOI-1722 b",,4.38298108,9.60523206943,,,1.094140,5999.55
"Kepler-1343 b",,1.93000000,3.35183158000,,0.950000,0.930000,5759.00
"Kepler-529 c",,2.00000000,12.83450220000,,1.070000,1.140000,6087.00
"HATS-12 b",,7.76000000,3.14270200000,1446.00,1.160000,1.170000,6357.00
"Kepler-297 d",,32.60000000,150.01895110000,325.00,0.846000,0.897000,5618.00
"HD 203030 b",3496.11247700,14.45958510,,1040.00,,,
"Kepler-569 b",,3.16000000,34.18890521000,,0.950000,0.930000,5616.00
"Kepler-1728 b",,2.95501875,4.78299999200,,0.891000,0.807000,5170.00
"K2-201 b",,1.40006712,1.05979000000,,0.956055,0.878161,5507.00
"Kepler-342 c",,1.96000000,26.23413800000,,,1.472000,6175.00
"TOI-6029 b",519.64944544,14.39233122,5.79870000000,,1.548000,2.338000,6223.00
"Kepler-1532 b",,1.35000000,1.09366355900,,0.910000,0.880000,5559.00
"Kepler-1485 b",,1.47000000,19.91577250000,,1.110000,1.120000,6087.00
"EPIC 201841433 b",,1.04000000,4.16980000000,,0.802000,0.628461,5053.00
"Kepler-1787 b",,2.31898181,39.31370163000,,1.008000,0.925000,6060.00
"Kepler-1878 b",,2.92019781,4.44587993600,,0.956000,0.865000,5918.00
"Kepler-1002 b",,1.71000000,4.33642933100,,1.220000,1.570000,6144.00
"Kepler-446 d",,1.35000000,5.14892100000,,0.220000,0.240000,3359.00
"Kepler-1071 b",,2.38000000,6.17998440000,,0.860000,0.810000,5215.00
"Kepler-410 A b",,2.83800000,17.83364800000,,1.214000,1.352000,6273.00
"Kepler-200 c",,1.59000000,10.22215700000,,,0.944000,5678.00
"TOI-1437 b",9.60000000,2.24000000,18.84094200000,,1.100000,1.170000,6008.00
"Kepler-133 b",,1.76000000,8.12997600000,,,1.425000,5736.00
"TOI-4638.01",,2.93300000,10.28391878700,,1.020000,0.895000,5700.00
"Kepler-401 b",,1.71000000,14.38303500000,,,1.333000,6117.00
"Kepler-703 b",,8.20000000,4.58352175600,,1.180000,1.270000,6185.00
"Kepler-723 b",,12.19000000,4.08227506800,,0.920000,0.890000,5539.00
"K2-221 b",,1.67890272,2.39909400000,,1.010842,0.947599,5716.00
"Kepler-297 b",,2.87000000,38.87182600000,,,0.915000,5619.00
"Kepler-154 e",,1.50000000,3.93276465000,,0.980000,0.980000,5769.00
"Kepler-616 c",,3.41000000,90.41135560000,,0.980000,0.970000,5753.00
"Kepler-263 c",,2.47000000,47.33277300000,,,0.785000,5265.00
"Kepler-613 b",,2.29000000,15.77979614000,,0.980000,0.960000,5723.00
"Kepler-58 e",,1.61000000,4.45814897000,1212.00,1.017000,1.083000,6100.00
"K2-405 b",,4.56900000,3.43547100000,,1.034000,0.765000,4927.00
"Kepler-535 b",,2.36000000,4.90332155100,,1.180000,1.270000,6123.00
"CoRoT-35 b",349.61124770,18.83108758,3.22748000000,1747.00,1.010000,1.650000,6390.00
"K2-154 b",,1.99000000,3.67626000000,715.00,0.650000,0.630000,4097.00
"Kepler-1337 b",,2.41000000,24.40025490000,,0.700000,0.670000,4523.00
"K2-392 b",,1.85000000,15.39872300000,,0.841000,1.058000,5726.00
"TOI-5350 b",2094.48920213,12.41955062,7.58136700000,1195.00,1.167000,1.263000,6220.00
"Kepler-677 b",,5.38000000,6.57531678000,,1.000000,0.990000,5723.00
"Kepler-135 b",,1.81000000,6.00253000000,,,1.275000,6090.00
"K2-60 b",135.39558000,7.65574700,3.00265000000,1400.00,0.970000,1.120000,5500.00
"Kepler-870 b",,2.78000000,21.35876210000,,1.010000,1.020000,5857.00
"TIC 183374187 b",177.98390792,14.03364384,5.05907000000,1379.00,0.853000,1.344000,5768.00
"Kepler-1760 b",,2.28995546,38.32609940000,,0.821000,0.903000,5229.00
"TOI-530 b",127.13136280,9.30345398,6.38759700000,565.00,0.530000,0.540000,3659.00
"K2-81 b",,1.97000000,6.10232500000,,0.745273,0.634663,4674.13
"Kepler-1949 b",,2.21964541,2.20828008700,,1.194000,1.454000,6028.00
"Kepler-250 c",,2.28000000,7.15680400000,,,0.805000,5160.00
"K2-72 b",,1.08000000,5.57721200000,,0.271365,0.330989,3360.47
"TOI-757 b",10.50000000,2.50000000,17.46819000000,641.00,0.800000,0.780000,5278.00
"Kepler-130 c",,2.90000000,27.50868000000,683.00,1.000000,1.170000,5879.00
"Kepler-880 c",,2.87000000,11.80617370000,1407.00,1.714000,2.599000,6900.00
"Kepler-306 c",,2.35000000,7.24019300000,,,0.719000,4954.00
"Kepler-1907 c",,1.15547044,14.86390018000,,0.752000,0.800000,5159.00
"Kepler-1273 b",,2.49000000,28.62565300000,,0.940000,0.910000,5566.00
"Kepler-883 b",,1.78000000,12.98495573000,,1.060000,1.090000,6116.00
"TOI-1768.01",,3.45300000,7.33770364900,,1.100000,1.100000,5994.00
"Kepler-1119 b",,1.92000000,8.32651530000,,1.110000,1.170000,6083.00
"TIC 32032563 b",,3.47739942,13.83460487791,,,1.001880,5567.93
"Kepler-1001 b",,3.15000000,14.30511983000,,0.900000,0.880000,5491.00
"Kepler-186 b",,1.07000000,3.88679070000,,0.478000,0.472000,3788.00
"Kepler-108 b",,8.65000000,49.18392100000,,,2.192000,5854.00
"Kepler-810 b",,1.93000000,4.59725385000,,1.030000,1.040000,5803.00
"Kepler-847 b",,1.18000000,2.34323189500,,0.830000,0.770000,4940.00
"K2-195 b",,3.13000000,15.85297500000,720.00,0.940000,0.990000,5713.00
"Kepler-1641 c",,2.95000000,32.65721200000,,1.120000,1.190000,6152.00
"Kepler-1926 b",,2.31495961,42.87770081000,,0.768000,0.832000,5256.00
"Kepler-377 b",,1.39000000,12.50952900000,,,1.224000,5949.00
"Kepler-758 d",,2.12000000,20.49661970000,,1.160000,1.420000,6228.00
"Kepler-672 b",,2.50000000,38.37746230000,,0.950000,0.920000,5627.00
"Kepler-52 d",,1.95000000,36.44517100000,,,0.556000,4263.00
"Kepler-1541 b",,1.16000000,8.40691199000,,0.860000,0.810000,5282.00
"Kepler-1987 b",,1.23000000,2.34586300200,997.00,0.799000,0.714000,4769.00
"Kepler-221 d",,2.73000000,10.04156000000,,,0.821000,5243.00
"Kepler-18 d",16.40000000,6.98000000,14.85888000000,,0.972000,1.108000,5345.00
"Kepler-211 c",,1.29000000,6.04045000000,,,0.816000,5123.00
"Kepler-22 b",9.10000000,2.10000000,289.86387600000,279.00,0.857000,0.869000,5596.00
"Kepler-244 d",,2.31000000,20.05040100000,,,0.803000,5554.00
"K2-53 b",,2.60000000,12.20772000000,665.00,0.851000,0.807000,5263.00
"Kepler-1473 b",,1.19000000,14.42735510000,,1.090000,1.090000,6046.00
"Kepler-662 b",,2.18000000,21.67697486000,,0.790000,0.740000,4897.00
"Kepler-1149 b",,1.44000000,3.73089898000,,1.020000,1.010000,5833.00
"KPS-1 b",346.43470000,11.54527000,1.70629100000,1459.00,0.892000,0.907000,5165.00
"Kepler-507 b",,1.30000000,3.56809692600,,1.160000,1.320000,6113.00
"Kepler-1854 b",,2.58746104,39.83110046000,,0.800000,0.759000,5026.00
"Kepler-1088 b",,1.42000000,23.12748644000,,1.080000,1.080000,5975.00
"Kepler-1651 b",,1.84000000,9.87863917000,,0.522000,0.503000,3713.00
"Kepler-1134 b",,2.64000000,17.13263989000,,0.840000,0.810000,5281.00
"Kepler-1502 b",,3.18000000,41.70836290000,,1.440000,1.720000,6666.00
"K2-170 b",,1.41817537,7.57654400000,,0.963657,0.981614,5748.00
"Kepler-1582 b",,1.49000000,4.83817712000,,0.280000,0.300000,3208.00
"WASP-120 b",,15.58048317,,1749.00,,,
"TOI-1224 c",,2.88400000,17.94546600000,,0.400000,0.404000,3326.00
"Kepler-318 c",,3.68000000,11.81500700000,,,1.189000,5746.00
"Kepler-1424 b",,1.16000000,29.60917440000,,1.020000,1.070000,5838.00
"Kepler-1811 b",,3.84829873,76.42230225000,,0.946000,1.190000,5561.00
"TOI-5301 b",1182.32167404,13.09208946,5.85885800000,1648.00,1.483000,2.190000,6240.00
"Kepler-32 d",,2.70000000,22.78020000000,,0.580000,0.530000,3900.00
"KOI-12 b",349.61300000,13.78707000,17.85518200000,,1.500000,1.400000,
"WASP-150 b",2688.84180000,11.99363000,5.64420700000,1460.00,1.394000,1.651000,6218.00
"TOI-4633 c",123.00000000,3.20000000,271.94450000000,,1.100000,1.050000,5800.00
"Kepler-196 b",,1.90000000,20.73988600000,,,0.782000,5128.00
"EPIC 228836835 b",,1.10000000,0.72811300000,,,0.320000,3782.00
"Kepler-1429 b",,1.29000000,4.48487493000,,1.050000,1.070000,5902.00
"K2-146 b",5.77000000,2.05000000,2.64460000000,,0.331000,0.330000,3385.00
"PDS 70 b",1017.05090240,21.96960217,,1392.00,0.982000,,4109.00
"TOI-169 b",251.40353000,12.17297400,2.25544770000,1715.00,1.147000,1.288000,5880.00
"Kepler-534 b",,2.24000000,15.95994513000,,1.050000,0.980000,5884.00
"Kepler-385 d",,2.61864480,56.41590000000,,1.050000,1.157000,5829.00
"Kepler-184 c",,1.97000000,20.30300500000,,,0.873000,5788.00
"Kepler-176 b",,1.43000000,5.43307400000,,,0.891000,5232.00
"K2-100 b",21.80000000,3.88000000,1.67390350000,1841.00,1.150000,1.240000,5945.00
"Kepler-1851 b",,3.90012032,12.02289963000,,0.967000,0.879000,5982.00
"K2-283 b",,3.52000000,1.92103600000,1186.00,0.890000,0.820000,5060.00
"K2-54 b",,2.61169250,9.78330000000,560.00,0.615000,0.643000,3990.00
"Kepler-1216 b",,1.39000000,4.37034536000,,0.990000,0.980000,5743.00
"Kepler-1861 b",,2.20677414,40.03060150000,,1.161000,1.373000,5855.00
"Kepler-313 c",,2.57000000,32.27327300000,,,1.536000,5727.00
"Kepler-1570 b",,1.07000000,26.54895500000,,0.920000,0.890000,5550.00
"Kepler-959 b",,4.38000000,14.80074836000,,1.600000,2.010000,7005.00
"Kepler-887 b",,1.84000000,20.42228798000,,1.190000,1.290000,6194.00
"Kepler-1462 b",,3.82000000,65.64883410000,,1.000000,1.000000,5756.00
"TOI-6628 b",235.19302118,10.98480109,18.18424000000,833.00,0.970000,1.010000,5463.00
"Kepler-643 b",,10.16000000,16.33889626000,,1.000000,2.520000,4908.00
"Kepler-1256 b",,1.49000000,12.41277540000,,1.170000,1.360000,6129.00
"K2-202 b",,2.30165603,3.40516400000,,0.971461,0.910685,5491.00
"XO-3 b",4217.58296089,14.79585452,3.19152309000,1890.00,1.449000,1.523000,6970.00
"Kepler-34 b",69.92000000,8.56400000,288.82200000000,,1.047900,1.161800,5913.00
"TOI-1756 b",,1.94225664,2.78301736297,,,0.562607,3891.86
"K2-139 b",,9.11000000,28.38061900000,524.00,0.960000,0.880000,5370.00
"Kepler-1393 b",,0.80000000,2.44357812000,,0.950000,0.920000,5697.00
"Kepler-1723 b",,2.88046569,39.75289917000,,0.960000,1.010000,6072.00
"Kepler-1136 b",,1.64000000,2.36172432900,,0.720000,0.680000,4512.00
"EPIC 249893012 c",14.67000000,3.67000000,15.62400000000,990.00,1.050000,1.710000,5430.00
"TOI-2193 A b",298.75870258,19.83989584,2.12257350000,1763.00,1.082000,1.248000,5966.00
"CoRoT-26 b",165.26000000,14.12000000,4.20474000000,1600.00,1.090000,1.790000,5590.00
"Kepler-1365 c",,0.80000000,4.77468005000,,1.000000,1.050000,5770.00
"TOI-715 b",,1.55000000,19.28800400000,234.00,0.225000,0.240000,3075.00
"TOI-5938 b",,3.82000000,2.26042400000,1077.00,0.744000,0.712000,4650.00
"Kepler-1559 b",,0.72000000,0.97191542800,,0.860000,0.820000,5316.00
"TOI-682.01",,3.74186000,6.83923880000,1090.00,,1.080000,5085.00
"PH1 b",169.00000000,6.18000000,138.31700000000,481.00,1.528000,1.734000,6407.00
"TOI-7333 b",,2.09469416,6.26449803661,,,0.666066,4586.87
"TOI-4641 b",1229.99593509,8.18255591,22.09341000000,,1.410000,1.720000,6560.00
"K2-37 b",,1.39000000,4.44340000000,949.00,0.840000,0.809000,5352.00
"Kepler-1349 b",,0.70000000,2.12823928000,,1.160000,1.280000,6086.00
"Kepler-1047 b",,2.09000000,56.18868870000,,1.080000,1.130000,5754.00
"HD 152843 c",9.67000000,5.94000000,19.50210400000,,1.150000,1.430000,6310.00
"Kepler-1487 c",,7.97000000,35.80071120000,991.00,1.801000,3.955000,5745.00
"Kepler-1749 b",,1.61301783,14.53409958000,,0.551000,0.553000,3957.00
"Kepler-1310 b",,1.44000000,0.67933627200,,0.910000,0.880000,5549.00
"Kepler-1350 c",,1.73000000,1.76678906200,,0.550000,0.530000,3827.00
"HATS-46 b",54.98459000,10.12172700,4.74237290000,1054.00,0.917000,0.853000,5495.00
"Kepler-1402 b",,0.76000000,2.03387914000,,0.900000,0.870000,5416.00
"Kepler-106 c",10.44000000,2.50000000,13.57080000000,,1.000000,1.040000,5858.00
"Kepler-536 b",,3.10000000,1.82708229900,,0.920000,0.890000,5524.00
"Kepler-1117 b",,1.11000000,4.79028459000,,0.950000,0.930000,5612.00
"Kepler-1516 b",,1.75000000,7.25931979000,,1.040000,1.070000,5904.00
"Kepler-997 b",,1.36000000,2.70730671600,,1.220000,1.560000,6150.00
"HATS-45 b",222.48100000,14.41477400,4.18762440000,1518.00,1.272000,1.315000,6450.00
"HATS-34 b",299.07803000,16.02887000,2.10616070000,1445.00,0.955000,0.980000,5380.00
"Kepler-1900 b",,1.62314676,2.98622989700,,1.104000,1.041000,6173.00
"TOI-712 d",,2.47400000,84.83960000000,313.60,0.732000,0.674000,4622.00
"Kepler-1027 b",,0.89000000,1.90780519900,,0.910000,0.820000,5436.00
"Kepler-79 b",7.60000000,3.51000000,13.48451000000,,1.244000,1.316000,6389.00
"HD 88986 b",17.20000000,2.49000000,146.05000000000,460.00,1.250000,1.543000,5861.00
"Kepler-1468 d",,3.33187146,19.59059906000,,1.072000,1.496000,5794.00
"TOI-1269 c",,2.22999162,9.23786144195,,,0.848906,5554.02
"Kepler-2001 c",,1.82000000,14.09258318900,597.00,0.864000,0.770000,5081.00
"Kepler-590 b",,4.02000000,5.85296257000,,1.100000,1.150000,6000.00
"Kepler-1682 b",,2.88940836,14.83340000000,,0.990000,0.842301,5619.12
"TOI-122 b",,2.72000000,5.07803000000,471.00,0.312000,0.334000,3403.00
"Kepler-286 c",,1.37000000,3.46809500000,,,0.863000,5580.00
"Kepler-1558 b",,0.68000000,3.50470358000,,0.830000,0.790000,5101.00
"TOI-2328 b",50.85254512,9.97599282,17.10197000000,842.00,0.950000,0.900000,5525.00
"K2-352 d",,2.23000000,14.87138700000,727.00,0.980000,0.950000,5791.00
"Kepler-449 b",,2.05600000,12.58242000000,,,,5649.18
"Kepler-1797 b",,3.05774442,23.35939980000,,1.069000,1.009000,6244.00
"TOI-2202 b",287.31687993,10.95117414,11.91260750000,,0.841000,0.808000,5169.00
"Kepler-1693 c",,0.97698289,5.36370992700,,0.941000,1.098000,5553.00
"Kepler-224 c",,3.12000000,5.92500300000,,,0.676000,5018.00
"Kepler-1740 b",,3.32321414,8.17240047500,,0.943000,0.905000,5705.00
"Kepler-1239 b",,2.90000000,5.19104016000,,1.400000,1.570000,6564.00
"TOI-5614 b",,3.21759316,4.17221328949,,,0.734919,4553.00
"Kepler-634 b",,1.89000000,5.16950177000,,1.030000,1.240000,6075.00
"K2-198 d",,2.43800000,7.45001770000,943.20,0.799000,0.757000,5212.90
"Kepler-275 d",,3.33000000,35.67606200000,,,1.383000,6165.00
"Kepler-220 c",,1.57000000,9.03419900000,,,0.666000,4632.00
"Kepler-529 d",,2.79502603,35.86619949000,,1.005000,1.189000,6078.00
"Kepler-402 d",,1.38000000,8.92109900000,,,1.264000,6090.00
"Kepler-65 b",,1.42000000,2.15491000000,,1.250000,1.410000,6211.00
"Kepler-196 d",,2.66065673,122.08000180000,,0.805000,0.770000,5132.00
"Kepler-271 d",,0.66000000,5.24972541000,,0.900000,0.870000,5555.00
"TOI-2207 b",203.41018048,11.15293580,8.00196800000,1259.00,1.296000,1.564000,6101.00
"Kepler-919 b",,2.25000000,11.04603384000,,1.150000,1.210000,6113.00
"Kepler-1937 b",,3.02291330,9.68859958600,,1.190000,1.196000,6457.00
"Kepler-575 b",,2.39000000,9.37891944000,,0.970000,0.950000,5710.00
"NGTS-4 b",20.60000000,3.18000000,1.33735080000,1650.00,0.750000,0.840000,5143.00
"Kepler-431 b",,0.76400000,6.80300000000,1032.00,1.071000,1.092000,6004.00
"CoRoT-25 b",85.81000000,12.11000000,4.86069000000,1330.00,1.090000,1.190000,6040.00
"Kepler-1697 b",,1.25954761,33.49690000000,,0.747000,0.772344,4681.53
"TOI-3856 b",171.62733978,13.59649359,2.04360352000,1544.00,1.096000,1.055000,5622.00
"KELT-15 b",416.35730000,19.50366000,3.32944000000,,2.060000,1.780000,6003.00
"Kepler-804 c",,1.14000000,9.65185017000,,1.010000,1.050000,5817.00
"K2-111 b",5.35000000,1.83700000,5.35189630000,1293.00,0.840000,1.250000,5775.00
"Kepler-1312 c",,1.02732734,1.11611998100,,0.983000,0.905000,5721.00
"Kepler-517 b",,2.67000000,60.92832271000,,0.950000,0.980000,5690.00
"Kepler-1336 c",,1.71000000,5.77721211000,,0.940000,1.300000,5512.00
"Kepler-1163 b",,1.03000000,6.11786898000,,1.220000,1.350000,6302.00
"WASP-140 b",,14.23540549,,1270.00,,,5300.00
"Kepler-1460 b",,1.96000000,29.96332470000,,0.700000,0.670000,4422.00
"Kepler-1751 b",,1.82417378,7.01731014300,,0.974000,0.967000,6052.00
"K2-83 c",,1.48300000,9.99767000000,,0.484000,0.424000,3910.00
"K2-350 c",,2.74000000,19.99194400000,687.00,0.980000,1.040000,5789.00
"Kepler-1128 b",,3.65000000,61.61781670000,,0.940000,0.910000,5543.00
"Kepler-210 c",,3.62000000,7.97251300000,,,0.650000,4559.00
"Kepler-1415 b",,1.29000000,0.63642408000,,0.890000,0.840000,5267.00
"HD 108236 c",,2.07100000,6.20344900000,,0.869000,0.877000,5660.00
"LHS 1903 b",3.28000000,1.38200000,2.15550980000,796.00,0.538000,0.539000,3664.00
"K2-65 b",,1.58000000,12.64750000000,,0.870000,0.840000,5213.00
"Kepler-272 b",,1.43000000,2.97135300000,,,0.929000,5297.00
"K2-367 b",,2.41300000,20.64509900000,,0.756000,0.625000,4348.00
"Kepler-855 b",,8.35000000,7.88663110400,,1.030000,1.030000,5835.00
"K2-398 b",,2.27400000,6.39302500000,,0.945000,1.239000,5946.00
"K2-148 d",,1.64000000,9.75790000000,,0.650000,0.632000,4079.00
"Kepler-376 b",,1.07000000,4.92019900000,,,1.175000,5900.00
"Kepler-815 b",,4.11000000,8.57503552000,,1.250000,3.420000,5028.00
"TOI-5688 A b",124.00000000,10.30000000,2.94815527000,742.00,0.600000,0.570000,3713.00
"Kepler-806 b",,1.14000000,8.09219642000,,0.990000,1.160000,5770.00
"Kepler-943 b",,5.93000000,49.77014380000,,0.930000,0.910000,5612.00
"TOI-3807 b",330.54154328,18.49481816,2.89897270000,1646.00,1.181000,1.468000,5772.00
"TOI-1518 b",581.62598481,21.05046575,1.90261131000,2546.00,1.880000,1.942000,7299.00
"Kepler-340 c",,3.37000000,22.82466900000,,,1.850000,6620.00
"Kepler-1201 b",,2.29000000,15.18725932000,,1.150000,1.240000,6177.00
"HATS-37 A b",31.46517000,6.79265400,4.33153660000,1085.00,0.843000,0.877000,5326.00
"Kepler-250 d",,2.18000000,17.64831200000,,,0.805000,5160.00
"K2-271 b",,7.28000000,8.56242100000,893.00,0.830000,0.990000,5644.00
"Kepler-498 b",,3.03000000,9.61375356000,,0.980000,0.960000,5744.00
"K2-341 b",,3.21000000,36.55255100000,598.00,0.980000,1.160000,5817.00
"K2-244 b",,1.75000000,21.06884000000,638.00,0.860000,0.920000,5677.00
"Kepler-1282 b",,1.55000000,2.13194651300,,0.920000,0.890000,5504.00
"TOI-4578 b",,2.26974262,8.62392630369,,,0.878735,5951.32
"HAT-P-60 b",182.43350562,18.28184752,4.79478130000,1772.00,1.435000,2.197000,6212.00
"Kepler-473 b",,4.08000000,14.55731705000,,1.060000,1.340000,5816.00
"CoRoT-32 b",47.67450000,6.38913000,6.71837000000,938.00,1.080000,0.790000,5970.00
"WASP-91 b",425.89220000,11.54527000,2.79858100000,1160.00,0.840000,0.860000,4920.00
"Kepler-213 c",,2.34000000,4.82296200000,,,1.195000,5696.00
"Kepler-121 b",,2.34000000,3.17742200000,,,0.701000,5311.00
"Kepler-890 b",,8.89000000,52.75875577000,,1.090000,1.130000,5954.00
"Kepler-330 b",,1.35000000,8.25978000000,,,0.722000,5117.00
"HATS-5 b",75.32300000,10.22300000,4.76338700000,1025.00,0.936000,0.871000,5304.00
"TOI-2128 b",4.50000000,2.08874836,16.34136000000,780.53,1.025100,1.117400,5968.00
"TOI-5817 b",10.30000000,3.08000000,15.61031000000,950.00,0.970000,1.427000,5770.00
"HD 73583 b",10.20000000,2.79000000,6.39804200000,714.00,0.730000,0.650000,4511.00
"Kepler-164 d",,2.45000000,28.98676900000,,,1.148000,5888.00
"Kepler-257 c",,5.41000000,6.58148400000,,,1.037000,5180.00
"Kepler-238 c",,2.39000000,6.15555700000,,,1.430000,5751.00
"K2-214 b",,2.51000000,8.59656000000,1001.00,1.030000,1.236000,5875.00
"Kepler-597 b",,2.37000000,13.02365861000,,0.970000,0.950000,5683.00
"Kepler-1489 c",,0.51000000,0.68074100000,,0.977000,0.957000,5565.53
"Kepler-1863 b",,2.26309256,44.99760056000,,1.097000,0.983000,5871.00
"TOI-2842 b",117.59651059,12.84549188,3.55140580000,1471.00,1.135000,1.265000,5910.00
"Kepler-176 d",,2.51000000,25.75197400000,,,0.891000,5232.00
"TOI-763 b",9.79000000,2.28000000,5.60570000000,1038.00,0.917000,0.897000,5450.00
"Kepler-1618 b",,1.26000000,6.10826019000,,1.410000,1.650000,6620.00
"TOI-5542 b",419.53349724,11.30986153,75.12375000000,441.00,0.890000,1.058000,5700.00
"Kepler-1857 b",,1.96065412,8.94340992000,,0.873000,1.005000,6074.00
"Kepler-697 b",,4.13000000,3.70987064500,,0.920000,0.880000,5513.00
"K2-48 b",,2.24000000,20.50650000000,,0.770000,0.730000,4899.00
"Kepler-28 c",2.06000000,1.85700000,8.99000000000,,0.684000,0.664000,4499.30
"Kepler-1107 b",,1.34000000,0.57103851800,,0.860000,0.820000,5268.00
"Kepler-1920 b",,2.95415848,30.25410080000,,1.239000,1.161000,6277.00
"Kepler-281 b",,2.82000000,14.64600800000,,,0.899000,5723.00
"Kepler-1643 b",,2.32000000,5.34265700000,,0.845000,0.855000,4916.00
"Kepler-175 c",,3.10000000,34.03525700000,,,1.010000,6064.00
"Kepler-207 d",,3.31000000,5.86807500000,,,1.588000,5920.00
"Kepler-235 c",,1.28000000,7.82490400000,,,0.554000,4255.00
"Kepler-1654 b",158.91500000,9.18017100,1047.83560000000,206.00,1.011000,1.179000,5597.00
"Kepler-1606 b",,2.07000000,196.43522400000,,0.900000,0.860000,5422.00
"KIC 8540376 c",,2.40000000,75.20000000000,,1.040000,1.260000,6474.00
"Kepler-1936 b",,3.16615594,126.55699920000,,1.419000,1.854000,6501.00
"Kepler-833 b",,2.02000000,18.75469980000,,0.640000,0.620000,4339.00
"COCONUTS-2 b",2383.71305250,12.57647635,,493.00,0.400000,0.366000,3552.00
"K2-386 b",,2.32000000,7.47322300000,,0.911000,0.970000,5749.00
"K2-66 b",21.30000000,2.49000000,5.06963000000,1372.00,1.110000,1.670000,5887.00
"K2-4 b",,2.10000000,10.00341700000,,0.635026,0.569359,4014.73
"Kepler-1612 b",,1.03000000,3.91795101000,,0.960000,0.940000,5643.00
"Kepler-744 b",,1.62000000,12.06222443000,,0.940000,0.930000,5594.00
"Kepler-140 b",,1.61000000,3.25427000000,,,1.288000,6077.00
"TOI-1054.01",,2.43432000,15.50778550000,853.00,,1.170000,6122.00
"Kepler-1455 b",,2.16000000,49.27676400000,,0.620000,0.600000,4075.00
"Kepler-264 b",,3.33000000,40.80623100000,,,1.550000,6158.00
"Kepler-1822 b",,2.64755943,22.13339996000,,0.782000,0.702000,5165.00
"Kepler-106 d",8.10000000,0.95000000,23.98020000000,,1.000000,1.040000,5858.00
"Kepler-1214 b",,2.36000000,18.82634264000,,0.850000,0.800000,5130.00
"Kepler-776 b",,1.28000000,4.89718784000,,0.830000,0.780000,5071.00
"NGTS-34 b",19.10000000,3.65000000,43.12655000000,624.00,1.266000,1.367000,6134.00
"K2-373 b",,2.06100000,11.02066000000,,1.158000,1.486000,6138.00
"Kepler-1600 c",,1.94206512,7.29804992700,,0.818000,0.834000,5119.00
"Kepler-1306 b",,1.91000000,16.29595382000,,0.980000,0.970000,5727.00
"Kepler-1204 b",,3.05000000,85.73502850000,,1.030000,1.030000,5825.00
"Gaia-2 b",259.66580852,14.81827249,3.69152240000,,1.000000,1.064000,5720.00
"TOI-5616 b",624.00000000,10.78000000,2.00284900000,939.00,0.666000,0.646000,3996.00
"Kepler-212 b",,1.09000000,16.25758200000,,,1.455000,5852.00
"WASP-38 b",1093.33520000,13.78707000,6.87188000000,,1.760000,1.520000,6180.00
"NGTS-9 b",921.70700000,11.99363000,4.43527000000,1448.00,1.340000,1.380000,6330.00
"Kepler-631 b",,2.90000000,17.97979059000,,1.240000,1.330000,6185.00
"Kepler-1413 b",,1.82000000,13.18296420000,,0.840000,0.800000,5196.00
"Kepler-131 c",8.25000000,0.84000000,25.51690000000,,1.020000,1.030000,5685.00
"Kepler-633 c",,2.29600000,23.78319931000,,0.997000,1.265000,5877.00
"Kepler-178 c",,2.88000000,20.55280200000,,,1.066000,5676.00
"Kepler-1905 b",,1.44607340,3.42392993000,,1.038000,1.015000,5788.00
"Kepler-1322 c",,2.15492527,6.45998001100,,0.897000,0.804000,5704.00
"K2-118 b",,2.54000000,50.92092000000,,0.756446,0.734626,4726.29
"K2-203 b",,1.26549392,9.69520000000,738.40,0.793000,0.765000,5026.00
"Kepler-711 b",,3.41000000,23.58914398000,,0.840000,0.800000,5222.00
"TOI-1408 c",7.60000000,2.22000000,2.16640000000,,1.312000,1.530000,6117.00
"Kepler-27 d",,2.70619460,6.54628992100,,0.926000,0.817000,5251.00
"Kepler-1058 b",,2.72000000,110.96546000000,,0.730000,0.690000,4644.00
"TOI-2459 b",,2.95310000,19.10471800000,445.01,0.660000,0.675100,4195.00
"CoRoT-16 b",170.03200000,13.11000000,5.35227000000,,1.098000,1.190000,5650.00
"TOI-2587 A b",69.28659273,12.07207221,5.45664000000,1445.00,1.150000,1.726000,5760.00
"Kepler-377 c",,2.06000000,27.01497600000,,,1.224000,5949.00
"HD 108236 e",,3.08300000,19.59002500000,,0.869000,0.877000,5660.00
"Kepler-467 b",,2.25000000,24.99324193000,,1.050000,1.370000,5809.00
"Kepler-1978 b",,2.67000000,10.84969477000,676.00,0.869000,0.778000,5251.00
"Kepler-701 b",,2.84000000,10.35533177000,,0.880000,0.840000,5343.00
"Kepler-214 c",,2.13000000,28.77980000000,,,1.352000,6169.00
"Kepler-765 b",,2.43000000,27.66552260000,,1.050000,1.060000,5901.00
"HD 136352 b",4.72000000,1.66400000,11.57797000000,905.00,0.870000,1.058000,5664.00
"Kepler-1568 b",,1.30000000,20.92539200000,,1.090000,1.190000,5956.00
"Kepler-168 c",,2.69000000,13.19324200000,,,1.107000,6282.00
"Kepler-529 b",,1.86000000,1.98035766300,,1.070000,1.140000,6087.00
"HAT-P-55 b",189.42573057,14.84069045,3.58523130000,1367.00,1.028000,1.105000,5804.00
"Kepler-975 b",,1.48000000,1.97034245700,,0.800000,0.750000,4897.00
"HATS-22 b",870.85420000,10.68217700,4.72281240000,858.00,0.759000,0.689000,4803.00
"Kepler-858 b",,4.87000000,76.13602028000,,0.960000,0.910000,5653.00
"K2-212 b",,2.65000000,9.79564700000,,0.622000,0.678000,4349.00
"WASP-44 b",276.51210000,12.32990000,2.42380400000,1337.00,0.935000,0.906000,5420.00
"Kepler-1205 b",,1.41000000,1.07839035200,,0.840000,0.810000,5226.00
"Kepler-383 b",,1.32000000,12.90453200000,,,0.672000,4710.00
"TOI-2345 b",3.49000000,1.50400000,1.05285730000,1478.00,0.727000,0.729000,4687.00
"K2-239 c",,1.00000000,7.77500000000,427.00,0.400000,0.360000,3420.00
"Kepler-816 b",,10.24000000,10.50682564600,,0.900000,0.850000,5286.00
"TOI-159 b",1110.00000000,18.18000000,3.76283960000,1891.00,1.661000,1.620000,7287.00
"Wolf 327 b",2.53000000,1.24000000,0.57347450000,996.00,0.405000,0.406000,3542.00
"TOI-5926 b",,7.56807148,3.81122794237,,,0.890046,5388.92
"Kepler-753 b",,1.91000000,5.74772501200,,0.680000,0.650000,4346.00
"Kepler-801 b",,2.00000000,11.41928253000,,0.670000,0.630000,4435.00
"NGTS-14 A b",29.24036000,4.97679600,3.53571730000,1143.00,0.898000,0.842000,5187.00
"K2-230 b",,1.96000000,2.86041000000,1529.00,1.110000,1.390000,5945.00
"Kepler-1444 b",,2.18000000,33.42035034000,,1.030000,1.050000,5810.00
"Kepler-1518 c",,2.90000000,9.63102580000,1094.00,1.060000,1.345000,6432.00
"K2-282 b",,2.50000000,4.16978300000,,,1.000000,5499.00
"K2-90 c",,1.30000000,2.90070600000,,0.704613,0.634754,4421.98
"Kepler-391 c",450.00000000,2.88000000,20.50100000000,662.00,1.270000,2.879000,5038.00
"WASP-59 b",274.27600000,8.68700000,7.91958500000,670.00,0.719000,0.613000,4650.00
"TOI-1346 b",,2.39000000,1.76225380000,1324.00,0.820000,0.780000,5099.00
"Kepler-1388 b",,2.59000000,12.28546030000,,0.630000,0.610000,4098.00
"Kepler-538 b",12.90000000,2.21500000,81.73778000000,417.00,0.892000,0.871700,5534.00
"HAT-P-54 b",241.55080000,10.58129600,3.79984700000,818.00,0.645000,0.617000,4390.00
"Kepler-899 b",,2.68000000,19.17891293000,,0.930000,0.910000,5595.00
"TOI-2529 b",743.71847238,11.54525012,64.59490000000,636.00,1.110000,1.700000,5802.00
"K2-153 b",,2.00000000,7.51574000000,497.00,0.550000,0.530000,3845.00
"TOI-1226 b",,2.41011120,3.92880881576,,,0.986943,5434.91
"Kepler-819 b",,2.76000000,33.19956480000,,0.860000,0.810000,5279.00
"Kepler-184 b",,2.36000000,10.68757600000,,,0.873000,5788.00
"TOI-3493 b",8.97000000,3.22000000,8.15946670000,1102.00,1.023000,1.228000,5844.00
"Kepler-1179 b",,1.32000000,2.68505749200,,0.840000,0.810000,5212.00
"K2-394 b",,1.69200000,5.09571700000,,0.478000,0.631000,4938.00
"TOI-540 b",,0.90300000,1.23914910000,611.00,0.159000,0.189500,3216.00
"Kepler-934 b",,2.09000000,55.67383090000,,0.810000,0.770000,5001.00
"Kepler-1240 b",,1.15000000,4.86638150000,,0.980000,0.960000,5682.00
"Kepler-828 b",,1.51000000,0.56785713600,,0.810000,0.770000,5039.00
"TOI-2236 b",502.16888306,14.36991326,3.53159020000,1688.00,1.343000,1.573000,6248.00
"Kepler-282 d",61.00000000,2.46000000,24.80600000000,,0.970000,0.890000,
"K2-294 b",,1.66000000,2.50387000000,1425.00,0.987000,1.200000,5612.00
"Kepler-401 d",,2.27000000,184.25640500000,,1.170000,1.290000,6184.00
"Kepler-157 d",,1.46000000,7.02573474000,,1.020000,1.030000,5866.00
"Kepler-1801 c",,2.91000000,116.58318300000,371.00,0.936000,0.981000,5738.00
"Kepler-158 c",,1.90000000,28.55138300000,,,0.624000,4623.00
"Kepler-1820 b",,3.11883067,31.03249931000,,1.047000,0.931000,5841.00
"Kepler-32 b",1303.00000000,2.20000000,5.90124000000,,0.580000,0.530000,3900.00
"K2-336 b",,1.22000000,21.19473300000,569.00,0.860000,0.800000,5424.00
"HD 219134 f",7.30000000,1.31000000,22.71700000000,522.60,0.810000,0.778000,4699.00
"Kepler-873 b",,3.75000000,20.55338440000,,1.180000,1.270000,6163.00
"Kepler-1137 b",,2.20000000,23.92107910000,,1.500000,1.840000,6807.00
"K2-58 c",,1.62000000,2.53726000000,,0.890000,0.860000,5413.00
"WASP-118 b",163.36462000,16.14096000,4.04604350000,1729.00,1.320000,1.696000,6410.00
"Kepler-388 c",,0.86000000,13.29700400000,,,0.586000,4498.00
"Kepler-1935 b",,2.50271696,3.95140004200,,0.845000,0.899000,5570.00
"Kepler-463 b",,3.05000000,8.98101683300,,0.870000,0.900000,5661.00
"K2-30 b",184.02357000,11.64615100,4.09850300000,1092.00,0.900000,0.844000,5425.00
"TIC 150070085 b",,3.62000000,10.47423000000,945.06,1.160000,1.086000,5999.00
"K2-316 b",,1.33000000,1.13300000000,841.00,0.408000,0.379000,3436.00
"Kepler-1922 b",,2.29064904,13.22259998000,,0.953000,0.863000,5931.00
"WASP-61 b",851.78440000,15.80469000,3.85590000000,,1.820000,1.550000,6250.00
"TOI-411 c",9.72000000,2.32800000,9.57308300000,931.00,1.098000,1.117000,6169.00
"Kepler-292 e",,2.67000000,11.97901000000,,,0.826000,5299.00
"Kepler-173 c",,2.43000000,8.00577700000,,,0.949000,6031.00
"EPIC 206042996 c",,1.20000000,0.35488400000,,,0.500000,4114.00
"TOI-238 b",3.37000000,1.55900000,1.27309900000,1378.00,0.781000,0.756000,5059.00
"TOI-4427 b",87.72064033,13.09208946,4.61826210000,1040.00,0.900000,0.890000,5347.00
"TOI-784 b",9.67000000,1.93000000,2.79703650000,,0.910000,0.907000,5558.00
"Kepler-1540 b",,2.49000000,125.41311770000,,0.740000,0.690000,4540.00
"Kepler-1148 b",,1.69000000,1.10446350900,,0.810000,0.770000,5054.00
"Kepler-1299 b",,2.98000000,19.94008740000,,0.940000,0.910000,5609.00
"Kepler-1474 b",,2.16000000,36.43334520000,,1.040000,1.040000,5870.00
"K2-219 d",,2.57634456,11.13727800000,,1.021545,1.189232,5753.00
"TOI-198 b",3.17000000,1.36000000,10.21521300000,456.00,0.417000,0.418000,3801.00
"Kepler-1777 b",,2.13189678,12.18420029000,,0.984000,1.068000,5771.00
"TOI-7510 d",190.00000000,10.52000000,48.86446800000,542.40,1.063000,1.035000,5720.00
"Kepler-825 c",,1.84000000,8.18182460000,,1.030000,1.080000,5976.00
"K2-358 b",,2.68000000,11.25102850000,888.00,0.930000,0.910000,5650.00
"TOI-1472 c",21.13000000,3.33400000,15.53817470000,662.00,0.870000,0.840000,5100.00
"Kepler-820 b",,6.09000000,127.83380980000,,1.230000,1.360000,6260.00
"KOI-984 b",,4.30000000,4.28817850000,1022.00,0.928000,0.818000,5295.00
"Kepler-1758 b",,2.57059831,9.97721004500,,1.035000,1.616000,5557.00
"Kepler-1036 b",,3.01000000,122.88080580000,,0.950000,0.890000,5533.00
"Kepler-1377 b",,1.25000000,0.74092842200,,0.860000,0.820000,5218.00
"Kepler-104 b",,3.10000000,11.42754800000,,,1.349000,5711.00
"Kepler-1113 b",,2.81000000,42.30049540000,,1.120000,1.170000,5931.00
"Kepler-585 b",,2.83000000,2.75235975300,,0.960000,0.930000,5593.00
"WASP-155 b",276.82854250,13.45077684,3.11041300000,1468.00,1.090000,1.240000,5660.00
"Kepler-795 b",,1.68000000,29.61934210000,,0.940000,0.960000,5631.00
"HATS-25 b",194.82979000,14.12334000,4.29864320000,1277.00,0.994000,1.107000,5715.00
"Kepler-133 c",,2.84000000,31.51758600000,,,1.425000,5736.00
"K2-62 b",,2.02000000,6.67199000000,666.00,0.670000,0.696000,4455.00
"TOI-1516 b",1004.33776612,15.24421375,2.05601400000,,1.140000,1.140000,6520.00
"Kepler-1347 b",,1.03000000,14.00947528000,,0.820000,0.790000,5193.00
"Kepler-399 b",,0.96000000,14.42528100000,,,0.680000,5502.00
"Kepler-1382 b",,1.88000000,16.35830550000,,1.360000,1.720000,6161.00
"Kepler-405 b",,2.08000000,10.61383900000,,,0.893000,5818.00
"Kepler-1939 b",,1.16480773,2.79065990400,,0.648000,0.603000,4353.00
"Kepler-1555 b",,1.61000000,8.10501635000,,1.040000,1.060000,5866.00
"Kepler-580 b",,2.57000000,8.22241965600,,0.670000,0.640000,4298.00
"Kepler-2001 b",,1.04000000,1.09001100300,1402.00,0.864000,0.770000,5081.00
"Kepler-171 b",,2.34000000,4.16697200000,,,0.839000,5642.00
"Kepler-792 b",,1.96000000,11.30119217000,,1.090000,1.120000,5971.00
"WASP-188 b",458.62639130,14.81827249,5.74891600000,1666.00,1.500000,1.830000,6850.00
"Kepler-1488 b",,1.86000000,39.81899320000,,1.050000,1.310000,5820.00
"Kepler-295 c",,1.17000000,21.52625800000,,,0.898000,5603.00
"K2-137 b",,0.64000000,0.17971900000,,,0.290000,3697.00
"Kepler-300 c",,2.25000000,40.71495500000,,,0.900000,5986.00
"Kepler-232 c",,3.83000000,11.37934900000,,,0.968000,5847.00
"Kepler-190 c",,1.46000000,3.76302400000,,,0.795000,5106.00
"Kepler-251 b",,1.33000000,4.79093600000,,,0.890000,5526.00
"Kepler-199 c",,3.25000000,67.09340800000,,,0.967000,5644.00
"Kepler-969 b",,2.07000000,34.17317140000,,0.920000,0.820000,5214.00
"Kepler-1671 b",,1.32557381,4.16787000000,,0.866000,0.929771,5135.55
"HAT-P-41 b",378.21770000,22.97845000,2.69405000000,,2.560000,2.050000,6390.00
"WASP-116 b",203.41018048,13.67495645,6.61320000000,1414.00,1.250000,1.426000,6250.00
"Kepler-1990 b",,3.27000000,1.73513619000,1554.00,1.028000,1.071000,5751.00
"K2-228 b",,1.21000000,2.69828000000,914.00,0.710000,0.650000,4715.00
"Kepler-1115 b",,1.70000000,23.55407250000,,1.600000,1.730000,8480.00
"K2-165 c",,1.55409035,4.38274500000,,0.834847,0.803827,5185.00
"Kepler-186 c",,1.25000000,7.26730200000,,0.478000,0.472000,3788.00
"Kepler-1992 b",,0.91000000,15.61122380000,637.00,0.874000,0.842000,5383.00
"EPIC 201497682 b",,0.69200000,2.13174000000,,0.780000,,
"WASP-85 A b",402.05495000,13.89916000,2.65567770000,1452.00,1.090000,0.935000,6112.00
"Kepler-107 d",7.70000000,0.86000000,7.95839000000,1173.00,1.238000,1.447000,5854.00
"Kepler-1067 c",,1.74682428,5.42583990100,,0.981000,0.934000,5594.00
"KOI-7913 b",,2.34000000,24.27855300000,,0.760000,0.788000,4324.00
"KELT-24 b",1458.83238813,12.71098411,5.55149296000,1391.00,1.268000,1.338000,6426.00
"Kepler-235 e",,2.22000000,46.18366900000,,,0.554000,4255.00
"TIC 198190129 b",,2.92284949,7.94804910667,,,0.640675,4377.53
"Kepler-85 d",,1.20000000,17.91323000000,,,0.893000,5436.00
"Kepler-197 e",,0.91000000,25.20971500000,,,1.120000,6004.00
"K2-289 b",,9.10000000,13.15696900000,753.00,0.953000,1.025000,5529.00
"GPX-1 b",6261.21961790,16.47720163,1.74457900000,2300.00,1.680000,1.560000,7000.00
"TOI-815 b",7.60000000,2.94000000,11.19725900000,686.00,0.776000,0.770000,4869.00
"TOI-7510 b",18.10000000,7.31000000,11.53086900000,878.00,1.063000,1.035000,5720.00
"Kepler-1286 b",,2.15000000,11.25402929000,,1.000000,0.980000,5753.00
"Kepler-582 b",,3.68000000,18.49235668000,,0.930000,0.910000,5564.00
"HATS-68 b",410.00070000,13.80948800,3.58622020000,1741.00,1.351000,1.748000,6147.00
"Kepler-1097 b",,3.26000000,187.74702900000,,0.820000,0.790000,5211.00
"Kepler-879 b",,2.57000000,33.38559380000,,1.020000,1.020000,5792.00
"Kepler-1684 b",,2.87084792,47.70550000000,,0.750000,0.666755,4706.54
"WASP-114 b",562.24127000,15.00885100,1.54877430000,2043.00,1.289000,1.430000,5940.00
"Kepler-942 b",,2.13000000,44.96417488000,,0.810000,0.750000,4861.00
"Kepler-642 b",,2.90000000,4.41745855000,,1.400000,1.660000,6570.00
"K2-180 b",11.41003981,2.46597575,8.86566300000,797.50,0.735000,0.719000,5365.00
"K2-275 b",,2.34000000,3.28096260000,1166.00,0.770000,0.690000,4841.00
"Kepler-707 b",,1.33000000,2.23749275100,,0.800000,0.760000,5099.00
"Kepler-153 c",,2.53000000,46.90232000000,,,0.892000,5404.00
"K2-371 b",,13.02400000,3.11490500000,,0.958000,0.736000,4925.00
"TOI-1742 b",9.70000000,2.36507598,21.26908400000,694.09,1.086100,1.131000,5815.00
"K2-26 b",,2.67000000,14.56650000000,430.00,0.560000,0.520000,3785.00
"K2-246 b",,3.49000000,5.76918000000,977.00,0.870000,0.940000,5610.00
"Kepler-998 b",,2.32000000,5.65377733000,,1.120000,1.180000,6058.00
"Kepler-1170 b",,2.41000000,9.98969327000,,0.800000,0.760000,5069.00
"Kepler-132 d",,1.55000000,18.01019900000,,,1.178000,6003.00
"Kepler-1414 b",,1.23000000,3.51576315000,,0.800000,0.750000,4951.00
"TOI-201 c",4990.00000000,10.40000000,2890.00000000000,,1.320000,1.310000,6423.00
"Kepler-730 b",,12.32990000,6.49168280800,1219.00,1.047000,1.411000,5620.00
"Kepler-1609 b",,2.22000000,114.34219000000,,1.180000,1.270000,6132.00
"Kepler-1843 b",,2.70909809,25.54339981000,,1.020000,1.782000,5422.00
"Kepler-477 b",,2.07000000,11.11990653000,,0.870000,0.790000,5240.00
"K2-351 b",,2.54000000,7.80616400000,934.00,1.020000,1.050000,5769.00
"Kepler-104 c",,3.13000000,23.66820500000,,,1.349000,5711.00
"TOI-2107 b",263.79757781,13.57407563,2.45454670000,1397.00,0.961000,0.932000,5627.00
"TIC 117642575 b",,2.82716337,4.94459060181,,,1.081020,5719.98
"Kepler-743 b",,1.21000000,3.17926292100,,0.940000,0.850000,5486.00
"Kepler-1655 b",5.40000000,2.21300000,11.87287870000,938.00,1.030000,1.030000,6148.00
"Kepler-1324 b",,1.51000000,4.11584467900,,0.780000,0.730000,4776.00
"K2-243 b",,2.17000000,11.54182000000,1035.00,1.290000,1.390000,6570.00
"Kepler-1016 c",,3.68000000,105.65513690000,,0.990000,1.000000,5821.00
"Kepler-1775 b",,3.64762153,85.65399933000,,1.149000,1.647000,5818.00
"Kepler-1351 b",,0.65000000,0.91614076800,,0.700000,0.670000,4439.00
"Kepler-321 c",,2.32000000,13.09392100000,,,1.194000,5740.00
"OGLE-TR-211 b",327.35100000,15.24400000,3.67724000000,,1.330000,1.640000,6325.00
"Kepler-191 c",,1.86000000,17.73850600000,,,0.789000,5282.00
"K2-63 b",,3.22000000,20.25700000000,,1.400000,1.630000,6771.00
"WASP-90 b",200.23290000,18.27067000,3.91624300000,1840.00,1.550000,1.980000,6430.00
"KELT-21 b",1242.71530000,17.77747400,3.61276470000,2051.00,1.458000,1.638000,7598.00
"TOI-332 b",57.20000000,3.20000000,0.77703800000,1871.00,0.880000,0.870000,5251.00
"TOI-6303 b",2493.00000000,11.59000000,9.48523600000,541.00,0.644000,0.609000,3977.00
"Kepler-246 b",,2.34000000,4.60182000000,,,0.831000,5206.00
"Kepler-1442 b",,3.93000000,81.41629410000,,1.340000,1.440000,6394.00
"Kepler-1644 b",,1.88000000,21.09077580000,,0.890000,0.860000,5499.00
"Kepler-397 b",,2.46000000,22.25094900000,,,0.767000,5307.00
"Kepler-683 b",,1.97000000,2.53918317900,,0.960000,0.950000,5703.00
"K2-270 c",,2.95000000,4.40002800000,848.00,0.850000,0.770000,4877.00
"Kepler-238 f",13.50000000,2.00000000,50.44700000000,,1.060000,0.960000,
"K2-5 b",,1.91000000,5.73594000000,565.00,0.610000,0.570000,3930.00
"Kepler-347 b",,1.97000000,12.79836000000,,,1.005000,6088.00
"K2-413 c",,1.23270000,5.33010000000,,0.808000,0.700000,4116.00
"TOI-4527.01",,0.90866170,0.39944450000,1362.93,0.483901,0.485948,3702.00
"Kepler-1563 b",,0.75000000,3.43276598000,,1.000000,0.990000,5765.00
"Kepler-862 b",,2.21000000,3.14866453400,,0.880000,0.840000,5333.00
"Kepler-32 c",158.90000000,2.00000000,8.75220000000,,0.580000,0.530000,3900.00
"Kepler-653 b",,1.95000000,14.70748976000,,1.020000,1.190000,5665.00
"WASP-151 b",100.43377661,13.30506009,4.53347750000,1312.00,1.081000,1.181000,
"TOI-2120 b",6.80000000,2.12200000,5.79981640000,384.00,0.211000,0.245000,3131.00
"HD 93963 A b",2.80000000,1.46954368,1.03761090000,1842.23,1.084400,1.031100,5908.00
"K2-99 b",276.51071409,11.88151954,18.24783000000,1184.00,1.440000,2.550000,6069.00
"TOI-1135 b",58.79825529,9.91994792,8.02773270000,1171.00,1.119000,1.202000,6320.00
"Kepler-300 b",,1.67000000,10.44634700000,,,0.900000,5986.00
"Kepler-178 b",,2.90000000,9.57669400000,,,1.066000,5676.00
"Kepler-254 b",,3.87000000,5.82666200000,,,0.910000,5957.00
"K2-44 b",,2.43300000,5.65700000000,,1.150000,1.580000,5912.00
"K2-414 b",,1.21900000,4.36960000000,,0.814000,0.732000,4343.00
"Kepler-1138 b",,1.70000000,3.17060005000,,0.950000,0.920000,5582.00
"TIC 34085383 b",,3.91982296,3.47793368523,,,0.809951,4694.84
"Kepler-397 c",,6.18000000,135.49852700000,,,0.767000,5307.00
"K2-150 b",,2.00000000,10.59357000000,,0.457000,0.436000,3499.00
"Kepler-206 b",,1.20000000,7.78198700000,,,1.185000,5764.00
"K2-108 b",,5.33000000,4.73399900000,1360.00,1.170000,1.760000,5599.00
"Kepler-437 b",,2.14000000,66.65062000000,,0.707000,0.680000,4551.00
"HD 23472 e",0.72000000,0.81800000,7.90754000000,723.00,0.670000,0.710000,4684.00
"HD 18599 b",24.10000000,2.60000000,4.13743540000,,0.863000,0.767000,5145.00
"K2-159 b",,2.26000000,12.42205000000,684.00,0.900000,0.830000,5425.00
"Kepler-603 b",,2.65000000,21.05358596000,,1.010000,1.010000,5808.00
"kap And b",5498.43144110,15.91675259,,1791.00,2.768000,2.109000,11327.00
"WASP-22 b",212.94610000,13.78707000,3.53269000000,,1.460000,1.240000,6000.00
"WASP-31 b",151.91600000,17.36300000,3.40590960000,,1.163000,1.252000,6302.00
"Kepler-189 c",,2.38000000,20.13486600000,,,0.750000,5235.00
"Kepler-1776 b",,2.61157023,35.01190186000,,1.041000,1.153000,5872.00
"WASP-186 b",1341.24260000,12.44199000,5.02679900000,,1.220000,1.470000,6361.00
"TOI-5159 b",,1.54732112,5.83639428843,,,0.854084,5156.16
"Kepler-916 b",,1.76000000,32.29687980000,,0.850000,0.810000,5248.00
"Kepler-1361 b",,0.86000000,3.57554956000,,0.830000,0.790000,5131.00
"HATS-43 b",82.95363000,13.22662000,4.38884970000,1003.00,0.837000,0.812000,5099.00
"TOI-2420 b",294.62693329,15.02003414,5.84264100000,1571.60,1.158000,2.369000,
"K2-36 b",4.30000000,1.43000000,1.42261400000,1328.00,0.790000,0.718000,4916.00
"Kepler-274 c",,1.84000000,33.19786100000,,,1.007000,6023.00
"Kepler-778 b",,1.68000000,3.75574426000,,0.810000,0.770000,5102.00
"TOI-4184 b",,2.43000000,4.90198040000,412.00,0.210900,0.234700,3238.00
"Kepler-279 d",37.50000000,3.10000000,54.41400000000,,1.100000,1.070000,
"Kepler-733 b",,2.82000000,20.83424726000,,0.900000,0.860000,5418.00
"WASP-165 b",209.13214000,14.12334000,3.46550900000,1624.00,1.248000,1.750000,5599.00
"Kepler-85 c",2.15000000,1.97800000,12.51000000000,,0.928000,0.875000,5505.20
"Kepler-20 b",9.70000000,1.77300000,3.69610490000,1187.00,0.929000,0.916400,5495.00
"TOI-5515 b",,2.65362762,8.59225810839,,,0.835682,5483.65
"K2-318 b",,1.66000000,7.01000000000,456.00,0.561000,0.552000,3851.00
"Kepler-1308 b",,0.52000000,2.10433811900,,0.350000,0.340000,3468.00
"CoRoT-29 b",270.15550000,10.08810000,2.85057000000,,0.970000,0.900000,5260.00
"Kepler-1543 b",,2.71000000,6.96710269000,,1.390000,1.650000,6561.00
"Kepler-972 b",,4.65000000,7.03932553000,,1.150000,1.220000,6146.00
"Kepler-1245 c",,1.44000000,2.93658468100,,0.860000,0.830000,5306.00
"Kepler-1689 b",,0.94678642,8.48300000000,,1.023000,0.996208,5731.43
"Kepler-1624 b",,6.59000000,3.29031400000,,0.541000,0.552000,3768.00
"Kepler-1890 b",,0.86867375,4.82059001900,,1.024000,1.396000,6046.00
"WASP-10 b",1001.12000000,12.10600000,3.09276160000,1370.00,0.750000,0.698000,4675.00
"Kepler-1681 b",,2.55321772,69.89560000000,,,,5756.40
"TOI-2714 b",228.00000000,13.72000000,2.49938700000,1603.00,1.070000,1.250000,5665.00
"Kepler-1095 b",,1.21000000,4.27103091000,,0.940000,0.920000,5658.00
"TOI-2141 b",20.10000000,3.14700000,18.26160800000,728.00,0.896000,0.950000,5635.00
"Kepler-991 b",,2.54000000,82.53425190000,,0.640000,0.610000,4392.00
"K2-268 f",,2.23000000,26.27057000000,492.00,0.840000,0.780000,5106.00
"Kepler-386 c",,1.58000000,25.19345800000,,,0.767000,5178.00
"Kepler-278 b",56.00000000,3.95500000,30.15560000000,586.00,1.227000,2.861000,4965.00
"Kepler-1586 b",,1.52000000,15.60492120000,,1.450000,1.750000,6681.00
"Kepler-1527 b",,4.77000000,160.12991800000,,1.210000,1.320000,6224.00
"EPIC 206317286 c",,2.09400000,17.51547200000,,0.832000,0.758000,4752.00
"HD 21520 b",17.70000000,2.69700000,25.12920000000,637.00,1.090000,1.044000,5871.00
"K2-266 c",0.29013072,0.70500000,7.81400000000,664.50,0.686000,0.703000,4285.00
"Kepler-1968 b",,1.50004034,7.28109979600,,0.844000,0.788000,5008.00
"Kepler-1246 b",,1.36000000,11.32271513000,,0.730000,0.690000,4611.00
"Kepler-288 c",,2.85000000,19.30577200000,,,1.091000,5918.00
"Kepler-1244 b",,1.35000000,3.70428172000,,1.460000,1.770000,6680.00
"Kepler-1339 b",,0.71000000,1.34155512700,,0.940000,0.930000,5586.00
"Kepler-1224 b",,1.33000000,13.32351601000,,1.180000,1.220000,6155.00
"Kepler-306 d",,2.47000000,17.32664400000,,,0.719000,4954.00
"K2-268 b",,1.50000000,2.15167600000,1136.00,0.840000,0.780000,5106.00
"Kepler-888 b",,1.76000000,70.69790610000,,0.970000,0.900000,5875.00
"HD 191939 d",2.80000000,2.99500000,38.35303700000,540.00,0.810000,0.940000,5348.00
"HATS-4 b",420.47100000,11.43300000,2.51672900000,1315.00,1.001000,0.925000,5403.00
"Kepler-1073 d",,1.48770949,2.50476002700,,0.924000,1.116000,5509.00
"K2-79 b",5.90000000,4.15000000,10.99503900000,1033.00,1.060000,1.269000,5897.00
"TOI-244 b",2.68000000,1.52000000,7.39722500000,458.00,0.428000,0.426000,3433.00
"Kepler-1356 b",,1.53000000,0.63400293700,,0.820000,0.780000,5106.00
"Kepler-933 b",,2.46000000,14.20443009000,,0.870000,0.840000,5346.00
"Kepler-342 e",,0.88000000,1.64422461300,,1.260000,1.340000,6366.00
"WASP-73 b",908.99380000,15.91678000,4.08722000000,,2.520000,2.550000,6030.00
"Kepler-1458 b",,2.76000000,47.98727640000,,0.960000,0.940000,5653.00
"Kepler-615 b",,1.74000000,10.35584657000,,0.730000,0.690000,4655.00
"EPIC 201757695.02",,0.90819000,2.04780000000,,0.727000,0.655000,4520.00
"Kepler-1336 b",,1.98000000,23.19868100000,,0.940000,1.300000,5512.00
"Kepler-33 f",,4.46000000,41.02902000000,,1.291000,1.820000,5904.00
"TOI-4640 b",,2.84326517,2.68566015238,,,1.067150,5743.01
"Kepler-1719 b",,3.95000623,6.14955997500,,1.080000,1.775000,5687.00
"Kepler-742 b",,3.24000000,8.36086823800,,0.760000,0.710000,4642.00
"Kepler-1087 b",,0.61000000,0.69384285500,,0.960000,0.940000,5589.00
"Kepler-132 c",,1.28000000,6.41491400000,,,1.178000,6003.00
"WASP-74 b",228.83760000,15.24424000,2.13775000000,,0.980000,1.420000,5990.00
"K2-70 b",,2.89000000,13.97896000000,,0.940000,0.930000,5622.00
"Kepler-55 f",,1.59000000,10.19854500000,,,0.619000,4503.00
"TOI-1743 b",,1.83000000,4.26604600000,485.00,0.339000,0.338000,3277.00
"Kepler-493 b",,15.13000000,3.00387658100,,1.360000,1.540000,6457.00
"KOI-1833 d",11.02000000,2.58000000,7.68500000000,613.00,0.681000,0.667000,4413.00
"EPIC 212587672 b",,1.26000000,15.28078000000,756.00,0.990000,0.980000,6004.00
"Kepler-589 b",,2.27000000,16.54964934000,,0.880000,0.830000,5296.00
"TOI-5388.01",2.20000000,0.99000000,2.59467480000,488.00,0.292000,0.300000,3440.00
"TOI-5007 b",211.03806225,11.07447293,2.54337100000,774.00,0.632000,0.656000,3793.00
"CoRoT-27 b",3302.11000000,11.28700000,3.57532000000,1500.00,1.050000,1.080000,5900.00
"Kepler-1079 b",,1.63000000,13.24503188000,,1.080000,1.360000,5758.00
"Kepler-1381 b",,2.25000000,25.38426860000,,0.960000,0.940000,5747.00
"Kepler-1338 b",,0.92000000,0.93511805700,,1.040000,1.050000,5909.00
"Kepler-930 b",,2.13000000,71.45177750000,,1.250000,1.400000,6335.00
"TOI-2669 b",193.87532827,19.72780603,6.20340000000,,1.190000,4.100000,4800.00
"Kepler-702 b",,9.17000000,10.52629406300,,0.900000,0.860000,5419.00
"Kepler-539 b",308.29510000,8.37312300,125.63243000000,387.60,1.048000,0.952000,5820.00
"Kepler-781 b",,2.89000000,13.21407320000,,0.810000,0.780000,5162.00
"KELT-6 b",165.27160000,14.57170000,7.84570000000,,1.420000,1.730000,6102.00
"K2-32 e",2.10000000,1.21200000,4.34934000000,1066.00,0.830000,0.860000,5271.00
"Kepler-728 b",,3.34000000,5.74347726500,,0.950000,0.930000,5660.00
"Kepler-188 b",,1.68000000,2.06189700000,,,1.141000,6021.00
"Kepler-203 b",,2.57000000,3.16269700000,,,1.114000,5821.00
"Kepler-84 f",,2.20000000,44.55216900000,,,1.169000,6031.00
"TOI-1803 c",8.00000000,4.29000000,12.88577900000,588.00,0.756000,0.715000,4687.00
"Kepler-1661 b",17.00000000,3.87000000,175.06000000000,243.00,0.841000,0.762000,5100.00
"Kepler-149 b",,4.21000000,29.19894300000,,,0.953000,5381.00
"Kepler-1696 b",,2.80982017,65.94090000000,,1.020000,1.198110,5712.00
"Kepler-36 b",3.83000000,1.49800000,13.86825000000,,1.034000,1.634000,5979.00
"Kepler-432 b",1719.46030000,12.83430500,52.50112900000,,1.320000,4.060000,4995.00
"Kepler-1450 b",,1.71000000,54.50941660000,,0.710000,0.680000,4524.00
"K2-183 d",,2.30000000,22.62034400000,,,0.870000,5482.00
"Kepler-80 b",6.93000000,2.67000000,7.05246000000,,0.730000,0.678000,4540.00
"Kepler-42 c",,0.73000000,0.45328509000,720.00,0.130000,0.170000,3068.00
"Kepler-1987 c",,1.33000000,3.64830183000,860.00,0.799000,0.714000,4769.00
"Kepler-132 e",,1.18000000,110.28693740000,,1.030000,1.100000,6023.00
"Kepler-191 b",,1.34000000,9.93963200000,,,0.789000,5282.00
"TOI-3457 b",797.74930157,10.64000000,32.60026800000,824.20,1.040000,1.474000,6300.00
"Kepler-500 b",,2.58000000,8.50832439800,,1.020000,1.030000,5813.00
"Kepler-1817 b",,2.27349126,44.29919815000,,0.878000,0.915000,5316.00
"Kepler-240 b",,1.37000000,4.14449500000,,,0.739000,4985.00
"TOI-6393 b",,2.75958542,9.53176110329,,,0.766023,5008.20
"Kepler-289 c",157.18000000,11.23000000,125.87230000000,,1.080000,1.000000,5990.00
"Kepler-141 c",,1.41000000,7.01060600000,,,0.787000,4910.00
"K2-207 b",,2.60585269,12.48749000000,,0.941851,0.928158,5522.00
"TOI-1814 b",,5.18536642,6.36861010462,,,2.389500,4872.84
"K2-195 c",,2.57581891,28.48278600000,,0.963364,0.906367,5712.00
"Kepler-172 d",,2.25000000,14.62711900000,,,1.085000,5526.00
"Kepler-229 d",,3.85000000,41.19491200000,,,0.728000,5120.00
"K2-239 d",,1.10000000,10.11500000000,399.00,0.400000,0.360000,3420.00
"Kepler-1408 b",,0.89000000,2.99793191000,,1.210000,1.350000,6170.00
"K2-173 b",,1.60826194,5.86869900000,,0.881538,0.843154,5580.00
"K2-58 d",,1.71000000,22.88270000000,,0.890000,0.860000,5413.00
"Kepler-1236 b",,2.14000000,31.05716180000,,0.860000,0.820000,5337.00
"K2-268 c",,2.69000000,9.32752700000,696.00,0.840000,0.780000,5106.00
"Kepler-1904 b",,1.39049940,4.57702016800,,0.526000,0.497000,3805.00
"HD 118203 b",680.15279098,12.77823800,6.13497790000,1361.00,1.270000,2.040000,5742.00
"Kepler-487 c",,2.68000000,38.65199760000,,0.910000,0.880000,5444.00
"Kepler-1605 b",,1.08000000,85.75654950000,,0.860000,0.820000,5280.00
"Kepler-1130 b",,0.80000000,5.45298175000,,0.900000,0.810000,5403.00
"Kepler-1484 b",,2.11000000,30.45491360000,,0.940000,0.920000,5730.00
"TOI-5634 A b",588.00000000,10.42000000,2.20353730000,837.00,0.556000,0.540000,3896.00
"K2-193 b",,3.95000000,14.78688900000,739.00,1.010000,0.980000,5817.00
"Kepler-84 c",,2.36000000,12.88300000000,,1.000000,1.430000,
"Kepler-362 c",,1.45000000,37.86628100000,,,0.722000,5788.00
"2MASS J02192210-3925225 b",4417.83700000,16.14096000,,,0.108000,0.281000,3064.00
"V2376 Ori b",6356.56814000,87.20586985,,2100.00,0.450000,,
"K2-156 b",,1.10000000,0.81314300000,,,0.620000,4460.00
"WASP-16 b",394.10920000,13.67498000,3.11860000000,,1.780000,1.140000,5700.00
"WASP-29 b",73.10090000,8.63093000,3.92273000000,,0.770000,0.790000,4800.00
"WASP-113 b",150.96925000,15.79348100,4.54216874538,1496.00,1.318000,1.608000,5890.00
"GJ 143 b",22.70000000,2.61000000,35.61253000000,422.00,0.730000,0.695000,4640.00
"HD 108236 b",,1.61500000,3.79596300000,,0.869000,0.877000,5660.00
"Kepler-808 b",,1.46000000,0.63133235300,,0.760000,0.710000,4653.00
"TOI-3331 A b",721.47048389,12.97999965,2.01802310000,1488.00,1.016000,0.952000,5609.00
"NGTS-24 b",165.27077164,13.60770257,3.46787960000,1499.00,1.260000,1.640000,5820.00
"Kepler-249 d",,1.57000000,15.36845900000,,,0.482000,3568.00
"TOI-1294 b",63.90000000,10.12369881,3.91529200000,1392.74,1.157800,1.556600,5718.00
"Kepler-938 b",,2.22000000,52.62984170000,,0.920000,0.890000,5533.00
"TOI-4513 b",,2.34587608,9.76042253684,,,0.796628,5623.93
"Kepler-1139 b",,1.19000000,0.81316671900,,0.940000,0.910000,5550.00
"Kepler-102 b",1.10000000,0.46000000,5.28696500000,857.00,0.803000,0.724000,4909.00
"Kepler-1073 c",,1.64000000,4.02582254000,,1.000000,1.000000,5792.00
"Kepler-1403 b",,2.14000000,5.19492202000,,1.110000,1.150000,6060.00
"Kepler-343 b",,2.41000000,8.96855000000,,,1.433000,5807.00
"Kepler-210 b",,2.94000000,2.45323400000,,,0.650000,4559.00
"Kepler-55 c",,2.21000000,42.15164180000,,0.620000,0.580000,4362.00
"Kepler-1647 b",483.00000000,11.87390000,1107.59230000000,,1.220700,1.790300,6210.00
"Kepler-241 b",,2.33000000,12.71809200000,,,0.668000,4699.00
"Kepler-958 b",,2.06000000,9.76788050000,,0.910000,0.860000,5421.00
"Kepler-1367 b",,0.92000000,1.57409027200,,0.620000,0.600000,4106.00
"Kepler-325 c",,2.54000000,12.76217200000,,,1.003000,5752.00
"Kepler-1395 b",,0.80000000,3.78470649000,,1.170000,1.230000,6138.00
"Kepler-1398 b",,0.90000000,2.78815679000,,1.130000,1.180000,6126.00
"HAT-P-36 b",587.41340600,14.31389300,1.32734683000,1780.97,1.030000,1.041000,5620.00
"Kepler-624 b",,2.31000000,14.58649607000,,1.100000,1.180000,6117.00
"Kepler-695 b",,9.21000000,3.04033042400,,0.840000,0.800000,5181.00
"K2-16 b",,2.02000000,7.61880000000,658.00,0.680000,0.660000,4742.00
"Kepler-1965 b",,1.35415138,41.86869812000,,0.928000,0.837000,5852.00
"Kepler-1636 b",,3.23000000,425.47785000000,,1.010000,1.020000,5797.00
"Kepler-547 b",,4.00000000,6.01038428900,,0.780000,0.730000,4828.00
"Kepler-1031 b",,0.87000000,1.22621732000,,1.090000,1.120000,6011.00
"EPIC 212587672 c",,2.32000000,23.22855500000,658.00,0.990000,0.980000,6004.00
"Kepler-1168 b",,2.50000000,55.82265390000,,0.870000,0.820000,5157.00
"Kepler-394 c",,1.66000000,12.13068600000,,,1.132000,6402.00
"K2-85 b",3.20000000,1.40000000,0.68453862616,1355.00,0.700000,0.710000,4232.00
"Kepler-1068 b",,3.63000000,16.92344113000,,1.010000,1.010000,5806.00
"TOI-2184 b",206.58846455,11.39953337,6.90683000000,,1.530000,2.900000,5966.00
"Kepler-762 b",,12.68000000,3.77055209800,,1.060000,1.080000,5944.00
"K2-215 b",,2.12381238,8.26964800000,,0.999987,0.974398,5704.00
"Kepler-27 b",2895.31000000,4.00000000,15.33480000000,,0.650000,0.590000,5400.00
"TOI-615 b",138.25535705,18.97680433,4.66159830000,1666.00,1.449000,1.732000,6850.00
"K2-278 b",,2.98000000,3.33496600000,1711.00,1.400000,1.610000,6747.00
"Kepler-142 c",,2.86000000,4.76170200000,,,1.269000,5790.00
"Kepler-955 b",,3.13000000,14.53244172000,,0.890000,0.840000,5350.00
"Kepler-986 b",,2.36000000,56.43499380000,,0.960000,0.980000,5642.00
"TOI-1776 b",1.40000000,1.21612741,2.79986800000,1269.21,0.919600,0.935600,5785.00
"TOI-1472 b",18.05000000,4.05800000,6.36338574000,891.00,0.870000,0.840000,5100.00
"Kepler-823 b",,1.57000000,4.16809082000,,0.980000,0.960000,5643.00
"TOI-5210 b",81.99972901,10.72699453,4.56610610000,1286.00,1.105000,1.209000,5723.00
"Kepler-1575 b",,1.31000000,2.55314213000,,0.950000,0.920000,5667.00
"HAT-P-40 b",152.55840000,17.03768000,4.45724000000,,1.030000,1.940000,6080.00
"Kepler-1620 b",,1.61000000,101.95182900000,,1.150000,1.230000,6157.00
"TOI-1052 b",16.90000000,2.87000000,9.13970300000,1135.00,1.204000,1.264000,6146.00
"KOI-2513.01",7310.05336100,2.80224517,19.00547000000,,0.910000,1.200000,5900.00
"TOI-5005 b",32.70000000,6.25000000,6.30850440000,1040.00,0.970000,0.930000,5749.00
"Kepler-1602 b",,1.34000000,11.17931605000,,1.220000,1.360000,6296.00
"WASP-158 b",886.74570000,11.99363000,3.65633300000,1590.00,1.380000,1.390000,6350.00
"Kepler-1422 b",,2.02000000,18.60519420000,,1.150000,1.230000,6194.00
"EPIC 212624936 b",,1.20000000,0.57865700000,,,0.930000,5765.00
"Kepler-1189 b",,1.77000000,3.78858982000,,1.110000,1.160000,6012.00
"TOI-2382 b",235.19302118,12.25141591,4.66120610000,1426.00,1.260000,1.417000,6033.00
"Kepler-1222 b",,0.79000000,1.91694425400,,0.840000,0.800000,5239.00
"TOI-2447 b",124.90656395,9.60609646,69.33684000000,414.00,1.034000,1.006000,5730.00
"Kepler-1852 b",,1.88610592,7.97094011300,,0.927000,0.826000,5237.00
"Kepler-799 b",,6.88000000,133.46052350000,,0.950000,0.930000,5681.00
"Kepler-94 b",10.84000000,3.51000000,2.50806000000,,0.810000,0.760000,4781.00
"TOI-2274 b",,2.45000000,2.67963000000,771.46,0.612000,0.631000,3943.00
"Kepler-1496 b",,2.22000000,64.65880170000,,1.180000,1.270000,6182.00
"Kepler-299 d",,1.86000000,15.05478600000,,,1.032000,5617.00
"Kepler-359 d",,4.01000000,77.09569100000,,,1.086000,6248.00
"Kepler-83 c",,2.36000000,20.09000000000,,0.660000,0.610000,
"Kepler-1950 b",,1.52696349,10.77690029000,,0.759000,0.852000,5455.00
"WASP-75 b",340.06000000,14.23500000,2.48419300000,1710.00,1.140000,1.260000,6100.00
"Kepler-653 c",,0.78000000,0.90037647600,,1.020000,1.190000,5665.00
"Kepler-1807 b",,2.70393215,10.86060047000,,1.087000,1.496000,6455.00
"Kepler-320 b",,1.14000000,8.37155400000,,,1.108000,6435.00
"TOI-941 b",,6.51165317,8.51460888787,,,1.184900,5745.88
"Kepler-249 c",,1.51000000,7.11370200000,,,0.482000,3568.00
"Kepler-181 c",,1.99000000,4.30214900000,,,0.749000,5333.00
"TOI-1732 b",,2.49549787,4.11923678339,,,0.632571,4201.93
"KELT-12 b",301.93850000,19.95202000,5.03162300000,1800.00,1.591000,2.370000,6279.00
"TOI-4087 b",232.01473711,13.04725353,3.17748350000,1458.00,1.178000,1.112000,6060.00
"Kepler-298 c",,1.93000000,22.92881000000,,,0.582000,4465.00
"CoRoT-12 b",291.43800000,16.14000000,2.82804200000,1442.00,1.078000,1.116000,5675.00
"TOI-1799 b",,1.64200000,7.09457086500,,1.010000,0.957000,5690.00
"Kepler-412 b",299.07803000,15.03126900,1.72086040000,1850.00,1.167000,1.287000,5750.00
"Kepler-1315 b",,1.38000000,0.84338011000,,0.800000,0.750000,4861.00
"Kepler-257 d",,4.95000000,24.66455100000,,,1.037000,5180.00
"LHS 1903 c",4.55000000,2.04600000,6.22618500000,559.00,0.538000,0.539000,3664.00
"Kepler-444 f",,0.74100000,9.74048600000,,0.758000,0.752000,5046.00
"Kepler-1548 b",,2.64000000,124.82867900000,,0.990000,0.970000,5706.00
"TOI-2084 b",,2.47000000,6.07842470000,527.00,0.453000,0.475000,3551.00
"K2-355 b",,2.25000000,5.73856470000,1066.00,0.960000,0.920000,5790.00
"Kepler-1552 b",,2.47000000,184.77185300000,,0.850000,0.780000,5202.00
"XO-7 b",225.34147000,15.38995700,2.86414240000,1743.00,1.405000,1.480000,6250.00
"K2-252 b",,1.74000000,13.81513000000,639.00,0.790000,0.820000,5152.00
"Kepler-267 d",,2.27000000,28.46451500000,,,0.555000,4258.00
"Kepler-784 b",,1.58000000,31.59226460000,,1.000000,1.320000,5674.00
"Kepler-1311 c",,1.22000000,2.53573424000,,1.050000,1.400000,5748.00
"Kepler-1265 b",,1.35000000,6.49441289000,,0.710000,0.690000,4630.00
"Kepler-98 b",3.55000000,1.99000000,1.54168000000,,0.990000,1.110000,5539.00
"Kepler-520 b",,1.66000000,19.67416124000,,1.100000,1.090000,6112.00
"K2-240 c",,1.80000000,20.52300000000,389.00,0.580000,0.540000,3810.00
"Kepler-322 c",,1.67000000,4.33723400000,,,0.890000,5388.00
